City Name,Delivery Type,Station Size,Leakage Level,Market Penetration Rate,Distribution Leakage,Transmission Leakage,Station Leakage Rates,Distribution Cost,Transmission Cost,Station Cost,H2 Deivery (Market Rate),Total Costs,Transmission Length
"New Haven, CT",Gas,1000 kg/day,Medium,0.01,0.0018,0.0106,0.0041,-,3.4137,1.8234,"1,997.58",5.2372,250
"New Haven, CT",Gas,1000 kg/day,Medium,0.02,0.0018,0.0106,0.0041,-,3.3399,1.5306,"3,995.16",4.8705,250
"New Haven, CT",Gas,1000 kg/day,Medium,0.03,0.0018,0.0106,0.0041,-,3.1319,1.6282,"5,992.74",4.7601,250
"New Haven, CT",Gas,1000 kg/day,Medium,0.04,0.0018,0.0106,0.0041,-,3.1571,1.5306,"7,990.32",4.6877,250
"New Haven, CT",Gas,1000 kg/day,Medium,0.05,0.0018,0.0106,0.0041,-,3.154,1.5892,"9,987.90",4.7432,250
"New Haven, CT",Gas,1000 kg/day,Medium,0.06,0.0018,0.0106,0.0041,-,3.0911,1.5306,"11,985.48",4.6216,250
"New Haven, CT",Gas,1000 kg/day,Medium,0.07,0.0018,0.0106,0.0041,-,3.0951,1.5724,"13,983.06",4.6675,250
"New Haven, CT",Gas,1000 kg/day,Medium,0.08,0.0018,0.0106,0.0041,-,3.1117,1.5306,"15,980.64",4.6423,250
"New Haven, CT",Gas,1000 kg/day,Medium,0.09,0.0018,0.0106,0.0041,-,3.0626,1.5631,"17,978.22",4.6257,250
"New Haven, CT",Gas,1000 kg/day,Medium,0.10,0.0018,0.0106,0.0041,-,3.0786,1.5306,"19,975.80",4.6092,250
"New Haven, CT",Gas,1000 kg/day,Medium,0.11,0.0018,0.0106,0.0041,-,3.0816,1.5572,"21,973.38",4.6388,250
"New Haven, CT",Gas,1000 kg/day,Medium,0.12,0.0018,0.0106,0.0041,-,3.0549,1.5306,"23,970.96",4.5854,250
"New Haven, CT",Gas,1000 kg/day,Medium,0.13,0.0018,0.0106,0.0041,-,3.06,1.5531,"25,968.54",4.6131,250
"New Haven, CT",Gas,1000 kg/day,Medium,0.14,0.0018,0.0106,0.0041,-,3.0703,1.5306,"27,966.12",4.6009,250
"New Haven, CT",Gas,1000 kg/day,Medium,0.15,0.0018,0.0106,0.0041,-,3.0439,1.5501,"29,963.70",4.594,250
"New Haven, CT",Gas,1000 kg/day,Medium,0.16,0.0018,0.0106,0.0041,-,3.0538,1.5306,"31,961.28",4.5844,250
"New Haven, CT",Gas,1000 kg/day,Medium,0.17,0.0018,0.0106,0.0041,-,3.0568,1.5478,"33,958.86",4.6046,250
"New Haven, CT",Gas,1000 kg/day,Medium,0.18,0.0018,0.0106,0.0041,-,3.0408,1.5306,"35,956.44",4.5714,250
"New Haven, CT",Gas,1000 kg/day,Medium,0.19,0.0018,0.0106,0.0041,-,3.0441,1.546,"37,954.02",4.5901,250
"New Haven, CT",Gas,1000 kg/day,Medium,0.20,0.0018,0.0106,0.0041,-,3.0525,1.5306,"39,951.60",4.5831,250
"New Haven, CT",Gas,1000 kg/day,Medium,0.21,0.0018,0.0106,0.0041,-,3.0336,1.5445,"41,949.18",4.5781,250
"New Haven, CT",Gas,1000 kg/day,Medium,0.22,0.0018,0.0106,0.0041,-,3.0417,1.5306,"43,946.76",4.5723,250
"New Haven, CT",Gas,1000 kg/day,Medium,0.23,0.0018,0.0106,0.0041,-,3.0443,1.5433,"45,944.34",4.5876,250
"New Haven, CT",Gas,1000 kg/day,Medium,0.24,0.0018,0.0106,0.0041,-,3.0321,1.5306,"47,941.92",4.5627,250
"New Haven, CT",Gas,1000 kg/day,Medium,0.25,0.0018,0.0106,0.0041,-,3.0353,1.5423,"49,939.50",4.5776,250
"New Haven, CT",Gas,1000 kg/day,Medium,0.26,0.0018,0.0106,0.0041,-,3.0415,1.5306,"51,937.08",4.5721,250
"New Haven, CT",Gas,1000 kg/day,Medium,0.27,0.0018,0.0106,0.0041,-,3.0277,1.5414,"53,934.66",4.5691,250
"New Haven, CT",Gas,1000 kg/day,Medium,0.28,0.0018,0.0106,0.0041,-,3.0337,1.5306,"55,932.24",4.5643,250
"New Haven, CT",Gas,1000 kg/day,Medium,0.29,0.0018,0.0106,0.0041,-,3.0359,1.5407,"57,929.82",4.5766,250
"New Haven, CT",Gas,1000 kg/day,Medium,0.30,0.0018,0.0106,0.0041,-,3.0268,1.5306,"59,927.40",4.5574,250
"New Haven, CT",Gas,1000 kg/day,Medium,0.31,0.0018,0.0106,0.0041,-,3.0291,1.54,"61,924.98",4.5691,250
"New Haven, CT",Gas,1000 kg/day,Medium,0.32,0.0018,0.0106,0.0041,-,3.0346,1.5306,"63,922.56",4.5652,250
"New Haven, CT",Gas,1000 kg/day,Medium,0.33,0.0018,0.0106,0.0041,-,3.026,1.5395,"65,920.14",4.5655,250
"New Haven, CT",Gas,1000 kg/day,Medium,0.34,0.0018,0.0106,0.0041,-,3.0281,1.5306,"67,917.72",4.5587,250
"New Haven, CT",Gas,1000 kg/day,Medium,0.35,0.0018,0.0106,0.0041,-,3.0332,1.5389,"69,915.30",4.5721,250
"New Haven, CT",Gas,1000 kg/day,Medium,0.36,0.0018,0.0106,0.0041,-,3.0226,1.5306,"71,912.88",4.5532,250
"New Haven, CT",Gas,1000 kg/day,Medium,0.37,0.0018,0.0106,0.0041,-,3.0275,1.5385,"73,910.46",4.566,250
"New Haven, CT",Gas,1000 kg/day,Medium,0.38,0.0018,0.0106,0.0041,-,3.0293,1.5306,"75,908.04",4.5599,250
"New Haven, CT",Gas,1000 kg/day,Medium,0.39,0.0018,0.0106,0.0041,-,3.0224,1.5381,"77,905.62",4.5605,250
"New Haven, CT",Gas,1000 kg/day,Medium,0.40,0.0018,0.0106,0.0041,-,3.0243,1.5306,"79,903.20",4.5549,250
"New Haven, CT",Gas,1000 kg/day,Medium,0.41,0.0018,0.0106,0.0041,-,3.0284,1.5377,"81,900.78",4.5661,250
"New Haven, CT",Gas,2000 kg/day,Medium,0.01,0.0018,0.0106,0.0041,-,3.4137,2.3492,"1,997.58",5.763,250
"New Haven, CT",Gas,2000 kg/day,Medium,0.02,0.0018,0.0106,0.0041,-,3.3399,1.7767,"3,995.16",5.1167,250
"New Haven, CT",Gas,2000 kg/day,Medium,0.03,0.0018,0.0106,0.0041,-,3.1319,1.5859,"5,992.74",4.7177,250
"New Haven, CT",Gas,2000 kg/day,Medium,0.04,0.0018,0.0106,0.0041,-,3.1571,1.4905,"7,990.32",4.6476,250
"New Haven, CT",Gas,2000 kg/day,Medium,0.05,0.0018,0.0106,0.0041,-,3.154,1.6622,"9,987.90",4.8162,250
"New Haven, CT",Gas,2000 kg/day,Medium,0.06,0.0018,0.0106,0.0041,-,3.0911,1.5859,"11,985.48",4.6769,250
"New Haven, CT",Gas,2000 kg/day,Medium,0.07,0.0018,0.0106,0.0041,-,3.0951,1.5314,"13,983.06",4.6265,250
"New Haven, CT",Gas,2000 kg/day,Medium,0.08,0.0018,0.0106,0.0041,-,3.1117,1.4905,"15,980.64",4.6022,250
"New Haven, CT",Gas,2000 kg/day,Medium,0.09,0.0018,0.0106,0.0041,-,3.0626,1.5859,"17,978.22",4.6484,250
"New Haven, CT",Gas,2000 kg/day,Medium,0.10,0.0018,0.0106,0.0041,-,3.0786,1.5477,"19,975.80",4.6263,250
"New Haven, CT",Gas,2000 kg/day,Medium,0.11,0.0018,0.0106,0.0041,-,3.0816,1.5165,"21,973.38",4.5981,250
"New Haven, CT",Gas,2000 kg/day,Medium,0.12,0.0018,0.0106,0.0041,-,3.0549,1.4905,"23,970.96",4.5453,250
"New Haven, CT",Gas,2000 kg/day,Medium,0.13,0.0018,0.0106,0.0041,-,3.06,1.5565,"25,968.54",4.6165,250
"New Haven, CT",Gas,2000 kg/day,Medium,0.14,0.0018,0.0106,0.0041,-,3.0703,1.5314,"27,966.12",4.6016,250
"New Haven, CT",Gas,2000 kg/day,Medium,0.15,0.0018,0.0106,0.0041,-,3.0439,1.5096,"29,963.70",4.5535,250
"New Haven, CT",Gas,2000 kg/day,Medium,0.16,0.0018,0.0106,0.0041,-,3.0538,1.4905,"31,961.28",4.5443,250
"New Haven, CT",Gas,2000 kg/day,Medium,0.17,0.0018,0.0106,0.0041,-,3.0568,1.541,"33,958.86",4.5978,250
"New Haven, CT",Gas,2000 kg/day,Medium,0.18,0.0018,0.0106,0.0041,-,3.0408,1.5223,"35,956.44",4.5631,250
"New Haven, CT",Gas,2000 kg/day,Medium,0.19,0.0018,0.0106,0.0041,-,3.0441,1.5055,"37,954.02",4.5496,250
"New Haven, CT",Gas,2000 kg/day,Medium,0.20,0.0018,0.0106,0.0041,-,3.0525,1.4905,"39,951.60",4.543,250
"New Haven, CT",Gas,2000 kg/day,Medium,0.21,0.0018,0.0106,0.0041,-,3.0336,1.5314,"41,949.18",4.565,250
"New Haven, CT",Gas,2000 kg/day,Medium,0.22,0.0018,0.0106,0.0041,-,3.0417,1.5165,"43,946.76",4.5582,250
"New Haven, CT",Gas,2000 kg/day,Medium,0.23,0.0018,0.0106,0.0041,-,3.0443,1.5029,"45,944.34",4.5472,250
"New Haven, CT",Gas,2000 kg/day,Medium,0.24,0.0018,0.0106,0.0041,-,3.0321,1.4905,"47,941.92",4.5226,250
"New Haven, CT",Gas,2000 kg/day,Medium,0.25,0.0018,0.0106,0.0041,-,3.0353,1.5248,"49,939.50",4.5601,250
"New Haven, CT",Gas,2000 kg/day,Medium,0.26,0.0018,0.0106,0.0041,-,3.0415,1.5125,"51,937.08",4.554,250
"New Haven, CT",Gas,2000 kg/day,Medium,0.27,0.0018,0.0106,0.0041,-,3.0277,1.5011,"53,934.66",4.5288,250
"New Haven, CT",Gas,2000 kg/day,Medium,0.28,0.0018,0.0106,0.0041,-,3.0337,1.4905,"55,932.24",4.5242,250
"New Haven, CT",Gas,2000 kg/day,Medium,0.29,0.0018,0.0106,0.0041,-,3.0359,1.5201,"57,929.82",4.556,250
"New Haven, CT",Gas,2000 kg/day,Medium,0.30,0.0018,0.0106,0.0041,-,3.0268,1.5096,"59,927.40",4.5364,250
"New Haven, CT",Gas,2000 kg/day,Medium,0.31,0.0018,0.0106,0.0041,-,3.0291,1.4997,"61,924.98",4.5288,250
"New Haven, CT",Gas,2000 kg/day,Medium,0.32,0.0018,0.0106,0.0041,-,3.0346,1.4905,"63,922.56",4.5251,250
"New Haven, CT",Gas,2000 kg/day,Medium,0.33,0.0018,0.0106,0.0041,-,3.026,1.5165,"65,920.14",4.5425,250
"New Haven, CT",Gas,2000 kg/day,Medium,0.34,0.0018,0.0106,0.0041,-,3.0281,1.5073,"67,917.72",4.5354,250
"New Haven, CT",Gas,2000 kg/day,Medium,0.35,0.0018,0.0106,0.0041,-,3.0332,1.4987,"69,915.30",4.5319,250
"New Haven, CT",Gas,2000 kg/day,Medium,0.36,0.0018,0.0106,0.0041,-,3.0226,1.4905,"71,912.88",4.5131,250
"New Haven, CT",Gas,2000 kg/day,Medium,0.37,0.0018,0.0106,0.0041,-,3.0275,1.5137,"73,910.46",4.5412,250
"New Haven, CT",Gas,2000 kg/day,Medium,0.38,0.0018,0.0106,0.0041,-,3.0293,1.5055,"75,908.04",4.5348,250
"New Haven, CT",Gas,2000 kg/day,Medium,0.39,0.0018,0.0106,0.0041,-,3.0224,1.4978,"77,905.62",4.5202,250
"New Haven, CT",Gas,2000 kg/day,Medium,0.40,0.0018,0.0106,0.0041,-,3.0243,1.4905,"79,903.20",4.5148,250
"New Haven, CT",Gas,2000 kg/day,Medium,0.41,0.0018,0.0106,0.0041,-,3.0284,1.5114,"81,900.78",4.5398,250
"New Haven, CT",Gas,3000 kg/day,Medium,0.01,0.0018,0.0106,0.0041,-,3.4137,1.6947,"1,997.58",5.1084,250
"New Haven, CT",Gas,3000 kg/day,Medium,0.02,0.0018,0.0106,0.0041,-,3.3399,1.6947,"3,995.16",5.0346,250
"New Haven, CT",Gas,3000 kg/day,Medium,0.03,0.0018,0.0106,0.0041,-,3.1319,1.6947,"5,992.74",4.8265,250
"New Haven, CT",Gas,3000 kg/day,Medium,0.04,0.0018,0.0106,0.0041,-,3.1571,1.6947,"7,990.32",4.8518,250
"New Haven, CT",Gas,3000 kg/day,Medium,0.05,0.0018,0.0106,0.0041,-,3.154,1.6947,"9,987.90",4.8487,250
"New Haven, CT",Gas,3000 kg/day,Medium,0.06,0.0018,0.0106,0.0041,-,3.0911,1.4209,"11,985.48",4.512,250
"New Haven, CT",Gas,3000 kg/day,Medium,0.07,0.0018,0.0106,0.0041,-,3.0951,1.46,"13,983.06",4.5551,250
"New Haven, CT",Gas,3000 kg/day,Medium,0.08,0.0018,0.0106,0.0041,-,3.1117,1.4893,"15,980.64",4.601,250
"New Haven, CT",Gas,3000 kg/day,Medium,0.09,0.0018,0.0106,0.0041,-,3.0626,1.5122,"17,978.22",4.5747,250
"New Haven, CT",Gas,3000 kg/day,Medium,0.10,0.0018,0.0106,0.0041,-,3.0786,1.5304,"19,975.80",4.609,250
"New Haven, CT",Gas,3000 kg/day,Medium,0.11,0.0018,0.0106,0.0041,-,3.0816,1.5453,"21,973.38",4.6269,250
"New Haven, CT",Gas,3000 kg/day,Medium,0.12,0.0018,0.0106,0.0041,-,3.0549,1.4209,"23,970.96",4.4758,250
"New Haven, CT",Gas,3000 kg/day,Medium,0.13,0.0018,0.0106,0.0041,-,3.06,1.442,"25,968.54",4.502,250
"New Haven, CT",Gas,3000 kg/day,Medium,0.14,0.0018,0.0106,0.0041,-,3.0703,1.46,"27,966.12",4.5303,250
"New Haven, CT",Gas,3000 kg/day,Medium,0.15,0.0018,0.0106,0.0041,-,3.0439,1.4757,"29,963.70",4.5196,250
"New Haven, CT",Gas,3000 kg/day,Medium,0.16,0.0018,0.0106,0.0041,-,3.0538,1.4893,"31,961.28",4.5431,250
"New Haven, CT",Gas,3000 kg/day,Medium,0.17,0.0018,0.0106,0.0041,-,3.0568,1.5014,"33,958.86",4.5582,250
"New Haven, CT",Gas,3000 kg/day,Medium,0.18,0.0018,0.0106,0.0041,-,3.0408,1.4209,"35,956.44",4.4617,250
"New Haven, CT",Gas,3000 kg/day,Medium,0.19,0.0018,0.0106,0.0041,-,3.0441,1.4353,"37,954.02",4.4794,250
"New Haven, CT",Gas,3000 kg/day,Medium,0.20,0.0018,0.0106,0.0041,-,3.0525,1.4483,"39,951.60",4.5008,250
"New Haven, CT",Gas,3000 kg/day,Medium,0.21,0.0018,0.0106,0.0041,-,3.0336,1.46,"41,949.18",4.4936,250
"New Haven, CT",Gas,3000 kg/day,Medium,0.22,0.0018,0.0106,0.0041,-,3.0417,1.4707,"43,946.76",4.5124,250
"New Haven, CT",Gas,3000 kg/day,Medium,0.23,0.0018,0.0106,0.0041,-,3.0443,1.4804,"45,944.34",4.5247,250
"New Haven, CT",Gas,3000 kg/day,Medium,0.24,0.0018,0.0106,0.0041,-,3.0321,1.4209,"47,941.92",4.453,250
"New Haven, CT",Gas,3000 kg/day,Medium,0.25,0.0018,0.0106,0.0041,-,3.0353,1.4319,"49,939.50",4.4672,250
"New Haven, CT",Gas,3000 kg/day,Medium,0.26,0.0018,0.0106,0.0041,-,3.0415,1.442,"51,937.08",4.4835,250
"New Haven, CT",Gas,3000 kg/day,Medium,0.27,0.0018,0.0106,0.0041,-,3.0277,1.4513,"53,934.66",4.479,250
"New Haven, CT",Gas,3000 kg/day,Medium,0.28,0.0018,0.0106,0.0041,-,3.0337,1.46,"55,932.24",4.4937,250
"New Haven, CT",Gas,3000 kg/day,Medium,0.29,0.0018,0.0106,0.0041,-,3.0359,1.4681,"57,929.82",4.504,250
"New Haven, CT",Gas,3000 kg/day,Medium,0.30,0.0018,0.0106,0.0041,-,3.0268,1.4209,"59,927.40",4.4477,250
"New Haven, CT",Gas,3000 kg/day,Medium,0.31,0.0018,0.0106,0.0041,-,3.0291,1.4297,"61,924.98",4.4588,250
"New Haven, CT",Gas,3000 kg/day,Medium,0.32,0.0018,0.0106,0.0041,-,3.0346,1.438,"63,922.56",4.4726,250
"New Haven, CT",Gas,3000 kg/day,Medium,0.33,0.0018,0.0106,0.0041,-,3.026,1.4458,"65,920.14",4.4718,250
"New Haven, CT",Gas,3000 kg/day,Medium,0.34,0.0018,0.0106,0.0041,-,3.0281,1.4531,"67,917.72",4.4812,250
"New Haven, CT",Gas,3000 kg/day,Medium,0.35,0.0018,0.0106,0.0041,-,3.0332,1.46,"69,915.30",4.4932,250
"New Haven, CT",Gas,3000 kg/day,Medium,0.36,0.0018,0.0106,0.0041,-,3.0226,1.4209,"71,912.88",4.4435,250
"New Haven, CT",Gas,3000 kg/day,Medium,0.37,0.0018,0.0106,0.0041,-,3.0275,1.4283,"73,910.46",4.4558,250
"New Haven, CT",Gas,3000 kg/day,Medium,0.38,0.0018,0.0106,0.0041,-,3.0293,1.4353,"75,908.04",4.4646,250
"New Haven, CT",Gas,3000 kg/day,Medium,0.39,0.0018,0.0106,0.0041,-,3.0224,1.442,"77,905.62",4.4644,250
"New Haven, CT",Gas,3000 kg/day,Medium,0.40,0.0018,0.0106,0.0041,-,3.0243,1.4483,"79,903.20",4.4726,250
"New Haven, CT",Gas,3000 kg/day,Medium,0.41,0.0018,0.0106,0.0041,-,3.0284,1.4543,"81,900.78",4.4827,250
"New Haven, CT",Liquid,1000 kg/day,Medium,0.01,0.03,0.0255,0.0155,-,3.5744,1.1117,"1,997.58",4.6862,250
"New Haven, CT",Liquid,1000 kg/day,Medium,0.02,0.03,0.0255,0.0155,-,3.5744,0.9298,"3,995.16",4.5042,250
"New Haven, CT",Liquid,1000 kg/day,Medium,0.03,0.03,0.0255,0.0155,-,3.4156,0.9904,"5,992.74",4.4061,250
"New Haven, CT",Liquid,1000 kg/day,Medium,0.04,0.03,0.0255,0.0155,-,3.4553,0.9298,"7,990.32",4.3851,250
"New Haven, CT",Liquid,1000 kg/day,Medium,0.05,0.03,0.0255,0.0155,-,3.3935,0.9662,"9,987.90",4.3597,250
"New Haven, CT",Liquid,1000 kg/day,Medium,0.06,0.03,0.0255,0.0155,-,3.4156,0.9298,"11,985.48",4.3454,250
"New Haven, CT",Liquid,1000 kg/day,Medium,0.07,0.03,0.0255,0.0155,-,3.3771,0.9558,"13,983.06",4.3329,250
"New Haven, CT",Liquid,1000 kg/day,Medium,0.08,0.03,0.0255,0.0155,-,3.3957,0.9298,"15,980.64",4.3255,250
"New Haven, CT",Liquid,1000 kg/day,Medium,0.09,0.03,0.0255,0.0155,-,3.3313,0.95,"17,978.22",4.2813,250
"New Haven, CT",Liquid,1000 kg/day,Medium,0.10,0.03,0.0255,0.0155,-,3.3195,0.9298,"19,975.80",4.2493,250
"New Haven, CT",Liquid,1000 kg/day,Medium,0.11,0.03,0.0255,0.0155,-,3.2643,0.9463,"21,973.38",4.2107,250
"New Haven, CT",Liquid,1000 kg/day,Medium,0.12,0.03,0.0255,0.0155,-,3.2562,0.9298,"23,970.96",4.186,250
"New Haven, CT",Liquid,1000 kg/day,Medium,0.13,0.03,0.0255,0.0155,-,3.2112,0.9438,"25,968.54",4.155,250
"New Haven, CT",Liquid,1000 kg/day,Medium,0.14,0.03,0.0255,0.0155,-,3.2054,0.9298,"27,966.12",4.1352,250
"New Haven, CT",Liquid,1000 kg/day,Medium,0.15,0.03,0.0255,0.0155,-,3.1992,0.9419,"29,963.70",4.1411,250
"New Haven, CT",Liquid,1000 kg/day,Medium,0.16,0.03,0.0255,0.0155,-,3.1632,0.9298,"31,961.28",4.093,250
"New Haven, CT",Liquid,1000 kg/day,Medium,0.17,0.03,0.0255,0.0155,-,3.1585,0.9405,"33,958.86",4.099,250
"New Haven, CT",Liquid,1000 kg/day,Medium,0.18,0.03,0.0255,0.0155,-,3.1299,0.9298,"35,956.44",4.0597,250
"New Haven, CT",Liquid,1000 kg/day,Medium,0.19,0.03,0.0255,0.0155,-,3.1237,0.9393,"37,954.02",4.0631,250
"New Haven, CT",Liquid,1000 kg/day,Medium,0.20,0.03,0.0255,0.0155,-,3.0985,0.9298,"39,951.60",4.0283,250
"New Haven, CT",Liquid,1000 kg/day,Medium,0.21,0.03,0.0255,0.0155,-,3.0933,0.9384,"41,949.18",4.0318,250
"New Haven, CT",Liquid,1000 kg/day,Medium,0.22,0.03,0.0255,0.0155,-,3.0709,0.9298,"43,946.76",4.0007,250
"New Haven, CT",Liquid,1000 kg/day,Medium,0.23,0.03,0.0255,0.0155,-,3.0686,0.9377,"45,944.34",4.0063,250
"New Haven, CT",Liquid,1000 kg/day,Medium,0.24,0.03,0.0255,0.0155,-,3.0462,0.9298,"47,941.92",3.976,250
"New Haven, CT",Liquid,1000 kg/day,Medium,0.25,0.03,0.0255,0.0155,-,3.0444,0.937,"49,939.50",3.9815,250
"New Haven, CT",Liquid,1000 kg/day,Medium,0.26,0.03,0.0255,0.0155,-,3.0241,0.9298,"51,937.08",3.9539,250
"New Haven, CT",Liquid,1000 kg/day,Medium,0.27,0.03,0.0255,0.0155,-,3.0226,0.9365,"53,934.66",3.9592,250
"New Haven, CT",Liquid,1000 kg/day,Medium,0.28,0.03,0.0255,0.0155,-,3.0057,0.9298,"55,932.24",3.9355,250
"New Haven, CT",Liquid,1000 kg/day,Medium,0.29,0.03,0.0255,0.0155,-,3.0028,0.936,"57,929.82",3.9389,250
"New Haven, CT",Liquid,1000 kg/day,Medium,0.30,0.03,0.0255,0.0155,-,3.0015,0.9298,"59,927.40",3.9313,250
"New Haven, CT",Liquid,1000 kg/day,Medium,0.31,0.03,0.0255,0.0155,-,2.9863,0.9356,"61,924.98",3.922,250
"New Haven, CT",Liquid,1000 kg/day,Medium,0.32,0.03,0.0255,0.0155,-,2.9837,0.9298,"63,922.56",3.9135,250
"New Haven, CT",Liquid,1000 kg/day,Medium,0.33,0.03,0.0255,0.0155,-,2.9695,0.9353,"65,920.14",3.9048,250
"New Haven, CT",Liquid,1000 kg/day,Medium,0.34,0.03,0.0255,0.0155,-,2.9672,0.9298,"67,917.72",3.897,250
"New Haven, CT",Liquid,1000 kg/day,Medium,0.35,0.03,0.0255,0.0155,-,2.954,0.935,"69,915.30",3.889,250
"New Haven, CT",Liquid,1000 kg/day,Medium,0.36,0.03,0.0255,0.0155,-,2.9533,0.9298,"71,912.88",3.8831,250
"New Haven, CT",Liquid,1000 kg/day,Medium,0.37,0.03,0.0255,0.0155,-,2.9396,0.9347,"73,910.46",3.8743,250
"New Haven, CT",Liquid,1000 kg/day,Medium,0.38,0.03,0.0255,0.0155,-,2.939,0.9298,"75,908.04",3.8688,250
"New Haven, CT",Liquid,1000 kg/day,Medium,0.39,0.03,0.0255,0.0155,-,2.9261,0.9344,"77,905.62",3.8606,250
"New Haven, CT",Liquid,1000 kg/day,Medium,0.40,0.03,0.0255,0.0155,-,2.9256,0.9298,"79,903.20",3.8554,250
"New Haven, CT",Liquid,1000 kg/day,Medium,0.41,0.03,0.0255,0.0155,-,2.9146,0.9342,"81,900.78",3.8489,250
"New Haven, CT",Liquid,2000 kg/day,Medium,0.01,0.03,0.0255,0.0155,-,3.5744,0.9931,"1,997.58",4.5676,250
"New Haven, CT",Liquid,2000 kg/day,Medium,0.02,0.03,0.0255,0.0155,-,3.5744,0.7498,"3,995.16",4.3243,250
"New Haven, CT",Liquid,2000 kg/day,Medium,0.03,0.03,0.0255,0.0155,-,3.4156,0.6687,"5,992.74",4.0844,250
"New Haven, CT",Liquid,2000 kg/day,Medium,0.04,0.03,0.0255,0.0155,-,3.4553,0.6282,"7,990.32",4.0835,250
"New Haven, CT",Liquid,2000 kg/day,Medium,0.05,0.03,0.0255,0.0155,-,3.3935,0.7012,"9,987.90",4.0947,250
"New Haven, CT",Liquid,2000 kg/day,Medium,0.06,0.03,0.0255,0.0155,-,3.4156,0.6687,"11,985.48",4.0844,250
"New Haven, CT",Liquid,2000 kg/day,Medium,0.07,0.03,0.0255,0.0155,-,3.3771,0.6456,"13,983.06",4.0227,250
"New Haven, CT",Liquid,2000 kg/day,Medium,0.08,0.03,0.0255,0.0155,-,3.3957,0.6282,"15,980.64",4.0239,250
"New Haven, CT",Liquid,2000 kg/day,Medium,0.09,0.03,0.0255,0.0155,-,3.3313,0.6687,"17,978.22",4.0001,250
"New Haven, CT",Liquid,2000 kg/day,Medium,0.10,0.03,0.0255,0.0155,-,3.3195,0.6525,"19,975.80",3.9721,250
"New Haven, CT",Liquid,2000 kg/day,Medium,0.11,0.03,0.0255,0.0155,-,3.2643,0.6392,"21,973.38",3.9036,250
"New Haven, CT",Liquid,2000 kg/day,Medium,0.12,0.03,0.0255,0.0155,-,3.2562,0.6282,"23,970.96",3.8844,250
"New Haven, CT",Liquid,2000 kg/day,Medium,0.13,0.03,0.0255,0.0155,-,3.2112,0.6563,"25,968.54",3.8675,250
"New Haven, CT",Liquid,2000 kg/day,Medium,0.14,0.03,0.0255,0.0155,-,3.2054,0.6456,"27,966.12",3.851,250
"New Haven, CT",Liquid,2000 kg/day,Medium,0.15,0.03,0.0255,0.0155,-,3.1992,0.6363,"29,963.70",3.8355,250
"New Haven, CT",Liquid,2000 kg/day,Medium,0.16,0.03,0.0255,0.0155,-,3.1632,0.6282,"31,961.28",3.7914,250
"New Haven, CT",Liquid,2000 kg/day,Medium,0.17,0.03,0.0255,0.0155,-,3.1585,0.6497,"33,958.86",3.8082,250
"New Haven, CT",Liquid,2000 kg/day,Medium,0.18,0.03,0.0255,0.0155,-,3.1299,0.6417,"35,956.44",3.7716,250
"New Haven, CT",Liquid,2000 kg/day,Medium,0.19,0.03,0.0255,0.0155,-,3.1237,0.6346,"37,954.02",3.7583,250
"New Haven, CT",Liquid,2000 kg/day,Medium,0.20,0.03,0.0255,0.0155,-,3.0985,0.6282,"39,951.60",3.7267,250
"New Haven, CT",Liquid,2000 kg/day,Medium,0.21,0.03,0.0255,0.0155,-,3.0933,0.6456,"41,949.18",3.7389,250
"New Haven, CT",Liquid,2000 kg/day,Medium,0.22,0.03,0.0255,0.0155,-,3.0709,0.6392,"43,946.76",3.7102,250
"New Haven, CT",Liquid,2000 kg/day,Medium,0.23,0.03,0.0255,0.0155,-,3.0686,0.6335,"45,944.34",3.7021,250
"New Haven, CT",Liquid,2000 kg/day,Medium,0.24,0.03,0.0255,0.0155,-,3.0462,0.6282,"47,941.92",3.6744,250
"New Haven, CT",Liquid,2000 kg/day,Medium,0.25,0.03,0.0255,0.0155,-,3.0444,0.6428,"49,939.50",3.6872,250
"New Haven, CT",Liquid,2000 kg/day,Medium,0.26,0.03,0.0255,0.0155,-,3.0241,0.6375,"51,937.08",3.6617,250
"New Haven, CT",Liquid,2000 kg/day,Medium,0.27,0.03,0.0255,0.0155,-,3.0226,0.6327,"53,934.66",3.6553,250
"New Haven, CT",Liquid,2000 kg/day,Medium,0.28,0.03,0.0255,0.0155,-,3.0057,0.6282,"55,932.24",3.6339,250
"New Haven, CT",Liquid,2000 kg/day,Medium,0.29,0.03,0.0255,0.0155,-,3.0028,0.6408,"57,929.82",3.6436,250
"New Haven, CT",Liquid,2000 kg/day,Medium,0.30,0.03,0.0255,0.0155,-,3.0015,0.6363,"59,927.40",3.6378,250
"New Haven, CT",Liquid,2000 kg/day,Medium,0.31,0.03,0.0255,0.0155,-,2.9863,0.6321,"61,924.98",3.6185,250
"New Haven, CT",Liquid,2000 kg/day,Medium,0.32,0.03,0.0255,0.0155,-,2.9837,0.6282,"63,922.56",3.6119,250
"New Haven, CT",Liquid,2000 kg/day,Medium,0.33,0.03,0.0255,0.0155,-,2.9695,0.6392,"65,920.14",3.6088,250
"New Haven, CT",Liquid,2000 kg/day,Medium,0.34,0.03,0.0255,0.0155,-,2.9672,0.6353,"67,917.72",3.6026,250
"New Haven, CT",Liquid,2000 kg/day,Medium,0.35,0.03,0.0255,0.0155,-,2.954,0.6317,"69,915.30",3.5857,250
"New Haven, CT",Liquid,2000 kg/day,Medium,0.36,0.03,0.0255,0.0155,-,2.9533,0.6282,"71,912.88",3.5815,250
"New Haven, CT",Liquid,2000 kg/day,Medium,0.37,0.03,0.0255,0.0155,-,2.9396,0.638,"73,910.46",3.5777,250
"New Haven, CT",Liquid,2000 kg/day,Medium,0.38,0.03,0.0255,0.0155,-,2.939,0.6346,"75,908.04",3.5736,250
"New Haven, CT",Liquid,2000 kg/day,Medium,0.39,0.03,0.0255,0.0155,-,2.9261,0.6313,"77,905.62",3.5574,250
"New Haven, CT",Liquid,2000 kg/day,Medium,0.40,0.03,0.0255,0.0155,-,2.9256,0.6282,"79,903.20",3.5538,250
"New Haven, CT",Liquid,2000 kg/day,Medium,0.41,0.03,0.0255,0.0155,-,2.9146,0.6371,"81,900.78",3.5517,250
"New Haven, CT",Liquid,3000 kg/day,Medium,0.01,0.03,0.0255,0.0155,-,3.5744,0.7106,"1,997.58",4.2851,250
"New Haven, CT",Liquid,3000 kg/day,Medium,0.02,0.03,0.0255,0.0155,-,3.5744,0.7106,"3,995.16",4.2851,250
"New Haven, CT",Liquid,3000 kg/day,Medium,0.03,0.03,0.0255,0.0155,-,3.4156,0.7106,"5,992.74",4.1263,250
"New Haven, CT",Liquid,3000 kg/day,Medium,0.04,0.03,0.0255,0.0155,-,3.4553,0.7106,"7,990.32",4.166,250
"New Haven, CT",Liquid,3000 kg/day,Medium,0.05,0.03,0.0255,0.0155,-,3.3935,0.7106,"9,987.90",4.1042,250
"New Haven, CT",Liquid,3000 kg/day,Medium,0.06,0.03,0.0255,0.0155,-,3.4156,0.5955,"11,985.48",4.0112,250
"New Haven, CT",Liquid,3000 kg/day,Medium,0.07,0.03,0.0255,0.0155,-,3.3771,0.612,"13,983.06",3.9891,250
"New Haven, CT",Liquid,3000 kg/day,Medium,0.08,0.03,0.0255,0.0155,-,3.3957,0.6243,"15,980.64",4.02,250
"New Haven, CT",Liquid,3000 kg/day,Medium,0.09,0.03,0.0255,0.0155,-,3.3313,0.6339,"17,978.22",3.9652,250
"New Haven, CT",Liquid,3000 kg/day,Medium,0.10,0.03,0.0255,0.0155,-,3.3195,0.6416,"19,975.80",3.9611,250
"New Haven, CT",Liquid,3000 kg/day,Medium,0.11,0.03,0.0255,0.0155,-,3.2643,0.6478,"21,973.38",3.9122,250
"New Haven, CT",Liquid,3000 kg/day,Medium,0.12,0.03,0.0255,0.0155,-,3.2562,0.5955,"23,970.96",3.8518,250
"New Haven, CT",Liquid,3000 kg/day,Medium,0.13,0.03,0.0255,0.0155,-,3.2112,0.6044,"25,968.54",3.8156,250
"New Haven, CT",Liquid,3000 kg/day,Medium,0.14,0.03,0.0255,0.0155,-,3.2054,0.612,"27,966.12",3.8174,250
"New Haven, CT",Liquid,3000 kg/day,Medium,0.15,0.03,0.0255,0.0155,-,3.1992,0.6185,"29,963.70",3.8178,250
"New Haven, CT",Liquid,3000 kg/day,Medium,0.16,0.03,0.0255,0.0155,-,3.1632,0.6243,"31,961.28",3.7875,250
"New Haven, CT",Liquid,3000 kg/day,Medium,0.17,0.03,0.0255,0.0155,-,3.1585,0.6294,"33,958.86",3.7879,250
"New Haven, CT",Liquid,3000 kg/day,Medium,0.18,0.03,0.0255,0.0155,-,3.1299,0.5955,"35,956.44",3.7255,250
"New Haven, CT",Liquid,3000 kg/day,Medium,0.19,0.03,0.0255,0.0155,-,3.1237,0.6016,"37,954.02",3.7253,250
"New Haven, CT",Liquid,3000 kg/day,Medium,0.20,0.03,0.0255,0.0155,-,3.0985,0.607,"39,951.60",3.7056,250
"New Haven, CT",Liquid,3000 kg/day,Medium,0.21,0.03,0.0255,0.0155,-,3.0933,0.612,"41,949.18",3.7053,250
"New Haven, CT",Liquid,3000 kg/day,Medium,0.22,0.03,0.0255,0.0155,-,3.0709,0.6164,"43,946.76",3.6874,250
"New Haven, CT",Liquid,3000 kg/day,Medium,0.23,0.03,0.0255,0.0155,-,3.0686,0.6205,"45,944.34",3.6892,250
"New Haven, CT",Liquid,3000 kg/day,Medium,0.24,0.03,0.0255,0.0155,-,3.0462,0.5955,"47,941.92",3.6418,250
"New Haven, CT",Liquid,3000 kg/day,Medium,0.25,0.03,0.0255,0.0155,-,3.0444,0.6001,"49,939.50",3.6446,250
"New Haven, CT",Liquid,3000 kg/day,Medium,0.26,0.03,0.0255,0.0155,-,3.0241,0.6044,"51,937.08",3.6285,250
"New Haven, CT",Liquid,3000 kg/day,Medium,0.27,0.03,0.0255,0.0155,-,3.0226,0.6083,"53,934.66",3.6309,250
"New Haven, CT",Liquid,3000 kg/day,Medium,0.28,0.03,0.0255,0.0155,-,3.0057,0.612,"55,932.24",3.6177,250
"New Haven, CT",Liquid,3000 kg/day,Medium,0.29,0.03,0.0255,0.0155,-,3.0028,0.6154,"57,929.82",3.6182,250
"New Haven, CT",Liquid,3000 kg/day,Medium,0.30,0.03,0.0255,0.0155,-,3.0015,0.5955,"59,927.40",3.5971,250
"New Haven, CT",Liquid,3000 kg/day,Medium,0.31,0.03,0.0255,0.0155,-,2.9863,0.5992,"61,924.98",3.5856,250
"New Haven, CT",Liquid,3000 kg/day,Medium,0.32,0.03,0.0255,0.0155,-,2.9837,0.6027,"63,922.56",3.5864,250
"New Haven, CT",Liquid,3000 kg/day,Medium,0.33,0.03,0.0255,0.0155,-,2.9695,0.606,"65,920.14",3.5755,250
"New Haven, CT",Liquid,3000 kg/day,Medium,0.34,0.03,0.0255,0.0155,-,2.9672,0.6091,"67,917.72",3.5763,250
"New Haven, CT",Liquid,3000 kg/day,Medium,0.35,0.03,0.0255,0.0155,-,2.954,0.612,"69,915.30",3.566,250
"New Haven, CT",Liquid,3000 kg/day,Medium,0.36,0.03,0.0255,0.0155,-,2.9533,0.5955,"71,912.88",3.5489,250
"New Haven, CT",Liquid,3000 kg/day,Medium,0.37,0.03,0.0255,0.0155,-,2.9396,0.5986,"73,910.46",3.5383,250
"New Haven, CT",Liquid,3000 kg/day,Medium,0.38,0.03,0.0255,0.0155,-,2.939,0.6016,"75,908.04",3.5406,250
"New Haven, CT",Liquid,3000 kg/day,Medium,0.39,0.03,0.0255,0.0155,-,2.9261,0.6044,"77,905.62",3.5305,250
"New Haven, CT",Liquid,3000 kg/day,Medium,0.40,0.03,0.0255,0.0155,-,2.9256,0.607,"79,903.20",3.5327,250
"New Haven, CT",Liquid,3000 kg/day,Medium,0.41,0.03,0.0255,0.0155,-,2.9146,0.6095,"81,900.78",3.5242,250
"New Haven, CT",Pipe,1000 kg/day,Medium,0.01,0.0255,0.0003,0.0041,13.207,51.0137,2.233,"1,997.58",66.4537,250
"New Haven, CT",Pipe,1000 kg/day,Medium,0.02,0.0255,0.0003,0.0041,8.5259,25.8334,1.8912,"3,995.16",36.2505,250
"New Haven, CT",Pipe,1000 kg/day,Medium,0.03,0.0255,0.0003,0.0041,7.1867,17.4442,2.0051,"5,992.74",26.636,250
"New Haven, CT",Pipe,1000 kg/day,Medium,0.04,0.0255,0.0003,0.0041,6.0367,13.1851,1.8912,"7,990.32",21.1129,250
"New Haven, CT",Pipe,1000 kg/day,Medium,0.05,0.0255,0.0003,0.0041,5.5099,10.6793,1.9595,"9,987.90",18.1488,250
"New Haven, CT",Pipe,1000 kg/day,Medium,0.06,0.0255,0.0003,0.0041,4.942,8.9645,1.8912,"11,985.48",15.7977,250
"New Haven, CT",Pipe,1000 kg/day,Medium,0.07,0.0255,0.0003,0.0041,4.6478,7.7802,1.94,"13,983.06",14.3679,250
"New Haven, CT",Pipe,1000 kg/day,Medium,0.08,0.0255,0.0003,0.0041,4.2929,6.8534,1.8912,"15,980.64",13.0374,250
"New Haven, CT",Pipe,1000 kg/day,Medium,0.09,0.0255,0.0003,0.0041,4.0983,6.1343,1.9291,"17,978.22",12.1618,250
"New Haven, CT",Pipe,1000 kg/day,Medium,0.10,0.0255,0.0003,0.0041,3.8543,5.6346,1.8912,"19,975.80",11.38,250
"New Haven, CT",Pipe,1000 kg/day,Medium,0.11,0.0255,0.0003,0.0041,3.7152,5.1505,1.9222,"21,973.38",10.7879,250
"New Haven, CT",Pipe,1000 kg/day,Medium,0.12,0.0255,0.0003,0.0041,3.5342,4.7479,1.8912,"23,970.96",10.1732,250
"New Haven, CT",Pipe,1000 kg/day,Medium,0.13,0.0255,0.0003,0.0041,3.4288,4.408,1.9175,"25,968.54",9.7542,250
"New Haven, CT",Pipe,1000 kg/day,Medium,0.14,0.0255,0.0003,0.0041,3.2777,4.1173,1.8912,"27,966.12",9.2861,250
"New Haven, CT",Pipe,1000 kg/day,Medium,0.15,0.0255,0.0003,0.0041,3.1921,3.8658,1.914,"29,963.70",8.9719,250
"New Haven, CT",Pipe,1000 kg/day,Medium,0.16,0.0255,0.0003,0.0041,3.0761,3.6463,1.8912,"31,961.28",8.6136,250
"New Haven, CT",Pipe,1000 kg/day,Medium,0.17,0.0255,0.0003,0.0041,3.0064,3.5059,1.9113,"33,958.86",8.4236,250
"New Haven, CT",Pipe,1000 kg/day,Medium,0.18,0.0255,0.0003,0.0041,2.9105,3.3275,1.8912,"35,956.44",8.1292,250
"New Haven, CT",Pipe,1000 kg/day,Medium,0.19,0.0255,0.0003,0.0041,2.8525,3.1682,1.9092,"37,954.02",7.9299,250
"New Haven, CT",Pipe,1000 kg/day,Medium,0.20,0.0255,0.0003,0.0041,2.7716,3.0251,1.8912,"39,951.60",7.6878,250
"New Haven, CT",Pipe,1000 kg/day,Medium,0.21,0.0255,0.0003,0.0041,2.7223,2.8959,1.9074,"41,949.18",7.5256,250
"New Haven, CT",Pipe,1000 kg/day,Medium,0.22,0.0255,0.0003,0.0041,2.6529,2.7785,1.8912,"43,946.76",7.3226,250
"New Haven, CT",Pipe,1000 kg/day,Medium,0.23,0.0255,0.0003,0.0041,2.6107,2.6717,1.906,"45,944.34",7.1884,250
"New Haven, CT",Pipe,1000 kg/day,Medium,0.24,0.0255,0.0003,0.0041,2.5502,2.5739,1.8912,"47,941.92",7.0153,250
"New Haven, CT",Pipe,1000 kg/day,Medium,0.25,0.0255,0.0003,0.0041,2.5059,2.4842,1.9048,"49,939.50",6.8949,250
"New Haven, CT",Pipe,1000 kg/day,Medium,0.26,0.0255,0.0003,0.0041,2.4514,2.4015,1.8912,"51,937.08",6.7441,250
"New Haven, CT",Pipe,1000 kg/day,Medium,0.27,0.0255,0.0003,0.0041,2.4179,2.325,1.9038,"53,934.66",6.6467,250
"New Haven, CT",Pipe,1000 kg/day,Medium,0.28,0.0255,0.0003,0.0041,2.3696,2.2885,1.8912,"55,932.24",6.5493,250
"New Haven, CT",Pipe,1000 kg/day,Medium,0.29,0.0255,0.0003,0.0041,2.3397,2.2197,1.903,"57,929.82",6.4623,250
"New Haven, CT",Pipe,1000 kg/day,Medium,0.30,0.0255,0.0003,0.0041,2.2965,2.1554,1.8912,"59,927.40",6.3431,250
"New Haven, CT",Pipe,1000 kg/day,Medium,0.31,0.0255,0.0003,0.0041,2.2698,2.0954,1.9022,"61,924.98",6.2674,250
"New Haven, CT",Pipe,1000 kg/day,Medium,0.32,0.0255,0.0003,0.0041,2.2307,2.0392,1.8912,"63,922.56",6.1611,250
"New Haven, CT",Pipe,1000 kg/day,Medium,0.33,0.0255,0.0003,0.0041,2.2067,1.9865,1.9015,"65,920.14",6.0947,250
"New Haven, CT",Pipe,1000 kg/day,Medium,0.34,0.0255,0.0003,0.0041,2.1712,1.937,1.8912,"67,917.72",5.9994,250
"New Haven, CT",Pipe,1000 kg/day,Medium,0.35,0.0255,0.0003,0.0041,2.1495,1.8905,1.9009,"69,915.30",5.9409,250
"New Haven, CT",Pipe,1000 kg/day,Medium,0.36,0.0255,0.0003,0.0041,2.1171,1.8466,1.8912,"71,912.88",5.8549,250
"New Haven, CT",Pipe,1000 kg/day,Medium,0.37,0.0255,0.0003,0.0041,2.0973,1.8051,1.9004,"73,910.46",5.8028,250
"New Haven, CT",Pipe,1000 kg/day,Medium,0.38,0.0255,0.0003,0.0041,2.0677,1.7659,1.8912,"75,908.04",5.7248,250
"New Haven, CT",Pipe,1000 kg/day,Medium,0.39,0.0255,0.0003,0.0041,2.0494,1.7288,1.8999,"77,905.62",5.6782,250
"New Haven, CT",Pipe,1000 kg/day,Medium,0.40,0.0255,0.0003,0.0041,2.0223,1.6937,1.8912,"79,903.20",5.6071,250
"New Haven, CT",Pipe,1000 kg/day,Medium,0.41,0.0255,0.0003,0.0041,2.0054,1.6602,1.8995,"81,900.78",5.5651,250
"New Haven, CT",Pipe,2000 kg/day,Medium,0.01,0.0255,0.0003,0.0041,10.8273,51.0137,2.8804,"1,997.58",64.7214,250
"New Haven, CT",Pipe,2000 kg/day,Medium,0.02,0.0255,0.0003,0.0041,6.6398,25.8334,2.2058,"3,995.16",34.6791,250
"New Haven, CT",Pipe,2000 kg/day,Medium,0.03,0.0255,0.0003,0.0041,5.12,17.4442,1.981,"5,992.74",24.5452,250
"New Haven, CT",Pipe,2000 kg/day,Medium,0.04,0.0255,0.0003,0.0041,4.3035,13.1851,1.8686,"7,990.32",19.3572,250
"New Haven, CT",Pipe,2000 kg/day,Medium,0.05,0.0255,0.0003,0.0041,4.0722,10.6793,2.0709,"9,987.90",16.8225,250
"New Haven, CT",Pipe,2000 kg/day,Medium,0.06,0.0255,0.0003,0.0041,3.6376,8.9645,1.981,"11,985.48",14.583,250
"New Haven, CT",Pipe,2000 kg/day,Medium,0.07,0.0255,0.0003,0.0041,3.3126,7.7802,1.9167,"13,983.06",13.0095,250
"New Haven, CT",Pipe,2000 kg/day,Medium,0.08,0.0255,0.0003,0.0041,3.0627,6.8534,1.8686,"15,980.64",11.7847,250
"New Haven, CT",Pipe,2000 kg/day,Medium,0.09,0.0255,0.0003,0.0041,2.9867,6.1343,1.981,"17,978.22",11.102,250
"New Haven, CT",Pipe,2000 kg/day,Medium,0.10,0.0255,0.0003,0.0041,2.806,5.6346,1.936,"19,975.80",10.3766,250
"New Haven, CT",Pipe,2000 kg/day,Medium,0.11,0.0255,0.0003,0.0041,2.6495,5.1505,1.8992,"21,973.38",9.6993,250
"New Haven, CT",Pipe,2000 kg/day,Medium,0.12,0.0255,0.0003,0.0041,2.5187,4.7479,1.8686,"23,970.96",9.1352,250
"New Haven, CT",Pipe,2000 kg/day,Medium,0.13,0.0255,0.0003,0.0041,2.4781,4.408,1.9464,"25,968.54",8.8325,250
"New Haven, CT",Pipe,2000 kg/day,Medium,0.14,0.0255,0.0003,0.0041,2.373,4.1173,1.9167,"27,966.12",8.407,250
"New Haven, CT",Pipe,2000 kg/day,Medium,0.15,0.0255,0.0003,0.0041,2.2807,3.8658,1.891,"29,963.70",8.0376,250
"New Haven, CT",Pipe,2000 kg/day,Medium,0.16,0.0255,0.0003,0.0041,2.1989,3.6463,1.8686,"31,961.28",7.7138,250
"New Haven, CT",Pipe,2000 kg/day,Medium,0.17,0.0255,0.0003,0.0041,2.1743,3.5059,1.9281,"33,958.86",7.6082,250
"New Haven, CT",Pipe,2000 kg/day,Medium,0.18,0.0255,0.0003,0.0041,2.1049,3.3275,1.906,"35,956.44",7.3385,250
"New Haven, CT",Pipe,2000 kg/day,Medium,0.19,0.0255,0.0003,0.0041,2.0423,3.1682,1.8863,"37,954.02",7.0968,250
"New Haven, CT",Pipe,2000 kg/day,Medium,0.20,0.0255,0.0003,0.0041,1.9854,3.0251,1.8686,"39,951.60",6.879,250
"New Haven, CT",Pipe,2000 kg/day,Medium,0.21,0.0255,0.0003,0.0041,1.9621,2.8959,1.9167,"41,949.18",6.7746,250
"New Haven, CT",Pipe,2000 kg/day,Medium,0.22,0.0255,0.0003,0.0041,1.9108,2.7785,1.8992,"43,946.76",6.5885,250
"New Haven, CT",Pipe,2000 kg/day,Medium,0.23,0.0255,0.0003,0.0041,1.8637,2.6717,1.8832,"45,944.34",6.4186,250
"New Haven, CT",Pipe,2000 kg/day,Medium,0.24,0.0255,0.0003,0.0041,1.8202,2.5739,1.8686,"47,941.92",6.2626,250
"New Haven, CT",Pipe,2000 kg/day,Medium,0.25,0.0255,0.0003,0.0041,1.8073,2.4842,1.909,"49,939.50",6.2005,250
"New Haven, CT",Pipe,2000 kg/day,Medium,0.26,0.0255,0.0003,0.0041,1.7684,2.4015,1.8945,"51,937.08",6.0644,250
"New Haven, CT",Pipe,2000 kg/day,Medium,0.27,0.0255,0.0003,0.0041,1.7321,2.325,1.881,"53,934.66",5.9382,250
"New Haven, CT",Pipe,2000 kg/day,Medium,0.28,0.0255,0.0003,0.0041,1.6983,2.2885,1.8686,"55,932.24",5.8554,250
"New Haven, CT",Pipe,2000 kg/day,Medium,0.29,0.0255,0.0003,0.0041,1.6886,2.2197,1.9034,"57,929.82",5.8117,250
"New Haven, CT",Pipe,2000 kg/day,Medium,0.30,0.0255,0.0003,0.0041,1.6578,2.1554,1.891,"59,927.40",5.7043,250
"New Haven, CT",Pipe,2000 kg/day,Medium,0.31,0.0255,0.0003,0.0041,1.6289,2.0954,1.8794,"61,924.98",5.6037,250
"New Haven, CT",Pipe,2000 kg/day,Medium,0.32,0.0255,0.0003,0.0041,1.6017,2.0392,1.8686,"63,922.56",5.5094,250
"New Haven, CT",Pipe,2000 kg/day,Medium,0.33,0.0255,0.0003,0.0041,1.5941,1.9865,1.8992,"65,920.14",5.4798,250
"New Haven, CT",Pipe,2000 kg/day,Medium,0.34,0.0255,0.0003,0.0041,1.5634,1.937,1.8884,"67,917.72",5.3889,250
"New Haven, CT",Pipe,2000 kg/day,Medium,0.35,0.0255,0.0003,0.0041,1.539,1.8905,1.8782,"69,915.30",5.3076,250
"New Haven, CT",Pipe,2000 kg/day,Medium,0.36,0.0255,0.0003,0.0041,1.5157,1.8466,1.8686,"71,912.88",5.2308,250
"New Haven, CT",Pipe,2000 kg/day,Medium,0.37,0.0255,0.0003,0.0041,1.5091,1.8051,1.8959,"73,910.46",5.2101,250
"New Haven, CT",Pipe,2000 kg/day,Medium,0.38,0.0255,0.0003,0.0041,1.4876,1.7659,1.8863,"75,908.04",5.1398,250
"New Haven, CT",Pipe,2000 kg/day,Medium,0.39,0.0255,0.0003,0.0041,1.4671,1.7288,1.8772,"77,905.62",5.0731,250
"New Haven, CT",Pipe,2000 kg/day,Medium,0.40,0.0255,0.0003,0.0041,1.4475,1.6937,1.8686,"79,903.20",5.0097,250
"New Haven, CT",Pipe,2000 kg/day,Medium,0.41,0.0255,0.0003,0.0041,1.4422,1.6602,1.8932,"81,900.78",4.9956,250
"New Haven, CT",Pipe,3000 kg/day,Medium,0.01,0.0255,0.0003,0.0041,7.71,51.0137,2.1525,"1,997.58",60.8762,250
"New Haven, CT",Pipe,3000 kg/day,Medium,0.02,0.0255,0.0003,0.0041,5.4451,25.8334,2.1525,"3,995.16",33.431,250
"New Haven, CT",Pipe,3000 kg/day,Medium,0.03,0.0255,0.0003,0.0041,4.4481,17.4442,2.1525,"5,992.74",24.0448,250
"New Haven, CT",Pipe,3000 kg/day,Medium,0.04,0.0255,0.0003,0.0041,3.8595,13.1851,2.1525,"7,990.32",19.197,250
"New Haven, CT",Pipe,3000 kg/day,Medium,0.05,0.0255,0.0003,0.0041,3.4554,10.6793,2.1525,"9,987.90",16.2872,250
"New Haven, CT",Pipe,3000 kg/day,Medium,0.06,0.0255,0.0003,0.0041,2.8905,8.9645,1.8241,"11,985.48",13.6791,250
"New Haven, CT",Pipe,3000 kg/day,Medium,0.07,0.0255,0.0003,0.0041,2.7183,7.7802,1.871,"13,983.06",12.3695,250
"New Haven, CT",Pipe,3000 kg/day,Medium,0.08,0.0255,0.0003,0.0041,2.5745,6.8534,1.9062,"15,980.64",11.3341,250
"New Haven, CT",Pipe,3000 kg/day,Medium,0.09,0.0255,0.0003,0.0041,2.4525,6.1343,1.9336,"17,978.22",10.5204,250
"New Haven, CT",Pipe,3000 kg/day,Medium,0.10,0.0255,0.0003,0.0041,2.3478,5.6346,1.9555,"19,975.80",9.9378,250
"New Haven, CT",Pipe,3000 kg/day,Medium,0.11,0.0255,0.0003,0.0041,2.2489,5.1505,1.9734,"21,973.38",9.3728,250
"New Haven, CT",Pipe,3000 kg/day,Medium,0.12,0.0255,0.0003,0.0041,2.0678,4.7479,1.8241,"23,970.96",8.6398,250
"New Haven, CT",Pipe,3000 kg/day,Medium,0.13,0.0255,0.0003,0.0041,2.0057,4.408,1.8494,"25,968.54",8.263,250
"New Haven, CT",Pipe,3000 kg/day,Medium,0.14,0.0255,0.0003,0.0041,1.9492,4.1173,1.871,"27,966.12",7.9374,250
"New Haven, CT",Pipe,3000 kg/day,Medium,0.15,0.0255,0.0003,0.0041,1.8977,3.8658,1.8898,"29,963.70",7.6533,250
"New Haven, CT",Pipe,3000 kg/day,Medium,0.16,0.0255,0.0003,0.0041,1.8505,3.6463,1.9062,"31,961.28",7.403,250
"New Haven, CT",Pipe,3000 kg/day,Medium,0.17,0.0255,0.0003,0.0041,1.8071,3.5059,1.9207,"33,958.86",7.2336,250
"New Haven, CT",Pipe,3000 kg/day,Medium,0.18,0.0255,0.0003,0.0041,1.7129,3.3275,1.8241,"35,956.44",6.8645,250
"New Haven, CT",Pipe,3000 kg/day,Medium,0.19,0.0255,0.0003,0.0041,1.6742,3.1682,1.8414,"37,954.02",6.6838,250
"New Haven, CT",Pipe,3000 kg/day,Medium,0.20,0.0255,0.0003,0.0041,1.6422,3.0251,1.8569,"39,951.60",6.5243,250
"New Haven, CT",Pipe,3000 kg/day,Medium,0.21,0.0255,0.0003,0.0041,1.6123,2.8959,1.871,"41,949.18",6.3791,250
"New Haven, CT",Pipe,3000 kg/day,Medium,0.22,0.0255,0.0003,0.0041,1.5841,2.7785,1.8838,"43,946.76",6.2464,250
"New Haven, CT",Pipe,3000 kg/day,Medium,0.23,0.0255,0.0003,0.0041,1.5575,2.6717,1.8955,"45,944.34",6.1247,250
"New Haven, CT",Pipe,3000 kg/day,Medium,0.24,0.0255,0.0003,0.0041,1.4968,2.5739,1.8241,"47,941.92",5.8948,250
"New Haven, CT",Pipe,3000 kg/day,Medium,0.25,0.0255,0.0003,0.0041,1.4754,2.4842,1.8372,"49,939.50",5.7968,250
"New Haven, CT",Pipe,3000 kg/day,Medium,0.26,0.0255,0.0003,0.0041,1.4551,2.4015,1.8494,"51,937.08",5.7059,250
"New Haven, CT",Pipe,3000 kg/day,Medium,0.27,0.0255,0.0003,0.0041,1.4356,2.325,1.8606,"53,934.66",5.6212,250
"New Haven, CT",Pipe,3000 kg/day,Medium,0.28,0.0255,0.0003,0.0041,1.4172,2.2885,1.871,"55,932.24",5.5767,250
"New Haven, CT",Pipe,3000 kg/day,Medium,0.29,0.0255,0.0003,0.0041,1.3995,2.2197,1.8807,"57,929.82",5.4998,250
"New Haven, CT",Pipe,3000 kg/day,Medium,0.30,0.0255,0.0003,0.0041,1.3523,2.1554,1.8241,"59,927.40",5.3317,250
"New Haven, CT",Pipe,3000 kg/day,Medium,0.31,0.0255,0.0003,0.0041,1.3367,2.0954,1.8347,"61,924.98",5.2668,250
"New Haven, CT",Pipe,3000 kg/day,Medium,0.32,0.0255,0.0003,0.0041,1.3218,2.0392,1.8446,"63,922.56",5.2056,250
"New Haven, CT",Pipe,3000 kg/day,Medium,0.33,0.0255,0.0003,0.0041,1.3074,1.9865,1.854,"65,920.14",5.1479,250
"New Haven, CT",Pipe,3000 kg/day,Medium,0.34,0.0255,0.0003,0.0041,1.2936,1.937,1.8627,"67,917.72",5.0934,250
"New Haven, CT",Pipe,3000 kg/day,Medium,0.35,0.0255,0.0003,0.0041,1.2803,1.8905,1.871,"69,915.30",5.0418,250
"New Haven, CT",Pipe,3000 kg/day,Medium,0.36,0.0255,0.0003,0.0041,1.2478,1.8466,1.8241,"71,912.88",4.9184,250
"New Haven, CT",Pipe,3000 kg/day,Medium,0.37,0.0255,0.0003,0.0041,1.2363,1.8051,1.833,"73,910.46",4.8744,250
"New Haven, CT",Pipe,3000 kg/day,Medium,0.38,0.0255,0.0003,0.0041,1.2251,1.7659,1.8414,"75,908.04",4.8325,250
"New Haven, CT",Pipe,3000 kg/day,Medium,0.39,0.0255,0.0003,0.0041,1.2145,1.7288,1.8494,"77,905.62",4.7927,250
"New Haven, CT",Pipe,3000 kg/day,Medium,0.40,0.0255,0.0003,0.0041,1.2041,1.6937,1.8569,"79,903.20",4.7547,250
"New Haven, CT",Pipe,3000 kg/day,Medium,0.41,0.0255,0.0003,0.0041,1.194,1.6602,1.8642,"81,900.78",4.7184,250
"Fresno, CA",Gas,1000 kg/day,Medium,0.01,0.0018,0.0106,0.0041,-,3.4161,1.8412,"1,977.64",5.2572,250
"Fresno, CA",Gas,1000 kg/day,Medium,0.02,0.0018,0.0106,0.0041,-,3.2994,1.5453,"3,955.28",4.8447,250
"Fresno, CA",Gas,1000 kg/day,Medium,0.03,0.0018,0.0106,0.0041,-,3.1361,1.6439,"5,932.92",4.7801,250
"Fresno, CA",Gas,1000 kg/day,Medium,0.04,0.0018,0.0106,0.0041,-,3.1361,1.5453,"7,910.56",4.6814,250
"Fresno, CA",Gas,1000 kg/day,Medium,0.05,0.0018,0.0106,0.0041,-,3.0475,1.6045,"9,888.21",4.652,250
"Fresno, CA",Gas,1000 kg/day,Medium,0.06,0.0018,0.0106,0.0041,-,3.0788,1.5453,"11,865.85",4.6242,250
"Fresno, CA",Gas,1000 kg/day,Medium,0.07,0.0018,0.0106,0.0041,-,3.0865,1.5876,"13,843.49",4.6741,250
"Fresno, CA",Gas,1000 kg/day,Medium,0.08,0.0018,0.0106,0.0041,-,3.0343,1.5453,"15,821.13",4.5796,250
"Fresno, CA",Gas,1000 kg/day,Medium,0.09,0.0018,0.0106,0.0041,-,3.0556,1.5782,"17,798.77",4.6338,250
"Fresno, CA",Gas,1000 kg/day,Medium,0.10,0.0018,0.0106,0.0041,-,3.0177,1.5453,"19,776.41",4.5631,250
"Fresno, CA",Gas,1000 kg/day,Medium,0.11,0.0018,0.0106,0.0041,-,3.0262,1.5722,"21,754.05",4.5984,250
"Fresno, CA",Gas,1000 kg/day,Medium,0.12,0.0018,0.0106,0.0041,-,3.0424,1.5453,"23,731.69",4.5878,250
"Fresno, CA",Gas,1000 kg/day,Medium,0.13,0.0018,0.0106,0.0041,-,3.0139,1.5681,"25,709.34",4.582,250
"Fresno, CA",Gas,1000 kg/day,Medium,0.14,0.0018,0.0106,0.0041,-,3.0215,1.5453,"27,686.98",4.5669,250
"Fresno, CA",Gas,1000 kg/day,Medium,0.15,0.0018,0.0106,0.0041,-,3.0038,1.5651,"29,664.62",4.5689,250
"Fresno, CA",Gas,1000 kg/day,Medium,0.16,0.0018,0.0106,0.0041,-,3.0109,1.5453,"31,642.26",4.5563,250
"Fresno, CA",Gas,1000 kg/day,Medium,0.17,0.0018,0.0106,0.0041,-,2.9908,1.5627,"33,619.90",4.5536,250
"Fresno, CA",Gas,1000 kg/day,Medium,0.18,0.0018,0.0106,0.0041,-,3.0025,1.5453,"35,597.54",4.5479,250
"Fresno, CA",Gas,1000 kg/day,Medium,0.19,0.0018,0.0106,0.0041,-,3.0085,1.5298,"37,575.18",4.5383,250
"Fresno, CA",Gas,1000 kg/day,Medium,0.20,0.0018,0.0106,0.0041,-,2.9914,1.5453,"39,552.82",4.5368,250
"Fresno, CA",Gas,1000 kg/day,Medium,0.21,0.0018,0.0106,0.0041,-,3.0019,1.5313,"41,530.47",4.5332,250
"Fresno, CA",Gas,1000 kg/day,Medium,0.22,0.0018,0.0106,0.0041,-,2.986,1.5453,"43,508.11",4.5314,250
"Fresno, CA",Gas,1000 kg/day,Medium,0.23,0.0018,0.0106,0.0041,-,2.9916,1.5325,"45,485.75",4.5241,250
"Fresno, CA",Gas,1000 kg/day,Medium,0.24,0.0018,0.0106,0.0041,-,3.0007,1.5453,"47,463.39",4.5461,250
"Fresno, CA",Gas,1000 kg/day,Medium,0.25,0.0018,0.0106,0.0041,-,2.9867,1.5335,"49,441.03",4.5202,250
"Fresno, CA",Gas,1000 kg/day,Medium,0.26,0.0018,0.0106,0.0041,-,2.9916,1.5453,"51,418.67",4.537,250
"Fresno, CA",Gas,1000 kg/day,Medium,0.27,0.0018,0.0106,0.0041,-,2.983,1.5344,"53,396.31",4.5174,250
"Fresno, CA",Gas,1000 kg/day,Medium,0.28,0.0018,0.0106,0.0041,-,2.9876,1.5453,"55,373.95",4.533,250
"Fresno, CA",Gas,1000 kg/day,Medium,0.29,0.0018,0.0106,0.0041,-,2.9914,1.5351,"57,351.59",4.5266,250
"Fresno, CA",Gas,1000 kg/day,Medium,0.30,0.0018,0.0106,0.0041,-,2.9837,1.5453,"59,329.24",4.5291,250
"Fresno, CA",Gas,1000 kg/day,Medium,0.31,0.0018,0.0106,0.0041,-,2.9878,1.5358,"61,306.88",4.5236,250
"Fresno, CA",Gas,1000 kg/day,Medium,0.32,0.0018,0.0106,0.0041,-,2.9772,1.5453,"63,284.52",4.5226,250
"Fresno, CA",Gas,1000 kg/day,Medium,0.33,0.0018,0.0106,0.0041,-,2.9842,1.5364,"65,262.16",4.5206,250
"Fresno, CA",Gas,1000 kg/day,Medium,0.34,0.0018,0.0106,0.0041,-,2.9747,1.5453,"67,239.80",4.5201,250
"Fresno, CA",Gas,1000 kg/day,Medium,0.35,0.0018,0.0106,0.0041,-,2.9785,1.5369,"69,217.44",4.5154,250
"Fresno, CA",Gas,1000 kg/day,Medium,0.36,0.0018,0.0106,0.0041,-,2.9845,1.5289,"71,195.08",4.5134,250
"Fresno, CA",Gas,1000 kg/day,Medium,0.37,0.0018,0.0106,0.0041,-,2.9758,1.5374,"73,172.72",4.5132,250
"Fresno, CA",Gas,1000 kg/day,Medium,0.38,0.0018,0.0106,0.0041,-,2.9793,1.5298,"75,150.37",4.5091,250
"Fresno, CA",Gas,1000 kg/day,Medium,0.39,0.0018,0.0106,0.0041,-,2.9733,1.5378,"77,128.01",4.5111,250
"Fresno, CA",Gas,1000 kg/day,Medium,0.40,0.0018,0.0106,0.0041,-,2.9766,1.5306,"79,105.65",4.5072,250
"Fresno, CA",Gas,1000 kg/day,Medium,0.41,0.0018,0.0106,0.0041,-,2.9798,1.5381,"81,083.29",4.518,250
"Fresno, CA",Gas,2000 kg/day,Medium,0.01,0.0018,0.0106,0.0041,-,3.4161,2.3723,"1,977.64",5.7884,250
"Fresno, CA",Gas,2000 kg/day,Medium,0.02,0.0018,0.0106,0.0041,-,3.2994,1.794,"3,955.28",5.0934,250
"Fresno, CA",Gas,2000 kg/day,Medium,0.03,0.0018,0.0106,0.0041,-,3.1361,1.6013,"5,932.92",4.7374,250
"Fresno, CA",Gas,2000 kg/day,Medium,0.04,0.0018,0.0106,0.0041,-,3.1361,1.5049,"7,910.56",4.641,250
"Fresno, CA",Gas,2000 kg/day,Medium,0.05,0.0018,0.0106,0.0041,-,3.0475,1.6784,"9,888.21",4.7259,250
"Fresno, CA",Gas,2000 kg/day,Medium,0.06,0.0018,0.0106,0.0041,-,3.0788,1.6013,"11,865.85",4.6801,250
"Fresno, CA",Gas,2000 kg/day,Medium,0.07,0.0018,0.0106,0.0041,-,3.0865,1.5462,"13,843.49",4.6328,250
"Fresno, CA",Gas,2000 kg/day,Medium,0.08,0.0018,0.0106,0.0041,-,3.0343,1.5049,"15,821.13",4.5392,250
"Fresno, CA",Gas,2000 kg/day,Medium,0.09,0.0018,0.0106,0.0041,-,3.0556,1.6013,"17,798.77",4.6569,250
"Fresno, CA",Gas,2000 kg/day,Medium,0.10,0.0018,0.0106,0.0041,-,3.0177,1.5627,"19,776.41",4.5805,250
"Fresno, CA",Gas,2000 kg/day,Medium,0.11,0.0018,0.0106,0.0041,-,3.0262,1.5312,"21,754.05",4.5574,250
"Fresno, CA",Gas,2000 kg/day,Medium,0.12,0.0018,0.0106,0.0041,-,3.0424,1.5049,"23,731.69",4.5473,250
"Fresno, CA",Gas,2000 kg/day,Medium,0.13,0.0018,0.0106,0.0041,-,3.0139,1.5716,"25,709.34",4.5856,250
"Fresno, CA",Gas,2000 kg/day,Medium,0.14,0.0018,0.0106,0.0041,-,3.0215,1.5462,"27,686.98",4.5678,250
"Fresno, CA",Gas,2000 kg/day,Medium,0.15,0.0018,0.0106,0.0041,-,3.0038,1.5242,"29,664.62",4.528,250
"Fresno, CA",Gas,2000 kg/day,Medium,0.16,0.0018,0.0106,0.0041,-,3.0109,1.5049,"31,642.26",4.5158,250
"Fresno, CA",Gas,2000 kg/day,Medium,0.17,0.0018,0.0106,0.0041,-,2.9908,1.5559,"33,619.90",4.5468,250
"Fresno, CA",Gas,2000 kg/day,Medium,0.18,0.0018,0.0106,0.0041,-,3.0025,1.537,"35,597.54",4.5395,250
"Fresno, CA",Gas,2000 kg/day,Medium,0.19,0.0018,0.0106,0.0041,-,3.0085,1.5201,"37,575.18",4.5286,250
"Fresno, CA",Gas,2000 kg/day,Medium,0.20,0.0018,0.0106,0.0041,-,2.9914,1.5049,"39,552.82",4.4963,250
"Fresno, CA",Gas,2000 kg/day,Medium,0.21,0.0018,0.0106,0.0041,-,3.0019,1.4911,"41,530.47",4.4931,250
"Fresno, CA",Gas,2000 kg/day,Medium,0.22,0.0018,0.0106,0.0041,-,2.986,1.5312,"43,508.11",4.5172,250
"Fresno, CA",Gas,2000 kg/day,Medium,0.23,0.0018,0.0106,0.0041,-,2.9916,1.5175,"45,485.75",4.5091,250
"Fresno, CA",Gas,2000 kg/day,Medium,0.24,0.0018,0.0106,0.0041,-,3.0007,1.5049,"47,463.39",4.5056,250
"Fresno, CA",Gas,2000 kg/day,Medium,0.25,0.0018,0.0106,0.0041,-,2.9867,1.4933,"49,441.03",4.4801,250
"Fresno, CA",Gas,2000 kg/day,Medium,0.26,0.0018,0.0106,0.0041,-,2.9916,1.5271,"51,418.67",4.5188,250
"Fresno, CA",Gas,2000 kg/day,Medium,0.27,0.0018,0.0106,0.0041,-,2.983,1.5156,"53,396.31",4.4986,250
"Fresno, CA",Gas,2000 kg/day,Medium,0.28,0.0018,0.0106,0.0041,-,2.9876,1.5049,"55,373.95",4.4925,250
"Fresno, CA",Gas,2000 kg/day,Medium,0.29,0.0018,0.0106,0.0041,-,2.9914,1.4949,"57,351.59",4.4864,250
"Fresno, CA",Gas,2000 kg/day,Medium,0.30,0.0018,0.0106,0.0041,-,2.9837,1.5242,"59,329.24",4.5079,250
"Fresno, CA",Gas,2000 kg/day,Medium,0.31,0.0018,0.0106,0.0041,-,2.9878,1.5142,"61,306.88",4.5021,250
"Fresno, CA",Gas,2000 kg/day,Medium,0.32,0.0018,0.0106,0.0041,-,2.9772,1.5049,"63,284.52",4.4821,250
"Fresno, CA",Gas,2000 kg/day,Medium,0.33,0.0018,0.0106,0.0041,-,2.9842,1.4961,"65,262.16",4.4804,250
"Fresno, CA",Gas,2000 kg/day,Medium,0.34,0.0018,0.0106,0.0041,-,2.9747,1.5219,"67,239.80",4.4966,250
"Fresno, CA",Gas,2000 kg/day,Medium,0.35,0.0018,0.0106,0.0041,-,2.9785,1.5132,"69,217.44",4.4917,250
"Fresno, CA",Gas,2000 kg/day,Medium,0.36,0.0018,0.0106,0.0041,-,2.9845,1.5049,"71,195.08",4.4894,250
"Fresno, CA",Gas,2000 kg/day,Medium,0.37,0.0018,0.0106,0.0041,-,2.9758,1.4971,"73,172.72",4.4729,250
"Fresno, CA",Gas,2000 kg/day,Medium,0.38,0.0018,0.0106,0.0041,-,2.9793,1.4897,"75,150.37",4.469,250
"Fresno, CA",Gas,2000 kg/day,Medium,0.39,0.0018,0.0106,0.0041,-,2.9733,1.5123,"77,128.01",4.4856,250
"Fresno, CA",Gas,2000 kg/day,Medium,0.40,0.0018,0.0106,0.0041,-,2.9766,1.5049,"79,105.65",4.4815,250
"Fresno, CA",Gas,2000 kg/day,Medium,0.41,0.0018,0.0106,0.0041,-,2.9798,1.4979,"81,083.29",4.4777,250
"Fresno, CA",Gas,3000 kg/day,Medium,0.01,0.0018,0.0106,0.0041,-,3.4161,1.7112,"1,977.64",5.1273,250
"Fresno, CA",Gas,3000 kg/day,Medium,0.02,0.0018,0.0106,0.0041,-,3.2994,1.7112,"3,955.28",5.0106,250
"Fresno, CA",Gas,3000 kg/day,Medium,0.03,0.0018,0.0106,0.0041,-,3.1361,1.7112,"5,932.92",4.8473,250
"Fresno, CA",Gas,3000 kg/day,Medium,0.04,0.0018,0.0106,0.0041,-,3.1361,1.7112,"7,910.56",4.8473,250
"Fresno, CA",Gas,3000 kg/day,Medium,0.05,0.0018,0.0106,0.0041,-,3.0475,1.7112,"9,888.21",4.7587,250
"Fresno, CA",Gas,3000 kg/day,Medium,0.06,0.0018,0.0106,0.0041,-,3.0788,1.4347,"11,865.85",4.5135,250
"Fresno, CA",Gas,3000 kg/day,Medium,0.07,0.0018,0.0106,0.0041,-,3.0865,1.4742,"13,843.49",4.5608,250
"Fresno, CA",Gas,3000 kg/day,Medium,0.08,0.0018,0.0106,0.0041,-,3.0343,1.5038,"15,821.13",4.5381,250
"Fresno, CA",Gas,3000 kg/day,Medium,0.09,0.0018,0.0106,0.0041,-,3.0556,1.5269,"17,798.77",4.5825,250
"Fresno, CA",Gas,3000 kg/day,Medium,0.10,0.0018,0.0106,0.0041,-,3.0177,1.5453,"19,776.41",4.563,250
"Fresno, CA",Gas,3000 kg/day,Medium,0.11,0.0018,0.0106,0.0041,-,3.0262,1.5604,"21,754.05",4.5866,250
"Fresno, CA",Gas,3000 kg/day,Medium,0.12,0.0018,0.0106,0.0041,-,3.0424,1.4347,"23,731.69",4.4771,250
"Fresno, CA",Gas,3000 kg/day,Medium,0.13,0.0018,0.0106,0.0041,-,3.0139,1.456,"25,709.34",4.4699,250
"Fresno, CA",Gas,3000 kg/day,Medium,0.14,0.0018,0.0106,0.0041,-,3.0215,1.4742,"27,686.98",4.4958,250
"Fresno, CA",Gas,3000 kg/day,Medium,0.15,0.0018,0.0106,0.0041,-,3.0038,1.49,"29,664.62",4.4938,250
"Fresno, CA",Gas,3000 kg/day,Medium,0.16,0.0018,0.0106,0.0041,-,3.0109,1.5038,"31,642.26",4.5148,250
"Fresno, CA",Gas,3000 kg/day,Medium,0.17,0.0018,0.0106,0.0041,-,2.9908,1.516,"33,619.90",4.5069,250
"Fresno, CA",Gas,3000 kg/day,Medium,0.18,0.0018,0.0106,0.0041,-,3.0025,1.4347,"35,597.54",4.4372,250
"Fresno, CA",Gas,3000 kg/day,Medium,0.19,0.0018,0.0106,0.0041,-,3.0085,1.4493,"37,575.18",4.4578,250
"Fresno, CA",Gas,3000 kg/day,Medium,0.20,0.0018,0.0106,0.0041,-,2.9914,1.4624,"39,552.82",4.4538,250
"Fresno, CA",Gas,3000 kg/day,Medium,0.21,0.0018,0.0106,0.0041,-,3.0019,1.4742,"41,530.47",4.4762,250
"Fresno, CA",Gas,3000 kg/day,Medium,0.22,0.0018,0.0106,0.0041,-,2.986,1.485,"43,508.11",4.471,250
"Fresno, CA",Gas,3000 kg/day,Medium,0.23,0.0018,0.0106,0.0041,-,2.9916,1.4227,"45,485.75",4.4143,250
"Fresno, CA",Gas,3000 kg/day,Medium,0.24,0.0018,0.0106,0.0041,-,3.0007,1.4347,"47,463.39",4.4354,250
"Fresno, CA",Gas,3000 kg/day,Medium,0.25,0.0018,0.0106,0.0041,-,2.9867,1.4458,"49,441.03",4.4325,250
"Fresno, CA",Gas,3000 kg/day,Medium,0.26,0.0018,0.0106,0.0041,-,2.9916,1.456,"51,418.67",4.4476,250
"Fresno, CA",Gas,3000 kg/day,Medium,0.27,0.0018,0.0106,0.0041,-,2.983,1.4654,"53,396.31",4.4485,250
"Fresno, CA",Gas,3000 kg/day,Medium,0.28,0.0018,0.0106,0.0041,-,2.9876,1.4742,"55,373.95",4.4619,250
"Fresno, CA",Gas,3000 kg/day,Medium,0.29,0.0018,0.0106,0.0041,-,2.9914,1.4252,"57,351.59",4.4166,250
"Fresno, CA",Gas,3000 kg/day,Medium,0.30,0.0018,0.0106,0.0041,-,2.9837,1.4347,"59,329.24",4.4184,250
"Fresno, CA",Gas,3000 kg/day,Medium,0.31,0.0018,0.0106,0.0041,-,2.9878,1.4436,"61,306.88",4.4315,250
"Fresno, CA",Gas,3000 kg/day,Medium,0.32,0.0018,0.0106,0.0041,-,2.9772,1.452,"63,284.52",4.4292,250
"Fresno, CA",Gas,3000 kg/day,Medium,0.33,0.0018,0.0106,0.0041,-,2.9842,1.4598,"65,262.16",4.4441,250
"Fresno, CA",Gas,3000 kg/day,Medium,0.34,0.0018,0.0106,0.0041,-,2.9747,1.4672,"67,239.80",4.442,250
"Fresno, CA",Gas,3000 kg/day,Medium,0.35,0.0018,0.0106,0.0041,-,2.9785,1.4268,"69,217.44",4.4054,250
"Fresno, CA",Gas,3000 kg/day,Medium,0.36,0.0018,0.0106,0.0041,-,2.9845,1.4347,"71,195.08",4.4192,250
"Fresno, CA",Gas,3000 kg/day,Medium,0.37,0.0018,0.0106,0.0041,-,2.9758,1.4422,"73,172.72",4.418,250
"Fresno, CA",Gas,3000 kg/day,Medium,0.38,0.0018,0.0106,0.0041,-,2.9793,1.4493,"75,150.37",4.4286,250
"Fresno, CA",Gas,3000 kg/day,Medium,0.39,0.0018,0.0106,0.0041,-,2.9733,1.456,"77,128.01",4.4293,250
"Fresno, CA",Gas,3000 kg/day,Medium,0.40,0.0018,0.0106,0.0041,-,2.9766,1.4209,"79,105.65",4.3975,250
"Fresno, CA",Gas,3000 kg/day,Medium,0.41,0.0018,0.0106,0.0041,-,2.9798,1.428,"81,083.29",4.4078,250
"Fresno, CA",Liquid,1000 kg/day,Medium,0.01,0.03,0.0255,0.0155,-,3.5775,1.1227,"1,977.64",4.7003,250
"Fresno, CA",Liquid,1000 kg/day,Medium,0.02,0.03,0.0255,0.0155,-,3.5775,0.9389,"3,955.28",4.5165,250
"Fresno, CA",Liquid,1000 kg/day,Medium,0.03,0.03,0.0255,0.0155,-,3.4171,1.0002,"5,932.92",4.4173,250
"Fresno, CA",Liquid,1000 kg/day,Medium,0.04,0.03,0.0255,0.0155,-,3.4572,0.9389,"7,910.56",4.3962,250
"Fresno, CA",Liquid,1000 kg/day,Medium,0.05,0.03,0.0255,0.0155,-,3.385,0.9757,"9,888.21",4.3607,250
"Fresno, CA",Liquid,1000 kg/day,Medium,0.06,0.03,0.0255,0.0155,-,3.4171,0.9389,"11,865.85",4.3561,250
"Fresno, CA",Liquid,1000 kg/day,Medium,0.07,0.03,0.0255,0.0155,-,3.3713,0.9652,"13,843.49",4.3365,250
"Fresno, CA",Liquid,1000 kg/day,Medium,0.08,0.03,0.0255,0.0155,-,3.3971,0.9389,"15,821.13",4.3361,250
"Fresno, CA",Liquid,1000 kg/day,Medium,0.09,0.03,0.0255,0.0155,-,3.3301,0.9594,"17,798.77",4.2895,250
"Fresno, CA",Liquid,1000 kg/day,Medium,0.10,0.03,0.0255,0.0155,-,3.319,0.9389,"19,776.41",4.258,250
"Fresno, CA",Liquid,1000 kg/day,Medium,0.11,0.03,0.0255,0.0155,-,3.2683,0.9556,"21,754.05",4.224,250
"Fresno, CA",Liquid,1000 kg/day,Medium,0.12,0.03,0.0255,0.0155,-,3.2563,0.9389,"23,731.69",4.1953,250
"Fresno, CA",Liquid,1000 kg/day,Medium,0.13,0.03,0.0255,0.0155,-,3.2151,0.9531,"25,709.34",4.1682,250
"Fresno, CA",Liquid,1000 kg/day,Medium,0.14,0.03,0.0255,0.0155,-,3.2059,0.9389,"27,686.98",4.1449,250
"Fresno, CA",Liquid,1000 kg/day,Medium,0.15,0.03,0.0255,0.0155,-,3.1713,0.9512,"29,664.62",4.1225,250
"Fresno, CA",Liquid,1000 kg/day,Medium,0.16,0.03,0.0255,0.0155,-,3.164,0.9389,"31,642.26",4.103,250
"Fresno, CA",Liquid,1000 kg/day,Medium,0.17,0.03,0.0255,0.0155,-,3.1342,0.9498,"33,619.90",4.084,250
"Fresno, CA",Liquid,1000 kg/day,Medium,0.18,0.03,0.0255,0.0155,-,3.1283,0.9389,"35,597.54",4.0673,250
"Fresno, CA",Liquid,1000 kg/day,Medium,0.19,0.03,0.0255,0.0155,-,3.1022,0.9293,"37,575.18",4.0315,250
"Fresno, CA",Liquid,1000 kg/day,Medium,0.20,0.03,0.0255,0.0155,-,3.0973,0.9389,"39,552.82",4.0363,250
"Fresno, CA",Liquid,1000 kg/day,Medium,0.21,0.03,0.0255,0.0155,-,3.0741,0.9302,"41,530.47",4.0043,250
"Fresno, CA",Liquid,1000 kg/day,Medium,0.22,0.03,0.0255,0.0155,-,3.0723,0.9389,"43,508.11",4.0113,250
"Fresno, CA",Liquid,1000 kg/day,Medium,0.23,0.03,0.0255,0.0155,-,3.0492,0.9309,"45,485.75",3.9802,250
"Fresno, CA",Liquid,1000 kg/day,Medium,0.24,0.03,0.0255,0.0155,-,3.0478,0.9389,"47,463.39",3.9868,250
"Fresno, CA",Liquid,1000 kg/day,Medium,0.25,0.03,0.0255,0.0155,-,3.0441,0.9316,"49,441.03",3.9757,250
"Fresno, CA",Liquid,1000 kg/day,Medium,0.26,0.03,0.0255,0.0155,-,3.0257,0.9389,"51,418.67",3.9647,250
"Fresno, CA",Liquid,1000 kg/day,Medium,0.27,0.03,0.0255,0.0155,-,3.0226,0.9321,"53,396.31",3.9548,250
"Fresno, CA",Liquid,1000 kg/day,Medium,0.28,0.03,0.0255,0.0155,-,3.0057,0.9389,"55,373.95",3.9447,250
"Fresno, CA",Liquid,1000 kg/day,Medium,0.29,0.03,0.0255,0.0155,-,3.003,0.9326,"57,351.59",3.9356,250
"Fresno, CA",Liquid,1000 kg/day,Medium,0.30,0.03,0.0255,0.0155,-,2.9874,0.9389,"59,329.24",3.9264,250
"Fresno, CA",Liquid,1000 kg/day,Medium,0.31,0.03,0.0255,0.0155,-,2.985,0.933,"61,306.88",3.918,250
"Fresno, CA",Liquid,1000 kg/day,Medium,0.32,0.03,0.0255,0.0155,-,2.9706,0.9389,"63,284.52",3.9096,250
"Fresno, CA",Liquid,1000 kg/day,Medium,0.33,0.03,0.0255,0.0155,-,2.97,0.9334,"65,262.16",3.9034,250
"Fresno, CA",Liquid,1000 kg/day,Medium,0.34,0.03,0.0255,0.0155,-,2.955,0.9389,"67,239.80",3.894,250
"Fresno, CA",Liquid,1000 kg/day,Medium,0.35,0.03,0.0255,0.0155,-,2.9546,0.9337,"69,217.44",3.8883,250
"Fresno, CA",Liquid,1000 kg/day,Medium,0.36,0.03,0.0255,0.0155,-,2.9406,0.9287,"71,195.08",3.8693,250
"Fresno, CA",Liquid,1000 kg/day,Medium,0.37,0.03,0.0255,0.0155,-,2.9402,0.934,"73,172.72",3.8742,250
"Fresno, CA",Liquid,1000 kg/day,Medium,0.38,0.03,0.0255,0.0155,-,2.9271,0.9293,"75,150.37",3.8564,250
"Fresno, CA",Liquid,1000 kg/day,Medium,0.39,0.03,0.0255,0.0155,-,2.9269,0.9342,"77,128.01",3.8611,250
"Fresno, CA",Liquid,1000 kg/day,Medium,0.40,0.03,0.0255,0.0155,-,2.9145,0.9298,"79,105.65",3.8443,250
"Fresno, CA",Liquid,1000 kg/day,Medium,0.41,0.03,0.0255,0.0155,-,2.9143,0.9345,"81,083.29",3.8488,250
"Fresno, CA",Liquid,2000 kg/day,Medium,0.01,0.03,0.0255,0.0155,-,3.5775,1.0029,"1,977.64",4.5805,250
"Fresno, CA",Liquid,2000 kg/day,Medium,0.02,0.03,0.0255,0.0155,-,3.5775,0.7572,"3,955.28",4.3347,250
"Fresno, CA",Liquid,2000 kg/day,Medium,0.03,0.03,0.0255,0.0155,-,3.4171,0.6753,"5,932.92",4.0924,250
"Fresno, CA",Liquid,2000 kg/day,Medium,0.04,0.03,0.0255,0.0155,-,3.4572,0.6343,"7,910.56",4.0915,250
"Fresno, CA",Liquid,2000 kg/day,Medium,0.05,0.03,0.0255,0.0155,-,3.385,0.708,"9,888.21",4.0931,250
"Fresno, CA",Liquid,2000 kg/day,Medium,0.06,0.03,0.0255,0.0155,-,3.4171,0.6753,"11,865.85",4.0924,250
"Fresno, CA",Liquid,2000 kg/day,Medium,0.07,0.03,0.0255,0.0155,-,3.3713,0.6519,"13,843.49",4.0232,250
"Fresno, CA",Liquid,2000 kg/day,Medium,0.08,0.03,0.0255,0.0155,-,3.3971,0.6343,"15,821.13",4.0314,250
"Fresno, CA",Liquid,2000 kg/day,Medium,0.09,0.03,0.0255,0.0155,-,3.3301,0.6753,"17,798.77",4.0054,250
"Fresno, CA",Liquid,2000 kg/day,Medium,0.10,0.03,0.0255,0.0155,-,3.319,0.6589,"19,776.41",3.9779,250
"Fresno, CA",Liquid,2000 kg/day,Medium,0.11,0.03,0.0255,0.0155,-,3.2683,0.6455,"21,754.05",3.9138,250
"Fresno, CA",Liquid,2000 kg/day,Medium,0.12,0.03,0.0255,0.0155,-,3.2563,0.6343,"23,731.69",3.8906,250
"Fresno, CA",Liquid,2000 kg/day,Medium,0.13,0.03,0.0255,0.0155,-,3.2151,0.6627,"25,709.34",3.8778,250
"Fresno, CA",Liquid,2000 kg/day,Medium,0.14,0.03,0.0255,0.0155,-,3.2059,0.6519,"27,686.98",3.8578,250
"Fresno, CA",Liquid,2000 kg/day,Medium,0.15,0.03,0.0255,0.0155,-,3.1713,0.6425,"29,664.62",3.8138,250
"Fresno, CA",Liquid,2000 kg/day,Medium,0.16,0.03,0.0255,0.0155,-,3.164,0.6343,"31,642.26",3.7983,250
"Fresno, CA",Liquid,2000 kg/day,Medium,0.17,0.03,0.0255,0.0155,-,3.1342,0.656,"33,619.90",3.7902,250
"Fresno, CA",Liquid,2000 kg/day,Medium,0.18,0.03,0.0255,0.0155,-,3.1283,0.648,"35,597.54",3.7763,250
"Fresno, CA",Liquid,2000 kg/day,Medium,0.19,0.03,0.0255,0.0155,-,3.1022,0.6408,"37,575.18",3.743,250
"Fresno, CA",Liquid,2000 kg/day,Medium,0.20,0.03,0.0255,0.0155,-,3.0973,0.6343,"39,552.82",3.7316,250
"Fresno, CA",Liquid,2000 kg/day,Medium,0.21,0.03,0.0255,0.0155,-,3.0741,0.6285,"41,530.47",3.7026,250
"Fresno, CA",Liquid,2000 kg/day,Medium,0.22,0.03,0.0255,0.0155,-,3.0723,0.6455,"43,508.11",3.7178,250
"Fresno, CA",Liquid,2000 kg/day,Medium,0.23,0.03,0.0255,0.0155,-,3.0492,0.6397,"45,485.75",3.6889,250
"Fresno, CA",Liquid,2000 kg/day,Medium,0.24,0.03,0.0255,0.0155,-,3.0478,0.6343,"47,463.39",3.6821,250
"Fresno, CA",Liquid,2000 kg/day,Medium,0.25,0.03,0.0255,0.0155,-,3.0441,0.6294,"49,441.03",3.6735,250
"Fresno, CA",Liquid,2000 kg/day,Medium,0.26,0.03,0.0255,0.0155,-,3.0257,0.6438,"51,418.67",3.6695,250
"Fresno, CA",Liquid,2000 kg/day,Medium,0.27,0.03,0.0255,0.0155,-,3.0226,0.6389,"53,396.31",3.6615,250
"Fresno, CA",Liquid,2000 kg/day,Medium,0.28,0.03,0.0255,0.0155,-,3.0057,0.6343,"55,373.95",3.64,250
"Fresno, CA",Liquid,2000 kg/day,Medium,0.29,0.03,0.0255,0.0155,-,3.003,0.6301,"57,351.59",3.6331,250
"Fresno, CA",Liquid,2000 kg/day,Medium,0.30,0.03,0.0255,0.0155,-,2.9874,0.6425,"59,329.24",3.6299,250
"Fresno, CA",Liquid,2000 kg/day,Medium,0.31,0.03,0.0255,0.0155,-,2.985,0.6383,"61,306.88",3.6233,250
"Fresno, CA",Liquid,2000 kg/day,Medium,0.32,0.03,0.0255,0.0155,-,2.9706,0.6343,"63,284.52",3.6049,250
"Fresno, CA",Liquid,2000 kg/day,Medium,0.33,0.03,0.0255,0.0155,-,2.97,0.6306,"65,262.16",3.6006,250
"Fresno, CA",Liquid,2000 kg/day,Medium,0.34,0.03,0.0255,0.0155,-,2.955,0.6415,"67,239.80",3.5966,250
"Fresno, CA",Liquid,2000 kg/day,Medium,0.35,0.03,0.0255,0.0155,-,2.9546,0.6378,"69,217.44",3.5924,250
"Fresno, CA",Liquid,2000 kg/day,Medium,0.36,0.03,0.0255,0.0155,-,2.9406,0.6343,"71,195.08",3.5749,250
"Fresno, CA",Liquid,2000 kg/day,Medium,0.37,0.03,0.0255,0.0155,-,2.9402,0.631,"73,172.72",3.5712,250
"Fresno, CA",Liquid,2000 kg/day,Medium,0.38,0.03,0.0255,0.0155,-,2.9271,0.6278,"75,150.37",3.555,250
"Fresno, CA",Liquid,2000 kg/day,Medium,0.39,0.03,0.0255,0.0155,-,2.9269,0.6375,"77,128.01",3.5644,250
"Fresno, CA",Liquid,2000 kg/day,Medium,0.40,0.03,0.0255,0.0155,-,2.9145,0.6343,"79,105.65",3.5488,250
"Fresno, CA",Liquid,2000 kg/day,Medium,0.41,0.03,0.0255,0.0155,-,2.9143,0.6313,"81,083.29",3.5456,250
"Fresno, CA",Liquid,3000 kg/day,Medium,0.01,0.03,0.0255,0.0155,-,3.5775,0.7176,"1,977.64",4.2951,250
"Fresno, CA",Liquid,3000 kg/day,Medium,0.02,0.03,0.0255,0.0155,-,3.5775,0.7176,"3,955.28",4.2951,250
"Fresno, CA",Liquid,3000 kg/day,Medium,0.03,0.03,0.0255,0.0155,-,3.4171,0.7176,"5,932.92",4.1347,250
"Fresno, CA",Liquid,3000 kg/day,Medium,0.04,0.03,0.0255,0.0155,-,3.4572,0.7176,"7,910.56",4.1748,250
"Fresno, CA",Liquid,3000 kg/day,Medium,0.05,0.03,0.0255,0.0155,-,3.385,0.7176,"9,888.21",4.1026,250
"Fresno, CA",Liquid,3000 kg/day,Medium,0.06,0.03,0.0255,0.0155,-,3.4171,0.6013,"11,865.85",4.0184,250
"Fresno, CA",Liquid,3000 kg/day,Medium,0.07,0.03,0.0255,0.0155,-,3.3713,0.6179,"13,843.49",3.9892,250
"Fresno, CA",Liquid,3000 kg/day,Medium,0.08,0.03,0.0255,0.0155,-,3.3971,0.6304,"15,821.13",4.0275,250
"Fresno, CA",Liquid,3000 kg/day,Medium,0.09,0.03,0.0255,0.0155,-,3.3301,0.6401,"17,798.77",3.9702,250
"Fresno, CA",Liquid,3000 kg/day,Medium,0.10,0.03,0.0255,0.0155,-,3.319,0.6478,"19,776.41",3.9668,250
"Fresno, CA",Liquid,3000 kg/day,Medium,0.11,0.03,0.0255,0.0155,-,3.2683,0.6542,"21,754.05",3.9225,250
"Fresno, CA",Liquid,3000 kg/day,Medium,0.12,0.03,0.0255,0.0155,-,3.2563,0.6013,"23,731.69",3.8576,250
"Fresno, CA",Liquid,3000 kg/day,Medium,0.13,0.03,0.0255,0.0155,-,3.2151,0.6103,"25,709.34",3.8254,250
"Fresno, CA",Liquid,3000 kg/day,Medium,0.14,0.03,0.0255,0.0155,-,3.2059,0.6179,"27,686.98",3.8238,250
"Fresno, CA",Liquid,3000 kg/day,Medium,0.15,0.03,0.0255,0.0155,-,3.1713,0.6246,"29,664.62",3.7959,250
"Fresno, CA",Liquid,3000 kg/day,Medium,0.16,0.03,0.0255,0.0155,-,3.164,0.6304,"31,642.26",3.7944,250
"Fresno, CA",Liquid,3000 kg/day,Medium,0.17,0.03,0.0255,0.0155,-,3.1342,0.6355,"33,619.90",3.7697,250
"Fresno, CA",Liquid,3000 kg/day,Medium,0.18,0.03,0.0255,0.0155,-,3.1283,0.6013,"35,597.54",3.7296,250
"Fresno, CA",Liquid,3000 kg/day,Medium,0.19,0.03,0.0255,0.0155,-,3.1022,0.6074,"37,575.18",3.7097,250
"Fresno, CA",Liquid,3000 kg/day,Medium,0.20,0.03,0.0255,0.0155,-,3.0973,0.6129,"39,552.82",3.7103,250
"Fresno, CA",Liquid,3000 kg/day,Medium,0.21,0.03,0.0255,0.0155,-,3.0741,0.6179,"41,530.47",3.692,250
"Fresno, CA",Liquid,3000 kg/day,Medium,0.22,0.03,0.0255,0.0155,-,3.0723,0.6225,"43,508.11",3.6948,250
"Fresno, CA",Liquid,3000 kg/day,Medium,0.23,0.03,0.0255,0.0155,-,3.0492,0.5963,"45,485.75",3.6455,250
"Fresno, CA",Liquid,3000 kg/day,Medium,0.24,0.03,0.0255,0.0155,-,3.0478,0.6013,"47,463.39",3.6491,250
"Fresno, CA",Liquid,3000 kg/day,Medium,0.25,0.03,0.0255,0.0155,-,3.0441,0.606,"49,441.03",3.6501,250
"Fresno, CA",Liquid,3000 kg/day,Medium,0.26,0.03,0.0255,0.0155,-,3.0257,0.6103,"51,418.67",3.636,250
"Fresno, CA",Liquid,3000 kg/day,Medium,0.27,0.03,0.0255,0.0155,-,3.0226,0.6142,"53,396.31",3.6369,250
"Fresno, CA",Liquid,3000 kg/day,Medium,0.28,0.03,0.0255,0.0155,-,3.0057,0.6179,"55,373.95",3.6236,250
"Fresno, CA",Liquid,3000 kg/day,Medium,0.29,0.03,0.0255,0.0155,-,3.003,0.5973,"57,351.59",3.6003,250
"Fresno, CA",Liquid,3000 kg/day,Medium,0.30,0.03,0.0255,0.0155,-,2.9874,0.6013,"59,329.24",3.5887,250
"Fresno, CA",Liquid,3000 kg/day,Medium,0.31,0.03,0.0255,0.0155,-,2.985,0.6051,"61,306.88",3.5901,250
"Fresno, CA",Liquid,3000 kg/day,Medium,0.32,0.03,0.0255,0.0155,-,2.9706,0.6086,"63,284.52",3.5792,250
"Fresno, CA",Liquid,3000 kg/day,Medium,0.33,0.03,0.0255,0.0155,-,2.97,0.6119,"65,262.16",3.5819,250
"Fresno, CA",Liquid,3000 kg/day,Medium,0.34,0.03,0.0255,0.0155,-,2.955,0.615,"67,239.80",3.57,250
"Fresno, CA",Liquid,3000 kg/day,Medium,0.35,0.03,0.0255,0.0155,-,2.9546,0.598,"69,217.44",3.5526,250
"Fresno, CA",Liquid,3000 kg/day,Medium,0.36,0.03,0.0255,0.0155,-,2.9406,0.6013,"71,195.08",3.5419,250
"Fresno, CA",Liquid,3000 kg/day,Medium,0.37,0.03,0.0255,0.0155,-,2.9402,0.6045,"73,172.72",3.5447,250
"Fresno, CA",Liquid,3000 kg/day,Medium,0.38,0.03,0.0255,0.0155,-,2.9271,0.6074,"75,150.37",3.5346,250
"Fresno, CA",Liquid,3000 kg/day,Medium,0.39,0.03,0.0255,0.0155,-,2.9269,0.6103,"77,128.01",3.5372,250
"Fresno, CA",Liquid,3000 kg/day,Medium,0.40,0.03,0.0255,0.0155,-,2.9145,0.5955,"79,105.65",3.51,250
"Fresno, CA",Liquid,3000 kg/day,Medium,0.41,0.03,0.0255,0.0155,-,2.9143,0.5985,"81,083.29",3.5128,250
"Fresno, CA",Pipe,1000 kg/day,Medium,0.01,0.0255,0.0003,0.0041,9.7679,51.5235,2.2536,"1,977.64",63.545,250
"Fresno, CA",Pipe,1000 kg/day,Medium,0.02,0.0255,0.0003,0.0041,6.303,26.0896,1.9084,"3,955.28",34.301,250
"Fresno, CA",Pipe,1000 kg/day,Medium,0.03,0.0255,0.0003,0.0041,5.3157,17.6161,2.0235,"5,932.92",24.9554,250
"Fresno, CA",Pipe,1000 kg/day,Medium,0.04,0.0255,0.0003,0.0041,4.4621,13.3137,1.9084,"7,910.56",19.6842,250
"Fresno, CA",Pipe,1000 kg/day,Medium,0.05,0.0255,0.0003,0.0041,4.0728,10.7832,1.9774,"9,888.21",16.8334,250
"Fresno, CA",Pipe,1000 kg/day,Medium,0.06,0.0255,0.0003,0.0041,3.6529,9.0508,1.9084,"11,865.85",14.6121,250
"Fresno, CA",Pipe,1000 kg/day,Medium,0.07,0.0255,0.0003,0.0041,3.4357,7.8549,1.9577,"13,843.49",13.2484,250
"Fresno, CA",Pipe,1000 kg/day,Medium,0.08,0.0255,0.0003,0.0041,3.1731,6.9186,1.9084,"15,821.13",12.0001,250
"Fresno, CA",Pipe,1000 kg/day,Medium,0.09,0.0255,0.0003,0.0041,3.0296,6.1923,1.9468,"17,798.77",11.1686,250
"Fresno, CA",Pipe,1000 kg/day,Medium,0.10,0.0255,0.0003,0.0041,2.8495,5.6883,1.9084,"19,776.41",10.4463,250
"Fresno, CA",Pipe,1000 kg/day,Medium,0.11,0.0255,0.0003,0.0041,2.7472,5.1993,1.9398,"21,754.05",9.8862,250
"Fresno, CA",Pipe,1000 kg/day,Medium,0.12,0.0255,0.0003,0.0041,2.6138,4.7926,1.9084,"23,731.69",9.3148,250
"Fresno, CA",Pipe,1000 kg/day,Medium,0.13,0.0255,0.0003,0.0041,2.5294,4.4491,1.935,"25,709.34",8.9135,250
"Fresno, CA",Pipe,1000 kg/day,Medium,0.14,0.0255,0.0003,0.0041,2.4231,4.1553,1.9084,"27,686.98",8.4868,250
"Fresno, CA",Pipe,1000 kg/day,Medium,0.15,0.0255,0.0003,0.0041,2.3602,3.9013,1.9314,"29,664.62",8.1929,250
"Fresno, CA",Pipe,1000 kg/day,Medium,0.16,0.0255,0.0003,0.0041,2.2747,3.6795,1.9084,"31,642.26",7.8626,250
"Fresno, CA",Pipe,1000 kg/day,Medium,0.17,0.0255,0.0003,0.0041,2.2236,3.4843,1.9287,"33,619.90",7.6366,250
"Fresno, CA",Pipe,1000 kg/day,Medium,0.18,0.0255,0.0003,0.0041,2.1529,3.358,1.9084,"35,597.54",7.4193,250
"Fresno, CA",Pipe,1000 kg/day,Medium,0.19,0.0255,0.0003,0.0041,2.089,3.1971,1.8902,"37,575.18",7.1763,250
"Fresno, CA",Pipe,1000 kg/day,Medium,0.20,0.0255,0.0003,0.0041,2.0508,3.0524,1.9084,"39,552.82",7.0117,250
"Fresno, CA",Pipe,1000 kg/day,Medium,0.21,0.0255,0.0003,0.0041,1.9965,2.9218,1.892,"41,530.47",6.8102,250
"Fresno, CA",Pipe,1000 kg/day,Medium,0.22,0.0255,0.0003,0.0041,1.9639,2.8034,1.9084,"43,508.11",6.6757,250
"Fresno, CA",Pipe,1000 kg/day,Medium,0.23,0.0255,0.0003,0.0041,1.917,2.6954,1.8934,"45,485.75",6.5057,250
"Fresno, CA",Pipe,1000 kg/day,Medium,0.24,0.0255,0.0003,0.0041,1.8819,2.5965,1.9084,"47,463.39",6.3868,250
"Fresno, CA",Pipe,1000 kg/day,Medium,0.25,0.0255,0.0003,0.0041,1.8397,2.5058,1.8946,"49,441.03",6.2401,250
"Fresno, CA",Pipe,1000 kg/day,Medium,0.26,0.0255,0.0003,0.0041,1.814,2.4223,1.9084,"51,418.67",6.1447,250
"Fresno, CA",Pipe,1000 kg/day,Medium,0.27,0.0255,0.0003,0.0041,1.7767,2.3451,1.8956,"53,396.31",6.0174,250
"Fresno, CA",Pipe,1000 kg/day,Medium,0.28,0.0255,0.0003,0.0041,1.7539,2.3088,1.9084,"55,373.95",5.9711,250
"Fresno, CA",Pipe,1000 kg/day,Medium,0.29,0.0255,0.0003,0.0041,1.7207,2.2391,1.8965,"57,351.59",5.8563,250
"Fresno, CA",Pipe,1000 kg/day,Medium,0.30,0.0255,0.0003,0.0041,1.7003,2.1741,1.9084,"59,329.24",5.7829,250
"Fresno, CA",Pipe,1000 kg/day,Medium,0.31,0.0255,0.0003,0.0041,1.6705,2.1135,1.8973,"61,306.88",5.6813,250
"Fresno, CA",Pipe,1000 kg/day,Medium,0.32,0.0255,0.0003,0.0041,1.6523,2.0568,1.9084,"63,284.52",5.6175,250
"Fresno, CA",Pipe,1000 kg/day,Medium,0.33,0.0255,0.0003,0.0041,1.6253,2.0035,1.8979,"65,262.16",5.5267,250
"Fresno, CA",Pipe,1000 kg/day,Medium,0.34,0.0255,0.0003,0.0041,1.6088,1.9535,1.9084,"67,239.80",5.4707,250
"Fresno, CA",Pipe,1000 kg/day,Medium,0.35,0.0255,0.0003,0.0041,1.5843,1.9064,1.8985,"69,217.44",5.3893,250
"Fresno, CA",Pipe,1000 kg/day,Medium,0.36,0.0255,0.0003,0.0041,1.561,1.862,1.8892,"71,195.08",5.3122,250
"Fresno, CA",Pipe,1000 kg/day,Medium,0.37,0.0255,0.0003,0.0041,1.5469,1.8202,1.8991,"73,172.72",5.2662,250
"Fresno, CA",Pipe,1000 kg/day,Medium,0.38,0.0255,0.0003,0.0041,1.5256,1.7806,1.8902,"75,150.37",5.1964,250
"Fresno, CA",Pipe,1000 kg/day,Medium,0.39,0.0255,0.0003,0.0041,1.5126,1.7431,1.8995,"77,128.01",5.1553,250
"Fresno, CA",Pipe,1000 kg/day,Medium,0.40,0.0255,0.0003,0.0041,1.4868,1.7075,1.8911,"79,105.65",5.0855,250
"Fresno, CA",Pipe,1000 kg/day,Medium,0.41,0.0255,0.0003,0.0041,1.4744,1.6737,1.9,"81,083.29",5.0481,250
"Fresno, CA",Pipe,2000 kg/day,Medium,0.01,0.0255,0.0003,0.0041,8.0056,51.5235,2.9076,"1,977.64",62.4367,250
"Fresno, CA",Pipe,2000 kg/day,Medium,0.02,0.0255,0.0003,0.0041,4.9078,26.0896,2.2262,"3,955.28",33.2237,250
"Fresno, CA",Pipe,2000 kg/day,Medium,0.03,0.0255,0.0003,0.0041,3.7838,17.6161,1.9991,"5,932.92",23.399,250
"Fresno, CA",Pipe,2000 kg/day,Medium,0.04,0.0255,0.0003,0.0041,3.1797,13.3137,1.8856,"7,910.56",18.379,250
"Fresno, CA",Pipe,2000 kg/day,Medium,0.05,0.0255,0.0003,0.0041,3.009,10.7832,2.09,"9,888.21",15.8821,250
"Fresno, CA",Pipe,2000 kg/day,Medium,0.06,0.0255,0.0003,0.0041,2.6876,9.0508,1.9991,"11,865.85",13.7375,250
"Fresno, CA",Pipe,2000 kg/day,Medium,0.07,0.0255,0.0003,0.0041,2.4473,7.8549,1.9342,"13,843.49",12.2364,250
"Fresno, CA",Pipe,2000 kg/day,Medium,0.08,0.0255,0.0003,0.0041,2.2626,6.9186,1.8856,"15,821.13",11.0668,250
"Fresno, CA",Pipe,2000 kg/day,Medium,0.09,0.0255,0.0003,0.0041,2.2067,6.1923,1.9991,"17,798.77",10.3981,250
"Fresno, CA",Pipe,2000 kg/day,Medium,0.10,0.0255,0.0003,0.0041,2.0734,5.6883,1.9537,"19,776.41",9.7154,250
"Fresno, CA",Pipe,2000 kg/day,Medium,0.11,0.0255,0.0003,0.0041,1.9624,5.1993,1.9165,"21,754.05",9.0782,250
"Fresno, CA",Pipe,2000 kg/day,Medium,0.12,0.0255,0.0003,0.0041,1.8607,4.7926,1.8856,"23,731.69",8.5388,250
"Fresno, CA",Pipe,2000 kg/day,Medium,0.13,0.0255,0.0003,0.0041,1.8308,4.4491,1.9642,"25,709.34",8.2441,250
"Fresno, CA",Pipe,2000 kg/day,Medium,0.14,0.0255,0.0003,0.0041,1.7532,4.1553,1.9342,"27,686.98",7.8427,250
"Fresno, CA",Pipe,2000 kg/day,Medium,0.15,0.0255,0.0003,0.0041,1.6852,3.9013,1.9083,"29,664.62",7.4948,250
"Fresno, CA",Pipe,2000 kg/day,Medium,0.16,0.0255,0.0003,0.0041,1.6249,3.6795,1.8856,"31,642.26",7.1899,250
"Fresno, CA",Pipe,2000 kg/day,Medium,0.17,0.0255,0.0003,0.0041,1.6069,3.4843,1.9457,"33,619.90",7.0369,250
"Fresno, CA",Pipe,2000 kg/day,Medium,0.18,0.0255,0.0003,0.0041,1.556,3.358,1.9234,"35,597.54",6.8374,250
"Fresno, CA",Pipe,2000 kg/day,Medium,0.19,0.0255,0.0003,0.0041,1.51,3.1971,1.9035,"37,575.18",6.6105,250
"Fresno, CA",Pipe,2000 kg/day,Medium,0.20,0.0255,0.0003,0.0041,1.4628,3.0524,1.8856,"39,552.82",6.4008,250
"Fresno, CA",Pipe,2000 kg/day,Medium,0.21,0.0255,0.0003,0.0041,1.4235,2.9218,1.8693,"41,530.47",6.2146,250
"Fresno, CA",Pipe,2000 kg/day,Medium,0.22,0.0255,0.0003,0.0041,1.4121,2.8034,1.9165,"43,508.11",6.132,250
"Fresno, CA",Pipe,2000 kg/day,Medium,0.23,0.0255,0.0003,0.0041,1.3775,2.6954,1.9004,"45,485.75",5.9732,250
"Fresno, CA",Pipe,2000 kg/day,Medium,0.24,0.0255,0.0003,0.0041,1.3454,2.5965,1.8856,"47,463.39",5.8275,250
"Fresno, CA",Pipe,2000 kg/day,Medium,0.25,0.0255,0.0003,0.0041,1.3157,2.5058,1.8719,"49,441.03",5.6935,250
"Fresno, CA",Pipe,2000 kg/day,Medium,0.26,0.0255,0.0003,0.0041,1.3075,2.4223,1.9118,"51,418.67",5.6416,250
"Fresno, CA",Pipe,2000 kg/day,Medium,0.27,0.0255,0.0003,0.0041,1.2809,2.3451,1.8982,"53,396.31",5.5242,250
"Fresno, CA",Pipe,2000 kg/day,Medium,0.28,0.0255,0.0003,0.0041,1.2561,2.3088,1.8856,"55,373.95",5.4504,250
"Fresno, CA",Pipe,2000 kg/day,Medium,0.29,0.0255,0.0003,0.0041,1.2328,2.2391,1.8738,"57,351.59",5.3457,250
"Fresno, CA",Pipe,2000 kg/day,Medium,0.30,0.0255,0.0003,0.0041,1.2266,2.1741,1.9083,"59,329.24",5.309,250
"Fresno, CA",Pipe,2000 kg/day,Medium,0.31,0.0255,0.0003,0.0041,1.2054,2.1135,1.8965,"61,306.88",5.2155,250
"Fresno, CA",Pipe,2000 kg/day,Medium,0.32,0.0255,0.0003,0.0041,1.1855,2.0568,1.8856,"63,284.52",5.1278,250
"Fresno, CA",Pipe,2000 kg/day,Medium,0.33,0.0255,0.0003,0.0041,1.1615,2.0035,1.8752,"65,262.16",5.0402,250
"Fresno, CA",Pipe,2000 kg/day,Medium,0.34,0.0255,0.0003,0.0041,1.1561,1.9535,1.9056,"67,239.80",5.0152,250
"Fresno, CA",Pipe,2000 kg/day,Medium,0.35,0.0255,0.0003,0.0041,1.1382,1.9064,1.8953,"69,217.44",4.9399,250
"Fresno, CA",Pipe,2000 kg/day,Medium,0.36,0.0255,0.0003,0.0041,1.1211,1.862,1.8856,"71,195.08",4.8687,250
"Fresno, CA",Pipe,2000 kg/day,Medium,0.37,0.0255,0.0003,0.0041,1.105,1.8202,1.8763,"73,172.72",4.8015,250
"Fresno, CA",Pipe,2000 kg/day,Medium,0.38,0.0255,0.0003,0.0041,1.0896,1.7806,1.8676,"75,150.37",4.7378,250
"Fresno, CA",Pipe,2000 kg/day,Medium,0.39,0.0255,0.0003,0.0041,1.0856,1.7431,1.8943,"77,128.01",4.723,250
"Fresno, CA",Pipe,2000 kg/day,Medium,0.40,0.0255,0.0003,0.0041,1.0714,1.7075,1.8856,"79,105.65",4.6645,250
"Fresno, CA",Pipe,2000 kg/day,Medium,0.41,0.0255,0.0003,0.0041,1.0577,1.6737,1.8772,"81,083.29",4.6087,250
"Fresno, CA",Pipe,3000 kg/day,Medium,0.01,0.0255,0.0003,0.0041,5.6998,51.5235,2.1723,"1,977.64",59.3956,250
"Fresno, CA",Pipe,3000 kg/day,Medium,0.02,0.0255,0.0003,0.0041,4.0241,26.0896,2.1723,"3,955.28",32.286,250
"Fresno, CA",Pipe,3000 kg/day,Medium,0.03,0.0255,0.0003,0.0041,3.2868,17.6161,2.1723,"5,932.92",23.0753,250
"Fresno, CA",Pipe,3000 kg/day,Medium,0.04,0.0255,0.0003,0.0041,2.8512,13.3137,2.1723,"7,910.56",18.3373,250
"Fresno, CA",Pipe,3000 kg/day,Medium,0.05,0.0255,0.0003,0.0041,2.5527,10.7832,2.1723,"9,888.21",15.5082,250
"Fresno, CA",Pipe,3000 kg/day,Medium,0.06,0.0255,0.0003,0.0041,2.1367,9.0508,1.8407,"11,865.85",13.0282,250
"Fresno, CA",Pipe,3000 kg/day,Medium,0.07,0.0255,0.0003,0.0041,2.0077,7.8549,1.888,"13,843.49",11.7507,250
"Fresno, CA",Pipe,3000 kg/day,Medium,0.08,0.0255,0.0003,0.0041,1.9014,6.9186,1.9236,"15,821.13",10.7436,250
"Fresno, CA",Pipe,3000 kg/day,Medium,0.09,0.0255,0.0003,0.0041,1.8114,6.1923,1.9512,"17,798.77",9.9549,250
"Fresno, CA",Pipe,3000 kg/day,Medium,0.10,0.0255,0.0003,0.0041,1.7341,5.6883,1.9733,"19,776.41",9.3958,250
"Fresno, CA",Pipe,3000 kg/day,Medium,0.11,0.0255,0.0003,0.0041,1.6609,5.1993,1.9914,"21,754.05",8.8516,250
"Fresno, CA",Pipe,3000 kg/day,Medium,0.12,0.0255,0.0003,0.0041,1.5269,4.7926,1.8407,"23,731.69",8.1601,250
"Fresno, CA",Pipe,3000 kg/day,Medium,0.13,0.0255,0.0003,0.0041,1.481,4.4491,1.8662,"25,709.34",7.7963,250
"Fresno, CA",Pipe,3000 kg/day,Medium,0.14,0.0255,0.0003,0.0041,1.4394,4.1553,1.888,"27,686.98",7.4828,250
"Fresno, CA",Pipe,3000 kg/day,Medium,0.15,0.0255,0.0003,0.0041,1.4015,3.9013,1.907,"29,664.62",7.2098,250
"Fresno, CA",Pipe,3000 kg/day,Medium,0.16,0.0255,0.0003,0.0041,1.3668,3.6795,1.9236,"31,642.26",6.9699,250
"Fresno, CA",Pipe,3000 kg/day,Medium,0.17,0.0255,0.0003,0.0041,1.335,3.4843,1.9382,"33,619.90",6.7575,250
"Fresno, CA",Pipe,3000 kg/day,Medium,0.18,0.0255,0.0003,0.0041,1.2654,3.358,1.8407,"35,597.54",6.4641,250
"Fresno, CA",Pipe,3000 kg/day,Medium,0.19,0.0255,0.0003,0.0041,1.2364,3.1971,1.8581,"37,575.18",6.2915,250
"Fresno, CA",Pipe,3000 kg/day,Medium,0.20,0.0255,0.0003,0.0041,1.2128,3.0524,1.8738,"39,552.82",6.1391,250
"Fresno, CA",Pipe,3000 kg/day,Medium,0.21,0.0255,0.0003,0.0041,1.1907,2.9218,1.888,"41,530.47",6.0006,250
"Fresno, CA",Pipe,3000 kg/day,Medium,0.22,0.0255,0.0003,0.0041,1.17,2.8034,1.901,"43,508.11",5.8743,250
"Fresno, CA",Pipe,3000 kg/day,Medium,0.23,0.0255,0.0003,0.0041,1.1223,2.6954,1.8262,"45,485.75",5.6439,250
"Fresno, CA",Pipe,3000 kg/day,Medium,0.24,0.0255,0.0003,0.0041,1.1057,2.5965,1.8407,"47,463.39",5.5429,250
"Fresno, CA",Pipe,3000 kg/day,Medium,0.25,0.0255,0.0003,0.0041,1.0901,2.5058,1.8539,"49,441.03",5.4498,250
"Fresno, CA",Pipe,3000 kg/day,Medium,0.26,0.0255,0.0003,0.0041,1.0752,2.4223,1.8662,"51,418.67",5.3637,250
"Fresno, CA",Pipe,3000 kg/day,Medium,0.27,0.0255,0.0003,0.0041,1.0611,2.3451,1.8775,"53,396.31",5.2837,250
"Fresno, CA",Pipe,3000 kg/day,Medium,0.28,0.0255,0.0003,0.0041,1.0476,2.3088,1.888,"55,373.95",5.2444,250
"Fresno, CA",Pipe,3000 kg/day,Medium,0.29,0.0255,0.0003,0.0041,1.0147,2.2391,1.8292,"57,351.59",5.083,250
"Fresno, CA",Pipe,3000 kg/day,Medium,0.30,0.0255,0.0003,0.0041,0.9989,2.1741,1.8407,"59,329.24",5.0137,250
"Fresno, CA",Pipe,3000 kg/day,Medium,0.31,0.0255,0.0003,0.0041,0.9875,2.1135,1.8514,"61,306.88",4.9524,250
"Fresno, CA",Pipe,3000 kg/day,Medium,0.32,0.0255,0.0003,0.0041,0.9766,2.0568,1.8614,"63,284.52",4.8947,250
"Fresno, CA",Pipe,3000 kg/day,Medium,0.33,0.0255,0.0003,0.0041,0.9661,2.0035,1.8708,"65,262.16",4.8404,250
"Fresno, CA",Pipe,3000 kg/day,Medium,0.34,0.0255,0.0003,0.0041,0.956,1.9535,1.8797,"67,239.80",4.7892,250
"Fresno, CA",Pipe,3000 kg/day,Medium,0.35,0.0255,0.0003,0.0041,0.931,1.9064,1.8312,"69,217.44",4.6686,250
"Fresno, CA",Pipe,3000 kg/day,Medium,0.36,0.0255,0.0003,0.0041,0.9223,1.862,1.8407,"71,195.08",4.625,250
"Fresno, CA",Pipe,3000 kg/day,Medium,0.37,0.0255,0.0003,0.0041,0.914,1.8202,1.8496,"73,172.72",4.5838,250
"Fresno, CA",Pipe,3000 kg/day,Medium,0.38,0.0255,0.0003,0.0041,0.9059,1.7806,1.8581,"75,150.37",4.5446,250
"Fresno, CA",Pipe,3000 kg/day,Medium,0.39,0.0255,0.0003,0.0041,0.8982,1.7431,1.8662,"77,128.01",4.5074,250
"Fresno, CA",Pipe,3000 kg/day,Medium,0.40,0.0255,0.0003,0.0041,0.8779,1.7075,1.8241,"79,105.65",4.4095,250
"Fresno, CA",Pipe,3000 kg/day,Medium,0.41,0.0255,0.0003,0.0041,0.8712,1.6737,1.8326,"81,083.29",4.3775,250
"Atlanta, GA",Gas,1000 kg/day,Medium,0.01,0.0018,0.0106,0.0041,-,3.4,1.5513,"24,423.62",4.9514,250
"Atlanta, GA",Gas,1000 kg/day,Medium,0.02,0.0018,0.0106,0.0041,-,3.3809,1.5513,"48,847.24",4.9323,250
"Atlanta, GA",Gas,1000 kg/day,Medium,0.03,0.0018,0.0106,0.0041,-,3.3727,1.5354,"73,270.87",4.9081,250
"Atlanta, GA",Gas,1000 kg/day,Medium,0.04,0.0018,0.0106,0.0041,-,3.3587,1.5394,"97,694.49",4.8981,250
"Atlanta, GA",Gas,1000 kg/day,Medium,0.05,0.0018,0.0106,0.0041,-,3.3573,1.5322,"122,118.11",4.8895,250
"Atlanta, GA",Gas,1000 kg/day,Medium,0.06,0.0018,0.0106,0.0041,-,3.3561,1.5354,"146,541.73",4.8915,250
"Atlanta, GA",Gas,1000 kg/day,Medium,0.07,0.0018,0.0106,0.0041,-,3.3551,1.5308,"170,965.35",4.8859,250
"Atlanta, GA",Gas,1000 kg/day,Medium,0.08,0.0018,0.0106,0.0041,-,3.3497,1.5334,"195,388.98",4.8831,250
"Atlanta, GA",Gas,1000 kg/day,Medium,0.09,0.0018,0.0106,0.0041,-,3.3496,1.5301,"219,812.60",4.8797,250
"Atlanta, GA",Gas,1000 kg/day,Medium,0.10,0.0018,0.0106,0.0041,-,3.3493,1.5322,"244,236.22",4.8815,250
"Atlanta, GA",Gas,1000 kg/day,Medium,0.11,0.0018,0.0106,0.0041,-,3.3491,1.5296,"268,659.84",4.8787,250
"Atlanta, GA",Gas,1000 kg/day,Medium,0.12,0.0018,0.0106,0.0041,-,3.3459,1.5314,"293,083.46",4.8773,250
"Atlanta, GA",Gas,1000 kg/day,Medium,0.13,0.0018,0.0106,0.0041,-,3.3459,1.5292,"317,507.09",4.8751,250
"Atlanta, GA",Gas,1000 kg/day,Medium,0.14,0.0018,0.0106,0.0041,-,3.3459,1.5308,"341,930.71",4.8767,250
"Atlanta, GA",Gas,1000 kg/day,Medium,0.15,0.0018,0.0106,0.0041,-,3.3458,1.529,"366,354.33",4.8748,250
"Atlanta, GA",Gas,1000 kg/day,Medium,0.16,0.0018,0.0106,0.0041,-,3.3435,1.5304,"390,777.95",4.8739,250
"Atlanta, GA",Gas,1000 kg/day,Medium,0.17,0.0018,0.0106,0.0041,-,3.3437,1.5316,"415,201.57",4.8753,250
"Atlanta, GA",Gas,1000 kg/day,Medium,0.18,0.0018,0.0106,0.0041,-,3.3438,1.5301,"439,625.20",4.8739,250
"Atlanta, GA",Gas,1000 kg/day,Medium,0.19,0.0018,0.0106,0.0041,-,3.3419,1.5312,"464,048.82",4.8731,250
"Atlanta, GA",Gas,1000 kg/day,Medium,0.2,0.0018,0.0106,0.0041,-,3.342,1.5298,"488,472.44",4.8718,250
"Atlanta, GA",Gas,1000 kg/day,Medium,0.21,0.0018,0.0106,0.0041,-,3.3421,1.5308,"512,896.06",4.8729,250
"Atlanta, GA",Gas,1000 kg/day,Medium,0.22,0.0018,0.0106,0.0041,-,3.3422,1.5296,"537,319.68",4.8718,250
"Atlanta, GA",Gas,1000 kg/day,Medium,0.23,0.0018,0.0106,0.0041,-,3.3407,1.5305,"561,743.31",4.8712,250
"Atlanta, GA",Gas,1000 kg/day,Medium,0.24,0.0018,0.0106,0.0041,-,3.3409,1.5294,"586,166.93",4.8703,250
"Atlanta, GA",Gas,1000 kg/day,Medium,0.25,0.0018,0.0106,0.0041,-,3.341,1.5303,"610,590.55",4.8713,250
"Atlanta, GA",Gas,1000 kg/day,Medium,0.26,0.0018,0.0106,0.0041,-,3.3411,1.5292,"635,014.17",4.8704,250
"Atlanta, GA",Gas,1000 kg/day,Medium,0.27,0.0018,0.0106,0.0041,-,3.3399,1.5301,"659,437.79",4.87,250
"Atlanta, GA",Gas,1000 kg/day,Medium,0.28,0.0018,0.0106,0.0041,-,3.34,1.5291,"683,861.42",4.8691,250
"Atlanta, GA",Gas,1000 kg/day,Medium,0.29,0.0018,0.0106,0.0041,-,3.3401,1.5299,"708,285.04",4.87,250
"Atlanta, GA",Gas,1000 kg/day,Medium,0.3,0.0018,0.0106,0.0041,-,3.3402,1.529,"732,708.66",4.8692,250
"Atlanta, GA",Gas,1000 kg/day,Medium,0.31,0.0018,0.0106,0.0041,-,3.3389,1.5297,"757,132.28",4.8686,250
"Atlanta, GA",Gas,1000 kg/day,Medium,0.32,0.0018,0.0106,0.0041,-,3.339,1.5289,"781,555.90",4.8679,250
"Atlanta, GA",Gas,1000 kg/day,Medium,0.33,0.0018,0.0106,0.0041,-,3.3392,1.5296,"805,979.53",4.8688,250
"Atlanta, GA",Gas,1000 kg/day,Medium,0.34,0.0018,0.0106,0.0041,-,3.3393,1.5302,"830,403.15",4.8695,250
"Atlanta, GA",Gas,1000 kg/day,Medium,0.35,0.0018,0.0106,0.0041,-,3.3384,1.5294,"854,826.77",4.8679,250
"Atlanta, GA",Gas,1000 kg/day,Medium,0.36,0.0018,0.0106,0.0041,-,3.3385,1.5301,"879,250.39",4.8686,250
"Atlanta, GA",Gas,1000 kg/day,Medium,0.37,0.0018,0.0106,0.0041,-,3.3386,1.5293,"903,674.01",4.8679,250
"Atlanta, GA",Gas,1000 kg/day,Medium,0.38,0.0018,0.0106,0.0041,-,3.3378,1.5299,"928,097.64",4.8677,250
"Atlanta, GA",Gas,1000 kg/day,Medium,0.39,0.0018,0.0106,0.0041,-,3.3379,1.5292,"952,521.26",4.8671,250
"Atlanta, GA",Gas,1000 kg/day,Medium,0.4,0.0018,0.0106,0.0041,-,3.338,1.5298,"976,944.88",4.8678,250
"Atlanta, GA",Gas,1000 kg/day,Medium,0.41,0.0018,0.0106,0.0041,-,3.3381,1.5291,"1,001,368.50",4.8673,250
"Atlanta, GA",Gas,2000 kg/day,Medium,0.01,0.0018,0.0106,0.0041,-,3.4,1.5576,"24,423.62",4.9576,250
"Atlanta, GA",Gas,2000 kg/day,Medium,0.02,0.0018,0.0106,0.0041,-,3.3809,1.5108,"48,847.24",4.8917,250
"Atlanta, GA",Gas,2000 kg/day,Medium,0.03,0.0018,0.0106,0.0041,-,3.3727,1.4952,"73,270.87",4.8679,250
"Atlanta, GA",Gas,2000 kg/day,Medium,0.04,0.0018,0.0106,0.0041,-,3.3587,1.5108,"97,694.49",4.8695,250
"Atlanta, GA",Gas,2000 kg/day,Medium,0.05,0.0018,0.0106,0.0041,-,3.3573,1.5014,"122,118.11",4.8587,250
"Atlanta, GA",Gas,2000 kg/day,Medium,0.06,0.0018,0.0106,0.0041,-,3.3561,1.4952,"146,541.73",4.8513,250
"Atlanta, GA",Gas,2000 kg/day,Medium,0.07,0.0018,0.0106,0.0041,-,3.3551,1.4907,"170,965.35",4.8458,250
"Atlanta, GA",Gas,2000 kg/day,Medium,0.08,0.0018,0.0106,0.0041,-,3.3497,1.4991,"195,388.98",4.8488,250
"Atlanta, GA",Gas,2000 kg/day,Medium,0.09,0.0018,0.0106,0.0041,-,3.3496,1.4952,"219,812.60",4.8448,250
"Atlanta, GA",Gas,2000 kg/day,Medium,0.1,0.0018,0.0106,0.0041,-,3.3493,1.492,"244,236.22",4.8414,250
"Atlanta, GA",Gas,2000 kg/day,Medium,0.11,0.0018,0.0106,0.0041,-,3.3491,1.4895,"268,659.84",4.8386,250
"Atlanta, GA",Gas,2000 kg/day,Medium,0.12,0.0018,0.0106,0.0041,-,3.3459,1.4952,"293,083.46",4.8411,250
"Atlanta, GA",Gas,2000 kg/day,Medium,0.13,0.0018,0.0106,0.0041,-,3.3459,1.4928,"317,507.09",4.8387,250
"Atlanta, GA",Gas,2000 kg/day,Medium,0.14,0.0018,0.0106,0.0041,-,3.3459,1.4907,"341,930.71",4.8366,250
"Atlanta, GA",Gas,2000 kg/day,Medium,0.15,0.0018,0.0106,0.0041,-,3.3458,1.4889,"366,354.33",4.8347,250
"Atlanta, GA",Gas,2000 kg/day,Medium,0.16,0.0018,0.0106,0.0041,-,3.3435,1.4932,"390,777.95",4.8367,250
"Atlanta, GA",Gas,2000 kg/day,Medium,0.17,0.0018,0.0106,0.0041,-,3.3437,1.4915,"415,201.57",4.8352,250
"Atlanta, GA",Gas,2000 kg/day,Medium,0.18,0.0018,0.0106,0.0041,-,3.3438,1.49,"439,625.20",4.8338,250
"Atlanta, GA",Gas,2000 kg/day,Medium,0.19,0.0018,0.0106,0.0041,-,3.3419,1.4935,"464,048.82",4.8354,250
"Atlanta, GA",Gas,2000 kg/day,Medium,0.2,0.0018,0.0106,0.0041,-,3.342,1.492,"488,472.44",4.8341,250
"Atlanta, GA",Gas,2000 kg/day,Medium,0.21,0.0018,0.0106,0.0041,-,3.3421,1.4907,"512,896.06",4.8328,250
"Atlanta, GA",Gas,2000 kg/day,Medium,0.22,0.0018,0.0106,0.0041,-,3.3422,1.4895,"537,319.68",4.8317,250
"Atlanta, GA",Gas,2000 kg/day,Medium,0.23,0.0018,0.0106,0.0041,-,3.3407,1.4925,"561,743.31",4.8332,250
"Atlanta, GA",Gas,2000 kg/day,Medium,0.24,0.0018,0.0106,0.0041,-,3.3409,1.4913,"586,166.93",4.8322,250
"Atlanta, GA",Gas,2000 kg/day,Medium,0.25,0.0018,0.0106,0.0041,-,3.341,1.4902,"610,590.55",4.8312,250
"Atlanta, GA",Gas,2000 kg/day,Medium,0.26,0.0018,0.0106,0.0041,-,3.3411,1.4892,"635,014.17",4.8303,250
"Atlanta, GA",Gas,2000 kg/day,Medium,0.27,0.0018,0.0106,0.0041,-,3.3399,1.4917,"659,437.79",4.8316,250
"Atlanta, GA",Gas,2000 kg/day,Medium,0.28,0.0018,0.0106,0.0041,-,3.34,1.4907,"683,861.42",4.8307,250
"Atlanta, GA",Gas,2000 kg/day,Medium,0.29,0.0018,0.0106,0.0041,-,3.3401,1.4898,"708,285.04",4.8299,250
"Atlanta, GA",Gas,2000 kg/day,Medium,0.3,0.0018,0.0106,0.0041,-,3.3402,1.4889,"732,708.66",4.8291,250
"Atlanta, GA",Gas,2000 kg/day,Medium,0.31,0.0018,0.0106,0.0041,-,3.3389,1.4911,"757,132.28",4.83,250
"Atlanta, GA",Gas,2000 kg/day,Medium,0.32,0.0018,0.0106,0.0041,-,3.339,1.4903,"781,555.90",4.8293,250
"Atlanta, GA",Gas,2000 kg/day,Medium,0.33,0.0018,0.0106,0.0041,-,3.3392,1.4895,"805,979.53",4.8287,250
"Atlanta, GA",Gas,2000 kg/day,Medium,0.34,0.0018,0.0106,0.0041,-,3.3393,1.4915,"830,403.15",4.8308,250
"Atlanta, GA",Gas,2000 kg/day,Medium,0.35,0.0018,0.0106,0.0041,-,3.3384,1.4907,"854,826.77",4.8291,250
"Atlanta, GA",Gas,2000 kg/day,Medium,0.36,0.0018,0.0106,0.0041,-,3.3385,1.49,"879,250.39",4.8285,250
"Atlanta, GA",Gas,2000 kg/day,Medium,0.37,0.0018,0.0106,0.0041,-,3.3386,1.4893,"903,674.01",4.8279,250
"Atlanta, GA",Gas,2000 kg/day,Medium,0.38,0.0018,0.0106,0.0041,-,3.3378,1.4911,"928,097.64",4.8289,250
"Atlanta, GA",Gas,2000 kg/day,Medium,0.39,0.0018,0.0106,0.0041,-,3.3379,1.4904,"952,521.26",4.8283,250
"Atlanta, GA",Gas,2000 kg/day,Medium,0.4,0.0018,0.0106,0.0041,-,3.338,1.4897,"976,944.88",4.8277,250
"Atlanta, GA",Gas,2000 kg/day,Medium,0.41,0.0018,0.0106,0.0041,-,3.3381,1.4891,"1,001,368.50",4.8272,250
"Atlanta, GA",Gas,3000 kg/day,Medium,0.01,0.0018,0.0106,0.0041,-,3.4,1.5299,"24,423.62",4.9299,250
"Atlanta, GA",Gas,3000 kg/day,Medium,0.02,0.0018,0.0106,0.0041,-,3.3809,1.4627,"48,847.24",4.8436,250
"Atlanta, GA",Gas,3000 kg/day,Medium,0.03,0.0018,0.0106,0.0041,-,3.3727,1.4403,"73,270.87",4.813,250
"Atlanta, GA",Gas,3000 kg/day,Medium,0.04,0.0018,0.0106,0.0041,-,3.3587,1.4291,"97,694.49",4.7878,250
"Atlanta, GA",Gas,3000 kg/day,Medium,0.05,0.0018,0.0106,0.0041,-,3.3573,1.4224,"122,118.11",4.7797,250
"Atlanta, GA",Gas,3000 kg/day,Medium,0.06,0.0018,0.0106,0.0041,-,3.3561,1.4403,"146,541.73",4.7964,250
"Atlanta, GA",Gas,3000 kg/day,Medium,0.07,0.0018,0.0106,0.0041,-,3.3551,1.4339,"170,965.35",4.789,250
"Atlanta, GA",Gas,3000 kg/day,Medium,0.08,0.0018,0.0106,0.0041,-,3.3497,1.4291,"195,388.98",4.7788,250
"Atlanta, GA",Gas,3000 kg/day,Medium,0.09,0.0018,0.0106,0.0041,-,3.3496,1.4254,"219,812.60",4.775,250
"Atlanta, GA",Gas,3000 kg/day,Medium,0.1,0.0018,0.0106,0.0041,-,3.3493,1.4224,"244,236.22",4.7717,250
"Atlanta, GA",Gas,3000 kg/day,Medium,0.11,0.0018,0.0106,0.0041,-,3.3491,1.42,"268,659.84",4.7691,250
"Atlanta, GA",Gas,3000 kg/day,Medium,0.12,0.0018,0.0106,0.0041,-,3.3459,1.4291,"293,083.46",4.775,250
"Atlanta, GA",Gas,3000 kg/day,Medium,0.13,0.0018,0.0106,0.0041,-,3.3459,1.4265,"317,507.09",4.7725,250
"Atlanta, GA",Gas,3000 kg/day,Medium,0.14,0.0018,0.0106,0.0041,-,3.3459,1.4243,"341,930.71",4.7702,250
"Atlanta, GA",Gas,3000 kg/day,Medium,0.15,0.0018,0.0106,0.0041,-,3.3458,1.4224,"366,354.33",4.7682,250
"Atlanta, GA",Gas,3000 kg/day,Medium,0.16,0.0018,0.0106,0.0041,-,3.3435,1.4207,"390,777.95",4.7642,250
"Atlanta, GA",Gas,3000 kg/day,Medium,0.17,0.0018,0.0106,0.0041,-,3.3437,1.4272,"415,201.57",4.7709,250
"Atlanta, GA",Gas,3000 kg/day,Medium,0.18,0.0018,0.0106,0.0041,-,3.3438,1.4254,"439,625.20",4.7692,250
"Atlanta, GA",Gas,3000 kg/day,Medium,0.19,0.0018,0.0106,0.0041,-,3.3419,1.4238,"464,048.82",4.7657,250
"Atlanta, GA",Gas,3000 kg/day,Medium,0.2,0.0018,0.0106,0.0041,-,3.342,1.4224,"488,472.44",4.7644,250
"Atlanta, GA",Gas,3000 kg/day,Medium,0.21,0.0018,0.0106,0.0041,-,3.3421,1.4211,"512,896.06",4.7632,250
"Atlanta, GA",Gas,3000 kg/day,Medium,0.22,0.0018,0.0106,0.0041,-,3.3422,1.42,"537,319.68",4.7622,250
"Atlanta, GA",Gas,3000 kg/day,Medium,0.23,0.0018,0.0106,0.0041,-,3.3407,1.4247,"561,743.31",4.7655,250
"Atlanta, GA",Gas,3000 kg/day,Medium,0.24,0.0018,0.0106,0.0041,-,3.3409,1.4235,"586,166.93",4.7644,250
"Atlanta, GA",Gas,3000 kg/day,Medium,0.25,0.0018,0.0106,0.0041,-,3.341,1.4224,"610,590.55",4.7634,250
"Atlanta, GA",Gas,3000 kg/day,Medium,0.26,0.0018,0.0106,0.0041,-,3.3411,1.4214,"635,014.17",4.7625,250
"Atlanta, GA",Gas,3000 kg/day,Medium,0.27,0.0018,0.0106,0.0041,-,3.3399,1.4204,"659,437.79",4.7603,250
"Atlanta, GA",Gas,3000 kg/day,Medium,0.28,0.0018,0.0106,0.0041,-,3.34,1.4195,"683,861.42",4.7595,250
"Atlanta, GA",Gas,3000 kg/day,Medium,0.29,0.0018,0.0106,0.0041,-,3.3401,1.4233,"708,285.04",4.7634,250
"Atlanta, GA",Gas,3000 kg/day,Medium,0.3,0.0018,0.0106,0.0041,-,3.3402,1.4224,"732,708.66",4.7626,250
"Atlanta, GA",Gas,3000 kg/day,Medium,0.31,0.0018,0.0106,0.0041,-,3.3389,1.4215,"757,132.28",4.7605,250
"Atlanta, GA",Gas,3000 kg/day,Medium,0.32,0.0018,0.0106,0.0041,-,3.339,1.4207,"781,555.90",4.7597,250
"Atlanta, GA",Gas,3000 kg/day,Medium,0.33,0.0018,0.0106,0.0041,-,3.3392,1.42,"805,979.53",4.7592,250
"Atlanta, GA",Gas,3000 kg/day,Medium,0.34,0.0018,0.0106,0.0041,-,3.3393,1.4232,"830,403.15",4.7625,250
"Atlanta, GA",Gas,3000 kg/day,Medium,0.35,0.0018,0.0106,0.0041,-,3.3384,1.4224,"854,826.77",4.7608,250
"Atlanta, GA",Gas,3000 kg/day,Medium,0.36,0.0018,0.0106,0.0041,-,3.3385,1.4217,"879,250.39",4.7602,250
"Atlanta, GA",Gas,3000 kg/day,Medium,0.37,0.0018,0.0106,0.0041,-,3.3386,1.421,"903,674.01",4.7596,250
"Atlanta, GA",Gas,3000 kg/day,Medium,0.38,0.0018,0.0106,0.0041,-,3.3378,1.4203,"928,097.64",4.7581,250
"Atlanta, GA",Gas,3000 kg/day,Medium,0.39,0.0018,0.0106,0.0041,-,3.3379,1.4197,"952,521.26",4.7576,250
"Atlanta, GA",Gas,3000 kg/day,Medium,0.4,0.0018,0.0106,0.0041,-,3.338,1.4224,"976,944.88",4.7604,250
"Atlanta, GA",Gas,3000 kg/day,Medium,0.41,0.0018,0.0106,0.0041,-,3.3381,1.4218,"1,001,368.50",4.7599,250
"Atlanta, GA",Liquid,1000 kg/day,Medium,0.01,0.03,0.0255,0.0155,-,3.3138,0.9427,"24,423.62",4.2564,250
"Atlanta, GA",Liquid,1000 kg/day,Medium,0.02,0.03,0.0255,0.0155,-,3.1049,0.9427,"48,847.24",4.0475,250
"Atlanta, GA",Liquid,1000 kg/day,Medium,0.03,0.03,0.0255,0.0155,-,3.0005,0.9327,"73,270.87",3.9332,250
"Atlanta, GA",Liquid,1000 kg/day,Medium,0.04,0.03,0.0255,0.0155,-,2.9312,0.9352,"97,694.49",3.8664,250
"Atlanta, GA",Liquid,1000 kg/day,Medium,0.05,0.03,0.0255,0.0155,-,2.8884,0.9308,"122,118.11",3.8191,250
"Atlanta, GA",Liquid,1000 kg/day,Medium,0.06,0.03,0.0255,0.0155,-,2.8477,0.9327,"146,541.73",3.7804,250
"Atlanta, GA",Liquid,1000 kg/day,Medium,0.07,0.03,0.0255,0.0155,-,2.8153,0.9299,"170,965.35",3.7452,250
"Atlanta, GA",Liquid,1000 kg/day,Medium,0.08,0.03,0.0255,0.0155,-,2.7876,0.9315,"195,388.98",3.7191,250
"Atlanta, GA",Liquid,1000 kg/day,Medium,0.09,0.03,0.0255,0.0155,-,2.7683,0.9294,"219,812.60",3.6977,250
"Atlanta, GA",Liquid,1000 kg/day,Medium,0.1,0.03,0.0255,0.0155,-,2.7473,0.9308,"244,236.22",3.678,250
"Atlanta, GA",Liquid,1000 kg/day,Medium,0.11,0.03,0.0255,0.0155,-,2.7291,0.9291,"268,659.84",3.6582,250
"Atlanta, GA",Liquid,1000 kg/day,Medium,0.12,0.03,0.0255,0.0155,-,2.7124,0.9303,"293,083.46",3.6426,250
"Atlanta, GA",Liquid,1000 kg/day,Medium,0.13,0.03,0.0255,0.0155,-,2.7005,0.9289,"317,507.09",3.6294,250
"Atlanta, GA",Liquid,1000 kg/day,Medium,0.14,0.03,0.0255,0.0155,-,2.6867,0.9299,"341,930.71",3.6166,250
"Atlanta, GA",Liquid,1000 kg/day,Medium,0.15,0.03,0.0255,0.0155,-,2.6743,0.9288,"366,354.33",3.603,250
"Atlanta, GA",Liquid,1000 kg/day,Medium,0.16,0.03,0.0255,0.0155,-,2.6627,0.9296,"390,777.95",3.5923,250
"Atlanta, GA",Liquid,1000 kg/day,Medium,0.17,0.03,0.0255,0.0155,-,2.6542,0.9304,"415,201.57",3.5846,250
"Atlanta, GA",Liquid,1000 kg/day,Medium,0.18,0.03,0.0255,0.0155,-,2.6441,0.9294,"439,625.20",3.5735,250
"Atlanta, GA",Liquid,1000 kg/day,Medium,0.19,0.03,0.0255,0.0155,-,2.6348,0.9301,"464,048.82",3.5649,250
"Atlanta, GA",Liquid,1000 kg/day,Medium,0.2,0.03,0.0255,0.0155,-,2.626,0.9293,"488,472.44",3.5552,250
"Atlanta, GA",Liquid,1000 kg/day,Medium,0.21,0.03,0.0255,0.0155,-,2.6195,0.9299,"512,896.06",3.5494,250
"Atlanta, GA",Liquid,1000 kg/day,Medium,0.22,0.03,0.0255,0.0155,-,2.6116,0.9291,"537,319.68",3.5407,250
"Atlanta, GA",Liquid,1000 kg/day,Medium,0.23,0.03,0.0255,0.0155,-,2.6043,0.9297,"561,743.31",3.534,250
"Atlanta, GA",Liquid,1000 kg/day,Medium,0.24,0.03,0.0255,0.0155,-,2.5972,0.929,"586,166.93",3.5262,250
"Atlanta, GA",Liquid,1000 kg/day,Medium,0.25,0.03,0.0255,0.0155,-,2.592,0.9296,"610,590.55",3.5215,250
"Atlanta, GA",Liquid,1000 kg/day,Medium,0.26,0.03,0.0255,0.0155,-,2.5856,0.9289,"635,014.17",3.5145,250
"Atlanta, GA",Liquid,1000 kg/day,Medium,0.27,0.03,0.0255,0.0155,-,2.5796,0.9294,"659,437.79",3.509,250
"Atlanta, GA",Liquid,1000 kg/day,Medium,0.28,0.03,0.0255,0.0155,-,2.5737,0.9289,"683,861.42",3.5025,250
"Atlanta, GA",Liquid,1000 kg/day,Medium,0.29,0.03,0.0255,0.0155,-,2.5694,0.9293,"708,285.04",3.4987,250
"Atlanta, GA",Liquid,1000 kg/day,Medium,0.3,0.03,0.0255,0.0155,-,2.564,0.9288,"732,708.66",3.4927,250
"Atlanta, GA",Liquid,1000 kg/day,Medium,0.31,0.03,0.0255,0.0155,-,2.5588,0.9292,"757,132.28",3.488,250
"Atlanta, GA",Liquid,1000 kg/day,Medium,0.32,0.03,0.0255,0.0155,-,2.5539,0.9287,"781,555.90",3.4826,250
"Atlanta, GA",Liquid,1000 kg/day,Medium,0.33,0.03,0.0255,0.0155,-,2.5501,0.9291,"805,979.53",3.4792,250
"Atlanta, GA",Liquid,1000 kg/day,Medium,0.34,0.03,0.0255,0.0155,-,2.5456,0.9295,"830,403.15",3.4751,250
"Atlanta, GA",Liquid,1000 kg/day,Medium,0.35,0.03,0.0255,0.0155,-,2.5411,0.9291,"854,826.77",3.4701,250
"Atlanta, GA",Liquid,1000 kg/day,Medium,0.36,0.03,0.0255,0.0155,-,2.5368,0.9294,"879,250.39",3.4662,250
"Atlanta, GA",Liquid,1000 kg/day,Medium,0.37,0.03,0.0255,0.0155,-,2.5336,0.929,"903,674.01",3.4625,250
"Atlanta, GA",Liquid,1000 kg/day,Medium,0.38,0.03,0.0255,0.0155,-,2.5296,0.9294,"928,097.64",3.4589,250
"Atlanta, GA",Liquid,1000 kg/day,Medium,0.39,0.03,0.0255,0.0155,-,2.5257,0.9289,"952,521.26",3.4546,250
"Atlanta, GA",Liquid,1000 kg/day,Medium,0.4,0.03,0.0255,0.0155,-,2.5219,0.9293,"976,944.88",3.4511,250
"Atlanta, GA",Liquid,1000 kg/day,Medium,0.41,0.03,0.0255,0.0155,-,2.5191,0.9289,"1,001,368.50",3.4479,250
"Atlanta, GA",Liquid,2000 kg/day,Medium,0.01,0.03,0.0255,0.0155,-,3.3138,0.6567,"24,423.62",3.9705,250
"Atlanta, GA",Liquid,2000 kg/day,Medium,0.02,0.03,0.0255,0.0155,-,3.1049,0.6368,"48,847.24",3.7417,250
"Atlanta, GA",Liquid,2000 kg/day,Medium,0.03,0.03,0.0255,0.0155,-,3.0005,0.6302,"73,270.87",3.6306,250
"Atlanta, GA",Liquid,2000 kg/day,Medium,0.04,0.03,0.0255,0.0155,-,2.9312,0.6368,"97,694.49",3.568,250
"Atlanta, GA",Liquid,2000 kg/day,Medium,0.05,0.03,0.0255,0.0155,-,2.8884,0.6328,"122,118.11",3.5212,250
"Atlanta, GA",Liquid,2000 kg/day,Medium,0.06,0.03,0.0255,0.0155,-,2.8477,0.6302,"146,541.73",3.4778,250
"Atlanta, GA",Liquid,2000 kg/day,Medium,0.07,0.03,0.0255,0.0155,-,2.8153,0.6283,"170,965.35",3.4435,250
"Atlanta, GA",Liquid,2000 kg/day,Medium,0.08,0.03,0.0255,0.0155,-,2.7876,0.6318,"195,388.98",3.4194,250
"Atlanta, GA",Liquid,2000 kg/day,Medium,0.09,0.03,0.0255,0.0155,-,2.7683,0.6302,"219,812.60",3.3984,250
"Atlanta, GA",Liquid,2000 kg/day,Medium,0.1,0.03,0.0255,0.0155,-,2.7473,0.6288,"244,236.22",3.3761,250
"Atlanta, GA",Liquid,2000 kg/day,Medium,0.11,0.03,0.0255,0.0155,-,2.7291,0.6278,"268,659.84",3.3568,250
"Atlanta, GA",Liquid,2000 kg/day,Medium,0.12,0.03,0.0255,0.0155,-,2.7124,0.6302,"293,083.46",3.3425,250
"Atlanta, GA",Liquid,2000 kg/day,Medium,0.13,0.03,0.0255,0.0155,-,2.7005,0.6292,"317,507.09",3.3296,250
"Atlanta, GA",Liquid,2000 kg/day,Medium,0.14,0.03,0.0255,0.0155,-,2.6867,0.6283,"341,930.71",3.3149,250
"Atlanta, GA",Liquid,2000 kg/day,Medium,0.15,0.03,0.0255,0.0155,-,2.6743,0.6275,"366,354.33",3.3018,250
"Atlanta, GA",Liquid,2000 kg/day,Medium,0.16,0.03,0.0255,0.0155,-,2.6627,0.6293,"390,777.95",3.292,250
"Atlanta, GA",Liquid,2000 kg/day,Medium,0.17,0.03,0.0255,0.0155,-,2.6542,0.6286,"415,201.57",3.2828,250
"Atlanta, GA",Liquid,2000 kg/day,Medium,0.18,0.03,0.0255,0.0155,-,2.6441,0.628,"439,625.20",3.272,250
"Atlanta, GA",Liquid,2000 kg/day,Medium,0.19,0.03,0.0255,0.0155,-,2.6348,0.6295,"464,048.82",3.2642,250
"Atlanta, GA",Liquid,2000 kg/day,Medium,0.2,0.03,0.0255,0.0155,-,2.626,0.6288,"488,472.44",3.2548,250
"Atlanta, GA",Liquid,2000 kg/day,Medium,0.21,0.03,0.0255,0.0155,-,2.6195,0.6283,"512,896.06",3.2477,250
"Atlanta, GA",Liquid,2000 kg/day,Medium,0.22,0.03,0.0255,0.0155,-,2.6116,0.6278,"537,319.68",3.2393,250
"Atlanta, GA",Liquid,2000 kg/day,Medium,0.23,0.03,0.0255,0.0155,-,2.6043,0.629,"561,743.31",3.2333,250
"Atlanta, GA",Liquid,2000 kg/day,Medium,0.24,0.03,0.0255,0.0155,-,2.5972,0.6285,"586,166.93",3.2257,250
"Atlanta, GA",Liquid,2000 kg/day,Medium,0.25,0.03,0.0255,0.0155,-,2.592,0.6281,"610,590.55",3.22,250
"Atlanta, GA",Liquid,2000 kg/day,Medium,0.26,0.03,0.0255,0.0155,-,2.5856,0.6276,"635,014.17",3.2132,250
"Atlanta, GA",Liquid,2000 kg/day,Medium,0.27,0.03,0.0255,0.0155,-,2.5796,0.6287,"659,437.79",3.2083,250
"Atlanta, GA",Liquid,2000 kg/day,Medium,0.28,0.03,0.0255,0.0155,-,2.5737,0.6283,"683,861.42",3.2019,250
"Atlanta, GA",Liquid,2000 kg/day,Medium,0.29,0.03,0.0255,0.0155,-,2.5694,0.6279,"708,285.04",3.1972,250
"Atlanta, GA",Liquid,2000 kg/day,Medium,0.3,0.03,0.0255,0.0155,-,2.564,0.6275,"732,708.66",3.1915,250
"Atlanta, GA",Liquid,2000 kg/day,Medium,0.31,0.03,0.0255,0.0155,-,2.5588,0.6285,"757,132.28",3.1872,250
"Atlanta, GA",Liquid,2000 kg/day,Medium,0.32,0.03,0.0255,0.0155,-,2.5539,0.6281,"781,555.90",3.182,250
"Atlanta, GA",Liquid,2000 kg/day,Medium,0.33,0.03,0.0255,0.0155,-,2.5501,0.6278,"805,979.53",3.1778,250
"Atlanta, GA",Liquid,2000 kg/day,Medium,0.34,0.03,0.0255,0.0155,-,2.5456,0.6286,"830,403.15",3.1742,250
"Atlanta, GA",Liquid,2000 kg/day,Medium,0.35,0.03,0.0255,0.0155,-,2.5411,0.6283,"854,826.77",3.1693,250
"Atlanta, GA",Liquid,2000 kg/day,Medium,0.36,0.03,0.0255,0.0155,-,2.5368,0.628,"879,250.39",3.1647,250
"Atlanta, GA",Liquid,2000 kg/day,Medium,0.37,0.03,0.0255,0.0155,-,2.5336,0.6277,"903,674.01",3.1612,250
"Atlanta, GA",Liquid,2000 kg/day,Medium,0.38,0.03,0.0255,0.0155,-,2.5296,0.6284,"928,097.64",3.158,250
"Atlanta, GA",Liquid,2000 kg/day,Medium,0.39,0.03,0.0255,0.0155,-,2.5257,0.6281,"952,521.26",3.1538,250
"Atlanta, GA",Liquid,2000 kg/day,Medium,0.4,0.03,0.0255,0.0155,-,2.5219,0.6279,"976,944.88",3.1497,250
"Atlanta, GA",Liquid,2000 kg/day,Medium,0.41,0.03,0.0255,0.0155,-,2.5191,0.6276,"1,001,368.50",3.1466,250
"Atlanta, GA",Liquid,3000 kg/day,Medium,0.01,0.03,0.0255,0.0155,-,3.3138,0.6413,"24,423.62",3.9551,250
"Atlanta, GA",Liquid,3000 kg/day,Medium,0.02,0.03,0.0255,0.0155,-,3.1049,0.6131,"48,847.24",3.7179,250
"Atlanta, GA",Liquid,3000 kg/day,Medium,0.03,0.03,0.0255,0.0155,-,3.0005,0.6037,"73,270.87",3.6041,250
"Atlanta, GA",Liquid,3000 kg/day,Medium,0.04,0.03,0.0255,0.0155,-,2.9312,0.599,"97,694.49",3.5301,250
"Atlanta, GA",Liquid,3000 kg/day,Medium,0.05,0.03,0.0255,0.0155,-,2.8884,0.5961,"122,118.11",3.4845,250
"Atlanta, GA",Liquid,3000 kg/day,Medium,0.06,0.03,0.0255,0.0155,-,2.8477,0.6037,"146,541.73",3.4513,250
"Atlanta, GA",Liquid,3000 kg/day,Medium,0.07,0.03,0.0255,0.0155,-,2.8153,0.601,"170,965.35",3.4162,250
"Atlanta, GA",Liquid,3000 kg/day,Medium,0.08,0.03,0.0255,0.0155,-,2.7876,0.599,"195,388.98",3.3865,250
"Atlanta, GA",Liquid,3000 kg/day,Medium,0.09,0.03,0.0255,0.0155,-,2.7683,0.5974,"219,812.60",3.3657,250
"Atlanta, GA",Liquid,3000 kg/day,Medium,0.1,0.03,0.0255,0.0155,-,2.7473,0.5961,"244,236.22",3.3434,250
"Atlanta, GA",Liquid,3000 kg/day,Medium,0.11,0.03,0.0255,0.0155,-,2.7291,0.5951,"268,659.84",3.3242,250
"Atlanta, GA",Liquid,3000 kg/day,Medium,0.12,0.03,0.0255,0.0155,-,2.7124,0.599,"293,083.46",3.3113,250
"Atlanta, GA",Liquid,3000 kg/day,Medium,0.13,0.03,0.0255,0.0155,-,2.7005,0.5979,"317,507.09",3.2983,250
"Atlanta, GA",Liquid,3000 kg/day,Medium,0.14,0.03,0.0255,0.0155,-,2.6867,0.5969,"341,930.71",3.2836,250
"Atlanta, GA",Liquid,3000 kg/day,Medium,0.15,0.03,0.0255,0.0155,-,2.6743,0.5961,"366,354.33",3.2704,250
"Atlanta, GA",Liquid,3000 kg/day,Medium,0.16,0.03,0.0255,0.0155,-,2.6627,0.5954,"390,777.95",3.2581,250
"Atlanta, GA",Liquid,3000 kg/day,Medium,0.17,0.03,0.0255,0.0155,-,2.6542,0.5981,"415,201.57",3.2523,250
"Atlanta, GA",Liquid,3000 kg/day,Medium,0.18,0.03,0.0255,0.0155,-,2.6441,0.5974,"439,625.20",3.2415,250
"Atlanta, GA",Liquid,3000 kg/day,Medium,0.19,0.03,0.0255,0.0155,-,2.6348,0.5967,"464,048.82",3.2315,250
"Atlanta, GA",Liquid,3000 kg/day,Medium,0.2,0.03,0.0255,0.0155,-,2.626,0.5961,"488,472.44",3.2221,250
"Atlanta, GA",Liquid,3000 kg/day,Medium,0.21,0.03,0.0255,0.0155,-,2.6195,0.5956,"512,896.06",3.2151,250
"Atlanta, GA",Liquid,3000 kg/day,Medium,0.22,0.03,0.0255,0.0155,-,2.6116,0.5951,"537,319.68",3.2067,250
"Atlanta, GA",Liquid,3000 kg/day,Medium,0.23,0.03,0.0255,0.0155,-,2.6043,0.5971,"561,743.31",3.2014,250
"Atlanta, GA",Liquid,3000 kg/day,Medium,0.24,0.03,0.0255,0.0155,-,2.5972,0.5966,"586,166.93",3.1938,250
"Atlanta, GA",Liquid,3000 kg/day,Medium,0.25,0.03,0.0255,0.0155,-,2.592,0.5961,"610,590.55",3.1881,250
"Atlanta, GA",Liquid,3000 kg/day,Medium,0.26,0.03,0.0255,0.0155,-,2.5856,0.5957,"635,014.17",3.1813,250
"Atlanta, GA",Liquid,3000 kg/day,Medium,0.27,0.03,0.0255,0.0155,-,2.5796,0.5953,"659,437.79",3.1749,250
"Atlanta, GA",Liquid,3000 kg/day,Medium,0.28,0.03,0.0255,0.0155,-,2.5737,0.5949,"683,861.42",3.1686,250
"Atlanta, GA",Liquid,3000 kg/day,Medium,0.29,0.03,0.0255,0.0155,-,2.5694,0.5965,"708,285.04",3.1659,250
"Atlanta, GA",Liquid,3000 kg/day,Medium,0.3,0.03,0.0255,0.0155,-,2.564,0.5961,"732,708.66",3.1601,250
"Atlanta, GA",Liquid,3000 kg/day,Medium,0.31,0.03,0.0255,0.0155,-,2.5588,0.5958,"757,132.28",3.1545,250
"Atlanta, GA",Liquid,3000 kg/day,Medium,0.32,0.03,0.0255,0.0155,-,2.5539,0.5954,"781,555.90",3.1493,250
"Atlanta, GA",Liquid,3000 kg/day,Medium,0.33,0.03,0.0255,0.0155,-,2.5501,0.5951,"805,979.53",3.1452,250
"Atlanta, GA",Liquid,3000 kg/day,Medium,0.34,0.03,0.0255,0.0155,-,2.5456,0.5965,"830,403.15",3.142,250
"Atlanta, GA",Liquid,3000 kg/day,Medium,0.35,0.03,0.0255,0.0155,-,2.5411,0.5961,"854,826.77",3.1372,250
"Atlanta, GA",Liquid,3000 kg/day,Medium,0.36,0.03,0.0255,0.0155,-,2.5368,0.5958,"879,250.39",3.1326,250
"Atlanta, GA",Liquid,3000 kg/day,Medium,0.37,0.03,0.0255,0.0155,-,2.5336,0.5955,"903,674.01",3.1291,250
"Atlanta, GA",Liquid,3000 kg/day,Medium,0.38,0.03,0.0255,0.0155,-,2.5296,0.5952,"928,097.64",3.1248,250
"Atlanta, GA",Liquid,3000 kg/day,Medium,0.39,0.03,0.0255,0.0155,-,2.5257,0.595,"952,521.26",3.1206,250
"Atlanta, GA",Liquid,3000 kg/day,Medium,0.4,0.03,0.0255,0.0155,-,2.5219,0.5961,"976,944.88",3.118,250
"Atlanta, GA",Liquid,3000 kg/day,Medium,0.41,0.03,0.0255,0.0155,-,2.5191,0.5959,"1,001,368.50",3.1149,250
"Atlanta, GA",Pipe,1000 kg/day,Medium,0.01,0.0255,0.0003,0.0041,10.37,4.6659,1.9154,"24,423.62",16.9513,250
"Atlanta, GA",Pipe,1000 kg/day,Medium,0.02,0.0255,0.0003,0.0041,7.4784,2.5323,1.9154,"48,847.24",11.9261,250
"Atlanta, GA",Pipe,1000 kg/day,Medium,0.03,0.0255,0.0003,0.0041,6.1872,1.8182,1.8968,"73,270.87",9.9021,250
"Atlanta, GA",Pipe,1000 kg/day,Medium,0.04,0.0255,0.0003,0.0041,5.4434,1.4605,1.9014,"97,694.49",8.8053,250
"Atlanta, GA",Pipe,1000 kg/day,Medium,0.05,0.0255,0.0003,0.0041,4.9334,1.2468,1.893,"122,118.11",8.0733,250
"Atlanta, GA",Pipe,1000 kg/day,Medium,0.06,0.0255,0.0003,0.0041,4.5613,1.0865,1.8968,"146,541.73",7.5446,250
"Atlanta, GA",Pipe,1000 kg/day,Medium,0.07,0.0255,0.0003,0.0041,4.2721,0.9864,1.8914,"170,965.35",7.15,250
"Atlanta, GA",Pipe,1000 kg/day,Medium,0.08,0.0255,0.0003,0.0041,4.043,0.898,1.8944,"195,388.98",6.8355,250
"Atlanta, GA",Pipe,1000 kg/day,Medium,0.09,0.0255,0.0003,0.0041,3.8502,0.8412,1.8906,"219,812.60",6.582,250
"Atlanta, GA",Pipe,1000 kg/day,Medium,0.1,0.0255,0.0003,0.0041,3.6955,0.7842,1.893,"244,236.22",6.3728,250
"Atlanta, GA",Pipe,1000 kg/day,Medium,0.11,0.0255,0.0003,0.0041,3.5595,0.7383,1.89,"268,659.84",6.1879,250
"Atlanta, GA",Pipe,1000 kg/day,Medium,0.12,0.0255,0.0003,0.0041,3.4375,0.7081,1.8921,"293,083.46",6.0376,250
"Atlanta, GA",Pipe,1000 kg/day,Medium,0.13,0.0255,0.0003,0.0041,3.3318,0.6742,1.8896,"317,507.09",5.8956,250
"Atlanta, GA",Pipe,1000 kg/day,Medium,0.14,0.0255,0.0003,0.0041,3.2425,0.6457,1.8914,"341,930.71",5.7796,250
"Atlanta, GA",Pipe,1000 kg/day,Medium,0.15,0.0255,0.0003,0.0041,3.16,0.6276,1.8893,"366,354.33",5.677,250
"Atlanta, GA",Pipe,1000 kg/day,Medium,0.16,0.0255,0.0003,0.0041,3.0828,0.6048,1.8909,"390,777.95",5.5785,250
"Atlanta, GA",Pipe,1000 kg/day,Medium,0.17,0.0255,0.0003,0.0041,3.0163,0.585,1.8924,"415,201.57",5.4936,250
"Atlanta, GA",Pipe,1000 kg/day,Medium,0.18,0.0255,0.0003,0.0041,2.9538,0.5736,1.8906,"439,625.20",5.4179,250
"Atlanta, GA",Pipe,1000 kg/day,Medium,0.19,0.0255,0.0003,0.0041,2.8992,0.5569,1.8919,"464,048.82",5.348,250
"Atlanta, GA",Pipe,1000 kg/day,Medium,0.2,0.0255,0.0003,0.0041,2.8473,0.542,1.8902,"488,472.44",5.2796,250
"Atlanta, GA",Pipe,1000 kg/day,Medium,0.21,0.0255,0.0003,0.0041,2.8016,0.5289,1.8914,"512,896.06",5.2219,250
"Atlanta, GA",Pipe,1000 kg/day,Medium,0.22,0.0255,0.0003,0.0041,2.7509,0.5218,1.89,"537,319.68",5.1627,250
"Atlanta, GA",Pipe,1000 kg/day,Medium,0.23,0.0255,0.0003,0.0041,2.7101,0.5102,1.8911,"561,743.31",5.1115,250
"Atlanta, GA",Pipe,1000 kg/day,Medium,0.24,0.0255,0.0003,0.0041,2.6708,0.4996,1.8898,"586,166.93",5.0602,250
"Atlanta, GA",Pipe,1000 kg/day,Medium,0.25,0.0255,0.0003,0.0041,2.6358,0.49,1.8908,"610,590.55",5.0166,250
"Atlanta, GA",Pipe,1000 kg/day,Medium,0.26,0.0255,0.0003,0.0041,2.6016,0.4857,1.8896,"635,014.17",4.977,250
"Atlanta, GA",Pipe,1000 kg/day,Medium,0.27,0.0255,0.0003,0.0041,2.5712,0.477,1.8906,"659,437.79",4.9388,250
"Atlanta, GA",Pipe,1000 kg/day,Medium,0.28,0.0255,0.0003,0.0041,2.5414,0.469,1.8894,"683,861.42",4.8998,250
"Atlanta, GA",Pipe,1000 kg/day,Medium,0.29,0.0255,0.0003,0.0041,2.5083,0.4615,1.8903,"708,285.04",4.8602,250
"Atlanta, GA",Pipe,1000 kg/day,Medium,0.3,0.0255,0.0003,0.0041,2.4805,0.4547,1.8893,"732,708.66",4.8245,250
"Atlanta, GA",Pipe,1000 kg/day,Medium,0.31,0.0255,0.0003,0.0041,2.4556,0.4521,1.8902,"757,132.28",4.7978,250
"Atlanta, GA",Pipe,1000 kg/day,Medium,0.32,0.0255,0.0003,0.0041,2.431,0.4457,1.8892,"781,555.90",4.7659,250
"Atlanta, GA",Pipe,1000 kg/day,Medium,0.33,0.0255,0.0003,0.0041,2.4087,0.4398,1.89,"805,979.53",4.7385,250
"Atlanta, GA",Pipe,1000 kg/day,Medium,0.34,0.0255,0.0003,0.0041,2.3877,0.4342,1.8907,"830,403.15",4.7126,250
"Atlanta, GA",Pipe,1000 kg/day,Medium,0.35,0.0255,0.0003,0.0041,2.3668,0.429,1.8898,"854,826.77",4.6856,250
"Atlanta, GA",Pipe,1000 kg/day,Medium,0.36,0.0255,0.0003,0.0041,2.3478,0.4276,1.8906,"879,250.39",4.666,250
"Atlanta, GA",Pipe,1000 kg/day,Medium,0.37,0.0255,0.0003,0.0041,2.329,0.4226,1.8897,"903,674.01",4.6413,250
"Atlanta, GA",Pipe,1000 kg/day,Medium,0.38,0.0255,0.0003,0.0041,2.3119,0.4179,1.8904,"928,097.64",4.6202,250
"Atlanta, GA",Pipe,1000 kg/day,Medium,0.39,0.0255,0.0003,0.0041,2.2949,0.4135,1.8896,"952,521.26",4.598,250
"Atlanta, GA",Pipe,1000 kg/day,Medium,0.4,0.0255,0.0003,0.0041,2.2794,0.4094,1.8902,"976,944.88",4.579,250
"Atlanta, GA",Pipe,1000 kg/day,Medium,0.41,0.0255,0.0003,0.0041,2.2639,0.4055,1.8895,"1,001,368.50",4.5588,250
"Atlanta, GA",Pipe,2000 kg/day,Medium,0.01,0.0255,0.0003,0.0041,7.5331,4.6659,1.9476,"24,423.62",14.1467,250
"Atlanta, GA",Pipe,2000 kg/day,Medium,0.02,0.0255,0.0003,0.0041,5.3681,2.5323,1.8925,"48,847.24",9.7928,250
"Atlanta, GA",Pipe,2000 kg/day,Medium,0.03,0.0255,0.0003,0.0041,4.4467,1.8182,1.8741,"73,270.87",8.1389,250
"Atlanta, GA",Pipe,2000 kg/day,Medium,0.04,0.0255,0.0003,0.0041,3.9457,1.4605,1.8925,"97,694.49",7.2986,250
"Atlanta, GA",Pipe,2000 kg/day,Medium,0.05,0.0255,0.0003,0.0041,3.5705,1.2468,1.8814,"122,118.11",6.6987,250
"Atlanta, GA",Pipe,2000 kg/day,Medium,0.06,0.0255,0.0003,0.0041,3.306,1.0865,1.8741,"146,541.73",6.2666,250
"Atlanta, GA",Pipe,2000 kg/day,Medium,0.07,0.0255,0.0003,0.0041,3.0944,0.9864,1.8688,"170,965.35",5.9497,250
"Atlanta, GA",Pipe,2000 kg/day,Medium,0.08,0.0255,0.0003,0.0041,2.9428,0.898,1.8787,"195,388.98",5.7195,250
"Atlanta, GA",Pipe,2000 kg/day,Medium,0.09,0.0255,0.0003,0.0041,2.8034,0.8412,1.8741,"219,812.60",5.5187,250
"Atlanta, GA",Pipe,2000 kg/day,Medium,0.1,0.0255,0.0003,0.0041,2.6886,0.7842,1.8704,"244,236.22",5.3432,250
"Atlanta, GA",Pipe,2000 kg/day,Medium,0.11,0.0255,0.0003,0.0041,2.5919,0.7383,1.8674,"268,659.84",5.1977,250
"Atlanta, GA",Pipe,2000 kg/day,Medium,0.12,0.0255,0.0003,0.0041,2.5154,0.7081,1.8741,"293,083.46",5.0975,250
"Atlanta, GA",Pipe,2000 kg/day,Medium,0.13,0.0255,0.0003,0.0041,2.4362,0.6742,1.8712,"317,507.09",4.9817,250
"Atlanta, GA",Pipe,2000 kg/day,Medium,0.14,0.0255,0.0003,0.0041,2.3702,0.6457,1.8688,"341,930.71",4.8847,250
"Atlanta, GA",Pipe,2000 kg/day,Medium,0.15,0.0255,0.0003,0.0041,2.3119,0.6276,1.8667,"366,354.33",4.8063,250
"Atlanta, GA",Pipe,2000 kg/day,Medium,0.16,0.0255,0.0003,0.0041,2.2643,0.6048,1.8718,"390,777.95",4.7409,250
"Atlanta, GA",Pipe,2000 kg/day,Medium,0.17,0.0255,0.0003,0.0041,2.2123,0.585,1.8698,"415,201.57",4.6671,250
"Atlanta, GA",Pipe,2000 kg/day,Medium,0.18,0.0255,0.0003,0.0041,2.1682,0.5736,1.8679,"439,625.20",4.6097,250
"Atlanta, GA",Pipe,2000 kg/day,Medium,0.19,0.0255,0.0003,0.0041,2.1314,0.5569,1.8721,"464,048.82",4.5604,250
"Atlanta, GA",Pipe,2000 kg/day,Medium,0.2,0.0255,0.0003,0.0041,2.0948,0.542,1.8704,"488,472.44",4.5072,250
"Atlanta, GA",Pipe,2000 kg/day,Medium,0.21,0.0255,0.0003,0.0041,2.0614,0.5289,1.8688,"512,896.06",4.4591,250
"Atlanta, GA",Pipe,2000 kg/day,Medium,0.22,0.0255,0.0003,0.0041,2.0307,0.5218,1.8674,"537,319.68",4.42,250
"Atlanta, GA",Pipe,2000 kg/day,Medium,0.23,0.0255,0.0003,0.0041,1.9992,0.5102,1.8709,"561,743.31",4.3803,250
"Atlanta, GA",Pipe,2000 kg/day,Medium,0.24,0.0255,0.0003,0.0041,1.9716,0.4996,1.8695,"586,166.93",4.3407,250
"Atlanta, GA",Pipe,2000 kg/day,Medium,0.25,0.0255,0.0003,0.0041,1.9459,0.49,1.8682,"610,590.55",4.3042,250
"Atlanta, GA",Pipe,2000 kg/day,Medium,0.26,0.0255,0.0003,0.0041,1.9222,0.4857,1.867,"635,014.17",4.2749,250
"Atlanta, GA",Pipe,2000 kg/day,Medium,0.27,0.0255,0.0003,0.0041,1.902,0.477,1.87,"659,437.79",4.249,250
"Atlanta, GA",Pipe,2000 kg/day,Medium,0.28,0.0255,0.0003,0.0041,1.8812,0.469,1.8688,"683,861.42",4.219,250
"Atlanta, GA",Pipe,2000 kg/day,Medium,0.29,0.0255,0.0003,0.0041,1.8618,0.4615,1.8677,"708,285.04",4.1911,250
"Atlanta, GA",Pipe,2000 kg/day,Medium,0.3,0.0255,0.0003,0.0041,1.8437,0.4547,1.8667,"732,708.66",4.1651,250
"Atlanta, GA",Pipe,2000 kg/day,Medium,0.31,0.0255,0.0003,0.0041,1.8283,0.4521,1.8693,"757,132.28",4.1497,250
"Atlanta, GA",Pipe,2000 kg/day,Medium,0.32,0.0255,0.0003,0.0041,1.8121,0.4457,1.8683,"781,555.90",4.1261,250
"Atlanta, GA",Pipe,2000 kg/day,Medium,0.33,0.0255,0.0003,0.0041,1.797,0.4398,1.8674,"805,979.53",4.1042,250
"Atlanta, GA",Pipe,2000 kg/day,Medium,0.34,0.0255,0.0003,0.0041,1.7841,0.4342,1.8698,"830,403.15",4.0881,250
"Atlanta, GA",Pipe,2000 kg/day,Medium,0.35,0.0255,0.0003,0.0041,1.7706,0.429,1.8688,"854,826.77",4.0684,250
"Atlanta, GA",Pipe,2000 kg/day,Medium,0.36,0.0255,0.0003,0.0041,1.7578,0.4276,1.8679,"879,250.39",4.0534,250
"Atlanta, GA",Pipe,2000 kg/day,Medium,0.37,0.0255,0.0003,0.0041,1.7457,0.4226,1.8671,"903,674.01",4.0354,250
"Atlanta, GA",Pipe,2000 kg/day,Medium,0.38,0.0255,0.0003,0.0041,1.7355,0.4179,1.8692,"928,097.64",4.0227,250
"Atlanta, GA",Pipe,2000 kg/day,Medium,0.39,0.0255,0.0003,0.0041,1.7246,0.4135,1.8684,"952,521.26",4.0066,250
"Atlanta, GA",Pipe,2000 kg/day,Medium,0.4,0.0255,0.0003,0.0041,1.7142,0.4094,1.8676,"976,944.88",3.9912,250
"Atlanta, GA",Pipe,2000 kg/day,Medium,0.41,0.0255,0.0003,0.0041,1.7044,0.4055,1.8669,"1,001,368.50",3.9768,250
"Atlanta, GA",Pipe,3000 kg/day,Medium,0.01,0.0255,0.0003,0.0041,6.288,4.6659,1.9548,"24,423.62",12.9088,250
"Atlanta, GA",Pipe,3000 kg/day,Medium,0.02,0.0255,0.0003,0.0041,4.4587,2.5323,1.8743,"48,847.24",8.8652,250
"Atlanta, GA",Pipe,3000 kg/day,Medium,0.03,0.0255,0.0003,0.0041,3.689,1.8182,1.8474,"73,270.87",7.3546,250
"Atlanta, GA",Pipe,3000 kg/day,Medium,0.04,0.0255,0.0003,0.0041,3.2421,1.4605,1.834,"97,694.49",6.5365,250
"Atlanta, GA",Pipe,3000 kg/day,Medium,0.05,0.0255,0.0003,0.0041,2.9468,1.2468,1.8259,"122,118.11",6.0195,250
"Atlanta, GA",Pipe,3000 kg/day,Medium,0.06,0.0255,0.0003,0.0041,2.7468,1.0865,1.8474,"146,541.73",5.6807,250
"Atlanta, GA",Pipe,3000 kg/day,Medium,0.07,0.0255,0.0003,0.0041,2.5776,0.9864,1.8397,"170,965.35",5.4038,250
"Atlanta, GA",Pipe,3000 kg/day,Medium,0.08,0.0255,0.0003,0.0041,2.4392,0.898,1.834,"195,388.98",5.1712,250
"Atlanta, GA",Pipe,3000 kg/day,Medium,0.09,0.0255,0.0003,0.0041,2.328,0.8412,1.8295,"219,812.60",4.9988,250
"Atlanta, GA",Pipe,3000 kg/day,Medium,0.1,0.0255,0.0003,0.0041,2.2362,0.7842,1.8259,"244,236.22",4.8463,250
"Atlanta, GA",Pipe,3000 kg/day,Medium,0.11,0.0255,0.0003,0.0041,2.1538,0.7383,1.823,"268,659.84",4.7152,250
"Atlanta, GA",Pipe,3000 kg/day,Medium,0.12,0.0255,0.0003,0.0041,2.0927,0.7081,1.834,"293,083.46",4.6348,250
"Atlanta, GA",Pipe,3000 kg/day,Medium,0.13,0.0255,0.0003,0.0041,2.0323,0.6742,1.8309,"317,507.09",4.5374,250
"Atlanta, GA",Pipe,3000 kg/day,Medium,0.14,0.0255,0.0003,0.0041,1.9798,0.6457,1.8282,"341,930.71",4.4537,250
"Atlanta, GA",Pipe,3000 kg/day,Medium,0.15,0.0255,0.0003,0.0041,1.9282,0.6276,1.8259,"366,354.33",4.3817,250
"Atlanta, GA",Pipe,3000 kg/day,Medium,0.16,0.0255,0.0003,0.0041,1.885,0.6048,1.8239,"390,777.95",4.3137,250
"Atlanta, GA",Pipe,3000 kg/day,Medium,0.17,0.0255,0.0003,0.0041,1.8511,0.585,1.8316,"415,201.57",4.2677,250
"Atlanta, GA",Pipe,3000 kg/day,Medium,0.18,0.0255,0.0003,0.0041,1.816,0.5736,1.8295,"439,625.20",4.2191,250
"Atlanta, GA",Pipe,3000 kg/day,Medium,0.19,0.0255,0.0003,0.0041,1.7843,0.5569,1.8276,"464,048.82",4.1688,250
"Atlanta, GA",Pipe,3000 kg/day,Medium,0.2,0.0255,0.0003,0.0041,1.7503,0.542,1.8259,"488,472.44",4.1183,250
"Atlanta, GA",Pipe,3000 kg/day,Medium,0.21,0.0255,0.0003,0.0041,1.7225,0.5289,1.8244,"512,896.06",4.0758,250
"Atlanta, GA",Pipe,3000 kg/day,Medium,0.22,0.0255,0.0003,0.0041,1.6972,0.5218,1.823,"537,319.68",4.042,250
"Atlanta, GA",Pipe,3000 kg/day,Medium,0.23,0.0255,0.0003,0.0041,1.677,0.5102,1.8287,"561,743.31",4.0159,250
"Atlanta, GA",Pipe,3000 kg/day,Medium,0.24,0.0255,0.0003,0.0041,1.6553,0.4996,1.8272,"586,166.93",3.9822,250
"Atlanta, GA",Pipe,3000 kg/day,Medium,0.25,0.0255,0.0003,0.0041,1.6352,0.49,1.8259,"610,590.55",3.9512,250
"Atlanta, GA",Pipe,3000 kg/day,Medium,0.26,0.0255,0.0003,0.0041,1.6166,0.4857,1.8247,"635,014.17",3.927,250
"Atlanta, GA",Pipe,3000 kg/day,Medium,0.27,0.0255,0.0003,0.0041,1.5994,0.477,1.8235,"659,437.79",3.8999,250
"Atlanta, GA",Pipe,3000 kg/day,Medium,0.28,0.0255,0.0003,0.0041,1.5833,0.469,1.8225,"683,861.42",3.8747,250
"Atlanta, GA",Pipe,3000 kg/day,Medium,0.29,0.0255,0.0003,0.0041,1.5706,0.4615,1.827,"708,285.04",3.8591,250
"Atlanta, GA",Pipe,3000 kg/day,Medium,0.3,0.0255,0.0003,0.0041,1.5565,0.4547,1.8259,"732,708.66",3.8371,250
"Atlanta, GA",Pipe,3000 kg/day,Medium,0.31,0.0255,0.0003,0.0041,1.5433,0.4521,1.8249,"757,132.28",3.8203,250
"Atlanta, GA",Pipe,3000 kg/day,Medium,0.32,0.0255,0.0003,0.0041,1.5309,0.4457,1.8239,"781,555.90",3.8005,250
"Atlanta, GA",Pipe,3000 kg/day,Medium,0.33,0.0255,0.0003,0.0041,1.5193,0.4398,1.823,"805,979.53",3.782,250
"Atlanta, GA",Pipe,3000 kg/day,Medium,0.34,0.0255,0.0003,0.0041,1.5102,0.4342,1.8269,"830,403.15",3.7712,250
"Atlanta, GA",Pipe,3000 kg/day,Medium,0.35,0.0255,0.0003,0.0041,1.4999,0.429,1.8259,"854,826.77",3.7548,250
"Atlanta, GA",Pipe,3000 kg/day,Medium,0.36,0.0255,0.0003,0.0041,1.4901,0.4276,1.825,"879,250.39",3.7427,250
"Atlanta, GA",Pipe,3000 kg/day,Medium,0.37,0.0255,0.0003,0.0041,1.4809,0.4226,1.8242,"903,674.01",3.7277,250
"Atlanta, GA",Pipe,3000 kg/day,Medium,0.38,0.0255,0.0003,0.0041,1.4722,0.4179,1.8234,"928,097.64",3.7135,250
"Atlanta, GA",Pipe,3000 kg/day,Medium,0.39,0.0255,0.0003,0.0041,1.4641,0.4135,1.8226,"952,521.26",3.7002,250
"Atlanta, GA",Pipe,3000 kg/day,Medium,0.4,0.0255,0.0003,0.0041,1.4578,0.4094,1.8259,"976,944.88",3.6931,250
"Atlanta, GA",Pipe,3000 kg/day,Medium,0.41,0.0255,0.0003,0.0041,1.4503,0.4055,1.8251,"1,001,368.50",3.6809,250
"Miami, FL",Gas,1000 kg/day,Medium,0.01,0.0018,0.0106,0.0041,-,3.2729,1.531,"23,165.62",4.8039,250
"Miami, FL",Gas,1000 kg/day,Medium,0.02,0.0018,0.0106,0.0041,-,3.2341,1.531,"46,331.23",4.7651,250
"Miami, FL",Gas,1000 kg/day,Medium,0.03,0.0018,0.0106,0.0041,-,3.2192,1.531,"69,496.85",4.7502,250
"Miami, FL",Gas,1000 kg/day,Medium,0.04,0.0018,0.0106,0.0041,-,3.211,1.531,"92,662.46",4.742,250
"Miami, FL",Gas,1000 kg/day,Medium,0.05,0.0018,0.0106,0.0041,-,3.2057,1.531,"115,828.08",4.7367,250
"Miami, FL",Gas,1000 kg/day,Medium,0.06,0.0018,0.0106,0.0041,-,3.2021,1.531,"138,993.69",4.7331,250
"Miami, FL",Gas,1000 kg/day,Medium,0.07,0.0018,0.0106,0.0041,-,3.198,1.531,"162,159.31",4.729,250
"Miami, FL",Gas,1000 kg/day,Medium,0.08,0.0018,0.0106,0.0041,-,3.196,1.531,"185,324.92",4.727,250
"Miami, FL",Gas,1000 kg/day,Medium,0.09,0.0018,0.0106,0.0041,-,3.1943,1.531,"208,490.54",4.7253,250
"Miami, FL",Gas,1000 kg/day,Medium,0.1,0.0018,0.0106,0.0041,-,3.1929,1.531,"231,656.15",4.7239,250
"Miami, FL",Gas,1000 kg/day,Medium,0.11,0.0018,0.0106,0.0041,-,3.1917,1.531,"254,821.77",4.7227,250
"Miami, FL",Gas,1000 kg/day,Medium,0.12,0.0018,0.0106,0.0041,-,3.1907,1.531,"277,987.38",4.7217,250
"Miami, FL",Gas,1000 kg/day,Medium,0.13,0.0018,0.0106,0.0041,-,3.1892,1.531,"301,153.00",4.7202,250
"Miami, FL",Gas,1000 kg/day,Medium,0.14,0.0018,0.0106,0.0041,-,3.1884,1.531,"324,318.61",4.7194,250
"Miami, FL",Gas,1000 kg/day,Medium,0.15,0.0018,0.0106,0.0041,-,3.1878,1.531,"347,484.23",4.7188,250
"Miami, FL",Gas,1000 kg/day,Medium,0.16,0.0018,0.0106,0.0041,-,3.1872,1.531,"370,649.84",4.7182,250
"Miami, FL",Gas,1000 kg/day,Medium,0.17,0.0018,0.0106,0.0041,-,3.1866,1.531,"393,815.46",4.7176,250
"Miami, FL",Gas,1000 kg/day,Medium,0.18,0.0018,0.0106,0.0041,-,3.1862,1.531,"416,981.07",4.7172,250
"Miami, FL",Gas,1000 kg/day,Medium,0.19,0.0018,0.0106,0.0041,-,3.1853,1.531,"440,146.69",4.7163,250
"Miami, FL",Gas,1000 kg/day,Medium,0.2,0.0018,0.0106,0.0041,-,3.1849,1.531,"463,312.30",4.7159,250
"Miami, FL",Gas,1000 kg/day,Medium,0.21,0.0018,0.0106,0.0041,-,3.1845,1.531,"486,477.92",4.7155,250
"Miami, FL",Gas,1000 kg/day,Medium,0.22,0.0018,0.0106,0.0041,-,3.1842,1.531,"509,643.53",4.7152,250
"Miami, FL",Gas,1000 kg/day,Medium,0.23,0.0018,0.0106,0.0041,-,3.1839,1.531,"532,809.15",4.7149,250
"Miami, FL",Gas,1000 kg/day,Medium,0.24,0.0018,0.0106,0.0041,-,3.1837,1.5289,"555,974.76",4.7126,250
"Miami, FL",Gas,1000 kg/day,Medium,0.25,0.0018,0.0106,0.0041,-,3.183,1.529,"579,140.38",4.7119,250
"Miami, FL",Gas,1000 kg/day,Medium,0.26,0.0018,0.0106,0.0041,-,3.1828,1.529,"602,305.99",4.7118,250
"Miami, FL",Gas,1000 kg/day,Medium,0.27,0.0018,0.0106,0.0041,-,3.1826,1.5291,"625,471.61",4.7117,250
"Miami, FL",Gas,1000 kg/day,Medium,0.28,0.0018,0.0106,0.0041,-,3.1823,1.5292,"648,637.22",4.7115,250
"Miami, FL",Gas,1000 kg/day,Medium,0.29,0.0018,0.0106,0.0041,-,3.1822,1.5292,"671,802.84",4.7114,250
"Miami, FL",Gas,1000 kg/day,Medium,0.3,0.0018,0.0106,0.0041,-,3.182,1.5293,"694,968.46",4.7113,250
"Miami, FL",Gas,1000 kg/day,Medium,0.31,0.0018,0.0106,0.0041,-,3.1815,1.5294,"718,134.07",4.7108,250
"Miami, FL",Gas,1000 kg/day,Medium,0.32,0.0018,0.0106,0.0041,-,3.1814,1.5294,"741,299.69",4.7108,250
"Miami, FL",Gas,1000 kg/day,Medium,0.33,0.0018,0.0106,0.0041,-,3.1812,1.5295,"764,465.30",4.7106,250
"Miami, FL",Gas,1000 kg/day,Medium,0.34,0.0018,0.0106,0.0041,-,3.181,1.5295,"787,630.92",4.7105,250
"Miami, FL",Gas,1000 kg/day,Medium,0.35,0.0018,0.0106,0.0041,-,3.1809,1.5295,"810,796.53",4.7104,250
"Miami, FL",Gas,1000 kg/day,Medium,0.36,0.0018,0.0106,0.0041,-,3.1808,1.5296,"833,962.15",4.7104,250
"Miami, FL",Gas,1000 kg/day,Medium,0.37,0.0018,0.0106,0.0041,-,3.1804,1.5296,"857,127.76",4.71,250
"Miami, FL",Gas,1000 kg/day,Medium,0.38,0.0018,0.0106,0.0041,-,3.1803,1.5297,"880,293.38",4.7099,250
"Miami, FL",Gas,1000 kg/day,Medium,0.39,0.0018,0.0106,0.0041,-,3.1802,1.5297,"903,458.99",4.7099,250
"Miami, FL",Gas,1000 kg/day,Medium,0.4,0.0018,0.0106,0.0041,-,3.1801,1.5297,"926,624.61",4.7098,250
"Miami, FL",Gas,1000 kg/day,Medium,0.41,0.0018,0.0106,0.0041,-,3.18,1.5297,"949,790.22",4.7097,250
"Miami, FL",Gas,2000 kg/day,Medium,0.01,0.0018,0.0106,0.0041,-,3.2729,1.5402,"23,165.62",4.8131,250
"Miami, FL",Gas,2000 kg/day,Medium,0.02,0.0018,0.0106,0.0041,-,3.2341,1.4909,"46,331.23",4.7249,250
"Miami, FL",Gas,2000 kg/day,Medium,0.03,0.0018,0.0106,0.0041,-,3.2192,1.5073,"69,496.85",4.7265,250
"Miami, FL",Gas,2000 kg/day,Medium,0.04,0.0018,0.0106,0.0041,-,3.211,1.4909,"92,662.46",4.7018,250
"Miami, FL",Gas,2000 kg/day,Medium,0.05,0.0018,0.0106,0.0041,-,3.2057,1.5007,"115,828.08",4.7064,250
"Miami, FL",Gas,2000 kg/day,Medium,0.06,0.0018,0.0106,0.0041,-,3.2021,1.4909,"138,993.69",4.6929,250
"Miami, FL",Gas,2000 kg/day,Medium,0.07,0.0018,0.0106,0.0041,-,3.198,1.4979,"162,159.31",4.6959,250
"Miami, FL",Gas,2000 kg/day,Medium,0.08,0.0018,0.0106,0.0041,-,3.196,1.4909,"185,324.92",4.6868,250
"Miami, FL",Gas,2000 kg/day,Medium,0.09,0.0018,0.0106,0.0041,-,3.1943,1.4964,"208,490.54",4.6906,250
"Miami, FL",Gas,2000 kg/day,Medium,0.1,0.0018,0.0106,0.0041,-,3.1929,1.4909,"231,656.15",4.6837,250
"Miami, FL",Gas,2000 kg/day,Medium,0.11,0.0018,0.0106,0.0041,-,3.1917,1.4954,"254,821.77",4.687,250
"Miami, FL",Gas,2000 kg/day,Medium,0.12,0.0018,0.0106,0.0041,-,3.1907,1.4909,"277,987.38",4.6815,250
"Miami, FL",Gas,2000 kg/day,Medium,0.13,0.0018,0.0106,0.0041,-,3.1892,1.4947,"301,153.00",4.6838,250
"Miami, FL",Gas,2000 kg/day,Medium,0.14,0.0018,0.0106,0.0041,-,3.1884,1.4909,"324,318.61",4.6792,250
"Miami, FL",Gas,2000 kg/day,Medium,0.15,0.0018,0.0106,0.0041,-,3.1878,1.4942,"347,484.23",4.6819,250
"Miami, FL",Gas,2000 kg/day,Medium,0.16,0.0018,0.0106,0.0041,-,3.1872,1.4909,"370,649.84",4.678,250
"Miami, FL",Gas,2000 kg/day,Medium,0.17,0.0018,0.0106,0.0041,-,3.1866,1.4938,"393,815.46",4.6803,250
"Miami, FL",Gas,2000 kg/day,Medium,0.18,0.0018,0.0106,0.0041,-,3.1862,1.4909,"416,981.07",4.677,250
"Miami, FL",Gas,2000 kg/day,Medium,0.19,0.0018,0.0106,0.0041,-,3.1853,1.4935,"440,146.69",4.6787,250
"Miami, FL",Gas,2000 kg/day,Medium,0.2,0.0018,0.0106,0.0041,-,3.1849,1.4909,"463,312.30",4.6757,250
"Miami, FL",Gas,2000 kg/day,Medium,0.21,0.0018,0.0106,0.0041,-,3.1845,1.4932,"486,477.92",4.6777,250
"Miami, FL",Gas,2000 kg/day,Medium,0.22,0.0018,0.0106,0.0041,-,3.1842,1.4909,"509,643.53",4.675,250
"Miami, FL",Gas,2000 kg/day,Medium,0.23,0.0018,0.0106,0.0041,-,3.1839,1.493,"532,809.15",4.6769,250
"Miami, FL",Gas,2000 kg/day,Medium,0.24,0.0018,0.0106,0.0041,-,3.1837,1.4909,"555,974.76",4.6745,250
"Miami, FL",Gas,2000 kg/day,Medium,0.25,0.0018,0.0106,0.0041,-,3.183,1.4889,"579,140.38",4.6719,250
"Miami, FL",Gas,2000 kg/day,Medium,0.26,0.0018,0.0106,0.0041,-,3.1828,1.4909,"602,305.99",4.6736,250
"Miami, FL",Gas,2000 kg/day,Medium,0.27,0.0018,0.0106,0.0041,-,3.1826,1.489,"625,471.61",4.6716,250
"Miami, FL",Gas,2000 kg/day,Medium,0.28,0.0018,0.0106,0.0041,-,3.1823,1.4909,"648,637.22",4.6731,250
"Miami, FL",Gas,2000 kg/day,Medium,0.29,0.0018,0.0106,0.0041,-,3.1822,1.4892,"671,802.84",4.6713,250
"Miami, FL",Gas,2000 kg/day,Medium,0.3,0.0018,0.0106,0.0041,-,3.182,1.4909,"694,968.46",4.6728,250
"Miami, FL",Gas,2000 kg/day,Medium,0.31,0.0018,0.0106,0.0041,-,3.1815,1.4893,"718,134.07",4.6708,250
"Miami, FL",Gas,2000 kg/day,Medium,0.32,0.0018,0.0106,0.0041,-,3.1814,1.4909,"741,299.69",4.6722,250
"Miami, FL",Gas,2000 kg/day,Medium,0.33,0.0018,0.0106,0.0041,-,3.1812,1.4894,"764,465.30",4.6705,250
"Miami, FL",Gas,2000 kg/day,Medium,0.34,0.0018,0.0106,0.0041,-,3.181,1.4909,"787,630.92",4.6718,250
"Miami, FL",Gas,2000 kg/day,Medium,0.35,0.0018,0.0106,0.0041,-,3.1809,1.4895,"810,796.53",4.6703,250
"Miami, FL",Gas,2000 kg/day,Medium,0.36,0.0018,0.0106,0.0041,-,3.1808,1.4909,"833,962.15",4.6716,250
"Miami, FL",Gas,2000 kg/day,Medium,0.37,0.0018,0.0106,0.0041,-,3.1804,1.4895,"857,127.76",4.6699,250
"Miami, FL",Gas,2000 kg/day,Medium,0.38,0.0018,0.0106,0.0041,-,3.1803,1.4909,"880,293.38",4.6711,250
"Miami, FL",Gas,2000 kg/day,Medium,0.39,0.0018,0.0106,0.0041,-,3.1802,1.4896,"903,458.99",4.6698,250
"Miami, FL",Gas,2000 kg/day,Medium,0.4,0.0018,0.0106,0.0041,-,3.1801,1.4909,"926,624.61",4.6709,250
"Miami, FL",Gas,2000 kg/day,Medium,0.41,0.0018,0.0106,0.0041,-,3.18,1.4897,"949,790.22",4.6696,250
"Miami, FL",Gas,3000 kg/day,Medium,0.01,0.0018,0.0106,0.0041,-,3.2729,1.4685,"23,165.62",4.7414,250
"Miami, FL",Gas,3000 kg/day,Medium,0.02,0.0018,0.0106,0.0041,-,3.2341,1.4685,"46,331.23",4.7026,250
"Miami, FL",Gas,3000 kg/day,Medium,0.03,0.0018,0.0106,0.0041,-,3.2192,1.4213,"69,496.85",4.6405,250
"Miami, FL",Gas,3000 kg/day,Medium,0.04,0.0018,0.0106,0.0041,-,3.211,1.4331,"92,662.46",4.6441,250
"Miami, FL",Gas,3000 kg/day,Medium,0.05,0.0018,0.0106,0.0041,-,3.2057,1.4402,"115,828.08",4.6458,250
"Miami, FL",Gas,3000 kg/day,Medium,0.06,0.0018,0.0106,0.0041,-,3.2021,1.4213,"138,993.69",4.6234,250
"Miami, FL",Gas,3000 kg/day,Medium,0.07,0.0018,0.0106,0.0041,-,3.198,1.428,"162,159.31",4.626,250
"Miami, FL",Gas,3000 kg/day,Medium,0.08,0.0018,0.0106,0.0041,-,3.196,1.4331,"185,324.92",4.6291,250
"Miami, FL",Gas,3000 kg/day,Medium,0.09,0.0018,0.0106,0.0041,-,3.1943,1.4213,"208,490.54",4.6156,250
"Miami, FL",Gas,3000 kg/day,Medium,0.1,0.0018,0.0106,0.0041,-,3.1929,1.426,"231,656.15",4.6189,250
"Miami, FL",Gas,3000 kg/day,Medium,0.11,0.0018,0.0106,0.0041,-,3.1917,1.4299,"254,821.77",4.6215,250
"Miami, FL",Gas,3000 kg/day,Medium,0.12,0.0018,0.0106,0.0041,-,3.1907,1.4213,"277,987.38",4.612,250
"Miami, FL",Gas,3000 kg/day,Medium,0.13,0.0018,0.0106,0.0041,-,3.1892,1.4249,"301,153.00",4.6141,250
"Miami, FL",Gas,3000 kg/day,Medium,0.14,0.0018,0.0106,0.0041,-,3.1884,1.428,"324,318.61",4.6164,250
"Miami, FL",Gas,3000 kg/day,Medium,0.15,0.0018,0.0106,0.0041,-,3.1878,1.4213,"347,484.23",4.6091,250
"Miami, FL",Gas,3000 kg/day,Medium,0.16,0.0018,0.0106,0.0041,-,3.1872,1.4242,"370,649.84",4.6114,250
"Miami, FL",Gas,3000 kg/day,Medium,0.17,0.0018,0.0106,0.0041,-,3.1866,1.4268,"393,815.46",4.6134,250
"Miami, FL",Gas,3000 kg/day,Medium,0.18,0.0018,0.0106,0.0041,-,3.1862,1.4213,"416,981.07",4.6075,250
"Miami, FL",Gas,3000 kg/day,Medium,0.19,0.0018,0.0106,0.0041,-,3.1853,1.4238,"440,146.69",4.609,250
"Miami, FL",Gas,3000 kg/day,Medium,0.2,0.0018,0.0106,0.0041,-,3.1849,1.426,"463,312.30",4.6109,250
"Miami, FL",Gas,3000 kg/day,Medium,0.21,0.0018,0.0106,0.0041,-,3.1845,1.4213,"486,477.92",4.6058,250
"Miami, FL",Gas,3000 kg/day,Medium,0.22,0.0018,0.0106,0.0041,-,3.1842,1.4234,"509,643.53",4.6076,250
"Miami, FL",Gas,3000 kg/day,Medium,0.23,0.0018,0.0106,0.0041,-,3.1839,1.4254,"532,809.15",4.6093,250
"Miami, FL",Gas,3000 kg/day,Medium,0.24,0.0018,0.0106,0.0041,-,3.1837,1.4213,"555,974.76",4.605,250
"Miami, FL",Gas,3000 kg/day,Medium,0.25,0.0018,0.0106,0.0041,-,3.183,1.4232,"579,140.38",4.6062,250
"Miami, FL",Gas,3000 kg/day,Medium,0.26,0.0018,0.0106,0.0041,-,3.1828,1.4195,"602,305.99",4.6022,250
"Miami, FL",Gas,3000 kg/day,Medium,0.27,0.0018,0.0106,0.0041,-,3.1826,1.4213,"625,471.61",4.6039,250
"Miami, FL",Gas,3000 kg/day,Medium,0.28,0.0018,0.0106,0.0041,-,3.1823,1.423,"648,637.22",4.6052,250
"Miami, FL",Gas,3000 kg/day,Medium,0.29,0.0018,0.0106,0.0041,-,3.1822,1.4197,"671,802.84",4.6018,250
"Miami, FL",Gas,3000 kg/day,Medium,0.3,0.0018,0.0106,0.0041,-,3.182,1.4213,"694,968.46",4.6033,250
"Miami, FL",Gas,3000 kg/day,Medium,0.31,0.0018,0.0106,0.0041,-,3.1815,1.4228,"718,134.07",4.6043,250
"Miami, FL",Gas,3000 kg/day,Medium,0.32,0.0018,0.0106,0.0041,-,3.1814,1.4198,"741,299.69",4.6012,250
"Miami, FL",Gas,3000 kg/day,Medium,0.33,0.0018,0.0106,0.0041,-,3.1812,1.4213,"764,465.30",4.6025,250
"Miami, FL",Gas,3000 kg/day,Medium,0.34,0.0018,0.0106,0.0041,-,3.181,1.4227,"787,630.92",4.6036,250
"Miami, FL",Gas,3000 kg/day,Medium,0.35,0.0018,0.0106,0.0041,-,3.1809,1.4199,"810,796.53",4.6008,250
"Miami, FL",Gas,3000 kg/day,Medium,0.36,0.0018,0.0106,0.0041,-,3.1808,1.4213,"833,962.15",4.6021,250
"Miami, FL",Gas,3000 kg/day,Medium,0.37,0.0018,0.0106,0.0041,-,3.1804,1.4226,"857,127.76",4.6029,250
"Miami, FL",Gas,3000 kg/day,Medium,0.38,0.0018,0.0106,0.0041,-,3.1803,1.42,"880,293.38",4.6003,250
"Miami, FL",Gas,3000 kg/day,Medium,0.39,0.0018,0.0106,0.0041,-,3.1802,1.4213,"903,458.99",4.6015,250
"Miami, FL",Gas,3000 kg/day,Medium,0.4,0.0018,0.0106,0.0041,-,3.1801,1.4225,"926,624.61",4.6025,250
"Miami, FL",Gas,3000 kg/day,Medium,0.41,0.0018,0.0106,0.0041,-,3.18,1.4201,"949,790.22",4.6001,250
"Miami, FL",Liquid,1000 kg/day,Medium,0.01,0.03,0.0255,0.0155,-,3.294,0.93,"23,165.62",4.2241,250
"Miami, FL",Liquid,1000 kg/day,Medium,0.02,0.03,0.0255,0.0155,-,3.1004,0.93,"46,331.23",4.0305,250
"Miami, FL",Liquid,1000 kg/day,Medium,0.03,0.03,0.0255,0.0155,-,2.9872,0.93,"69,496.85",3.9173,250
"Miami, FL",Liquid,1000 kg/day,Medium,0.04,0.03,0.0255,0.0155,-,2.9235,0.93,"92,662.46",3.8536,250
"Miami, FL",Liquid,1000 kg/day,Medium,0.05,0.03,0.0255,0.0155,-,2.8688,0.93,"115,828.08",3.7989,250
"Miami, FL",Liquid,1000 kg/day,Medium,0.06,0.03,0.0255,0.0155,-,2.8328,0.93,"138,993.69",3.7629,250
"Miami, FL",Liquid,1000 kg/day,Medium,0.07,0.03,0.0255,0.0155,-,2.7978,0.93,"162,159.31",3.7279,250
"Miami, FL",Liquid,1000 kg/day,Medium,0.08,0.03,0.0255,0.0155,-,2.7733,0.93,"185,324.92",3.7034,250
"Miami, FL",Liquid,1000 kg/day,Medium,0.09,0.03,0.0255,0.0155,-,2.748,0.93,"208,490.54",3.6781,250
"Miami, FL",Liquid,1000 kg/day,Medium,0.1,0.03,0.0255,0.0155,-,2.7297,0.93,"231,656.15",3.6598,250
"Miami, FL",Liquid,1000 kg/day,Medium,0.11,0.03,0.0255,0.0155,-,2.7134,0.93,"254,821.77",3.6435,250
"Miami, FL",Liquid,1000 kg/day,Medium,0.12,0.03,0.0255,0.0155,-,2.6956,0.93,"277,987.38",3.6257,250
"Miami, FL",Liquid,1000 kg/day,Medium,0.13,0.03,0.0255,0.0155,-,2.6825,0.93,"301,153.00",3.6126,250
"Miami, FL",Liquid,1000 kg/day,Medium,0.14,0.03,0.0255,0.0155,-,2.6678,0.93,"324,318.61",3.5979,250
"Miami, FL",Liquid,1000 kg/day,Medium,0.15,0.03,0.0255,0.0155,-,2.6571,0.93,"347,484.23",3.5872,250
"Miami, FL",Liquid,1000 kg/day,Medium,0.16,0.03,0.0255,0.0155,-,2.6447,0.93,"370,649.84",3.5748,250
"Miami, FL",Liquid,1000 kg/day,Medium,0.17,0.03,0.0255,0.0155,-,2.6354,0.93,"393,815.46",3.5655,250
"Miami, FL",Liquid,1000 kg/day,Medium,0.18,0.03,0.0255,0.0155,-,2.6246,0.93,"416,981.07",3.5547,250
"Miami, FL",Liquid,1000 kg/day,Medium,0.19,0.03,0.0255,0.0155,-,2.6165,0.93,"440,146.69",3.5466,250
"Miami, FL",Liquid,1000 kg/day,Medium,0.2,0.03,0.0255,0.0155,-,2.607,0.93,"463,312.30",3.5371,250
"Miami, FL",Liquid,1000 kg/day,Medium,0.21,0.03,0.0255,0.0155,-,2.5999,0.93,"486,477.92",3.53,250
"Miami, FL",Liquid,1000 kg/day,Medium,0.22,0.03,0.0255,0.0155,-,2.5932,0.93,"509,643.53",3.5233,250
"Miami, FL",Liquid,1000 kg/day,Medium,0.23,0.03,0.0255,0.0155,-,2.5852,0.93,"532,809.15",3.5153,250
"Miami, FL",Liquid,1000 kg/day,Medium,0.24,0.03,0.0255,0.0155,-,2.5791,0.9287,"555,974.76",3.5078,250
"Miami, FL",Liquid,1000 kg/day,Medium,0.25,0.03,0.0255,0.0155,-,2.5719,0.9288,"579,140.38",3.5007,250
"Miami, FL",Liquid,1000 kg/day,Medium,0.26,0.03,0.0255,0.0155,-,2.5664,0.9288,"602,305.99",3.4952,250
"Miami, FL",Liquid,1000 kg/day,Medium,0.27,0.03,0.0255,0.0155,-,2.5598,0.9289,"625,471.61",3.4887,250
"Miami, FL",Liquid,1000 kg/day,Medium,0.28,0.03,0.0255,0.0155,-,2.5549,0.9289,"648,637.22",3.4838,250
"Miami, FL",Liquid,1000 kg/day,Medium,0.29,0.03,0.0255,0.0155,-,2.5488,0.9289,"671,802.84",3.4778,250
"Miami, FL",Liquid,1000 kg/day,Medium,0.3,0.03,0.0255,0.0155,-,2.5444,0.929,"694,968.46",3.4734,250
"Miami, FL",Liquid,1000 kg/day,Medium,0.31,0.03,0.0255,0.0155,-,2.5388,0.929,"718,134.07",3.4678,250
"Miami, FL",Liquid,1000 kg/day,Medium,0.32,0.03,0.0255,0.0155,-,2.5346,0.929,"741,299.69",3.4637,250
"Miami, FL",Liquid,1000 kg/day,Medium,0.33,0.03,0.0255,0.0155,-,2.5305,0.9291,"764,465.30",3.4596,250
"Miami, FL",Liquid,1000 kg/day,Medium,0.34,0.03,0.0255,0.0155,-,2.5255,0.9291,"787,630.92",3.4546,250
"Miami, FL",Liquid,1000 kg/day,Medium,0.35,0.03,0.0255,0.0155,-,2.5218,0.9291,"810,796.53",3.451,250
"Miami, FL",Liquid,1000 kg/day,Medium,0.36,0.03,0.0255,0.0155,-,2.5171,0.9291,"833,962.15",3.4463,250
"Miami, FL",Liquid,1000 kg/day,Medium,0.37,0.03,0.0255,0.0155,-,2.5136,0.9292,"857,127.76",3.4428,250
"Miami, FL",Liquid,1000 kg/day,Medium,0.38,0.03,0.0255,0.0155,-,2.5092,0.9292,"880,293.38",3.4384,250
"Miami, FL",Liquid,1000 kg/day,Medium,0.39,0.03,0.0255,0.0155,-,2.5059,0.9292,"903,458.99",3.4351,250
"Miami, FL",Liquid,1000 kg/day,Medium,0.4,0.03,0.0255,0.0155,-,2.5018,0.9292,"926,624.61",3.4311,250
"Miami, FL",Liquid,1000 kg/day,Medium,0.41,0.03,0.0255,0.0155,-,2.4987,0.9292,"949,790.22",3.428,250
"Miami, FL",Liquid,2000 kg/day,Medium,0.01,0.03,0.0255,0.0155,-,3.294,0.6493,"23,165.62",3.9434,250
"Miami, FL",Liquid,2000 kg/day,Medium,0.02,0.03,0.0255,0.0155,-,3.1004,0.6283,"46,331.23",3.7288,250
"Miami, FL",Liquid,2000 kg/day,Medium,0.03,0.03,0.0255,0.0155,-,2.9872,0.6353,"69,496.85",3.6226,250
"Miami, FL",Liquid,2000 kg/day,Medium,0.04,0.03,0.0255,0.0155,-,2.9235,0.6283,"92,662.46",3.5519,250
"Miami, FL",Liquid,2000 kg/day,Medium,0.05,0.03,0.0255,0.0155,-,2.8688,0.6325,"115,828.08",3.5014,250
"Miami, FL",Liquid,2000 kg/day,Medium,0.06,0.03,0.0255,0.0155,-,2.8328,0.6283,"138,993.69",3.4612,250
"Miami, FL",Liquid,2000 kg/day,Medium,0.07,0.03,0.0255,0.0155,-,2.7978,0.6313,"162,159.31",3.4292,250
"Miami, FL",Liquid,2000 kg/day,Medium,0.08,0.03,0.0255,0.0155,-,2.7733,0.6283,"185,324.92",3.4017,250
"Miami, FL",Liquid,2000 kg/day,Medium,0.09,0.03,0.0255,0.0155,-,2.748,0.6307,"208,490.54",3.3787,250
"Miami, FL",Liquid,2000 kg/day,Medium,0.1,0.03,0.0255,0.0155,-,2.7297,0.6283,"231,656.15",3.3581,250
"Miami, FL",Liquid,2000 kg/day,Medium,0.11,0.03,0.0255,0.0155,-,2.7134,0.6303,"254,821.77",3.3437,250
"Miami, FL",Liquid,2000 kg/day,Medium,0.12,0.03,0.0255,0.0155,-,2.6956,0.6283,"277,987.38",3.324,250
"Miami, FL",Liquid,2000 kg/day,Medium,0.13,0.03,0.0255,0.0155,-,2.6825,0.63,"301,153.00",3.3125,250
"Miami, FL",Liquid,2000 kg/day,Medium,0.14,0.03,0.0255,0.0155,-,2.6678,0.6283,"324,318.61",3.2962,250
"Miami, FL",Liquid,2000 kg/day,Medium,0.15,0.03,0.0255,0.0155,-,2.6571,0.6297,"347,484.23",3.2869,250
"Miami, FL",Liquid,2000 kg/day,Medium,0.16,0.03,0.0255,0.0155,-,2.6447,0.6283,"370,649.84",3.2731,250
"Miami, FL",Liquid,2000 kg/day,Medium,0.17,0.03,0.0255,0.0155,-,2.6354,0.6296,"393,815.46",3.265,250
"Miami, FL",Liquid,2000 kg/day,Medium,0.18,0.03,0.0255,0.0155,-,2.6246,0.6283,"416,981.07",3.253,250
"Miami, FL",Liquid,2000 kg/day,Medium,0.19,0.03,0.0255,0.0155,-,2.6165,0.6295,"440,146.69",3.246,250
"Miami, FL",Liquid,2000 kg/day,Medium,0.2,0.03,0.0255,0.0155,-,2.607,0.6283,"463,312.30",3.2354,250
"Miami, FL",Liquid,2000 kg/day,Medium,0.21,0.03,0.0255,0.0155,-,2.5999,0.6293,"486,477.92",3.2293,250
"Miami, FL",Liquid,2000 kg/day,Medium,0.22,0.03,0.0255,0.0155,-,2.5932,0.6283,"509,643.53",3.2216,250
"Miami, FL",Liquid,2000 kg/day,Medium,0.23,0.03,0.0255,0.0155,-,2.5852,0.6293,"532,809.15",3.2145,250
"Miami, FL",Liquid,2000 kg/day,Medium,0.24,0.03,0.0255,0.0155,-,2.5791,0.6283,"555,974.76",3.2075,250
"Miami, FL",Liquid,2000 kg/day,Medium,0.25,0.03,0.0255,0.0155,-,2.5719,0.6275,"579,140.38",3.1994,250
"Miami, FL",Liquid,2000 kg/day,Medium,0.26,0.03,0.0255,0.0155,-,2.5664,0.6283,"602,305.99",3.1948,250
"Miami, FL",Liquid,2000 kg/day,Medium,0.27,0.03,0.0255,0.0155,-,2.5598,0.6276,"625,471.61",3.1874,250
"Miami, FL",Liquid,2000 kg/day,Medium,0.28,0.03,0.0255,0.0155,-,2.5549,0.6283,"648,637.22",3.1833,250
"Miami, FL",Liquid,2000 kg/day,Medium,0.29,0.03,0.0255,0.0155,-,2.5488,0.6276,"671,802.84",3.1765,250
"Miami, FL",Liquid,2000 kg/day,Medium,0.3,0.03,0.0255,0.0155,-,2.5444,0.6283,"694,968.46",3.1728,250
"Miami, FL",Liquid,2000 kg/day,Medium,0.31,0.03,0.0255,0.0155,-,2.5388,0.6277,"718,134.07",3.1665,250
"Miami, FL",Liquid,2000 kg/day,Medium,0.32,0.03,0.0255,0.0155,-,2.5346,0.6283,"741,299.69",3.163,250
"Miami, FL",Liquid,2000 kg/day,Medium,0.33,0.03,0.0255,0.0155,-,2.5305,0.6277,"764,465.30",3.1582,250
"Miami, FL",Liquid,2000 kg/day,Medium,0.34,0.03,0.0255,0.0155,-,2.5255,0.6283,"787,630.92",3.1539,250
"Miami, FL",Liquid,2000 kg/day,Medium,0.35,0.03,0.0255,0.0155,-,2.5218,0.6277,"810,796.53",3.1496,250
"Miami, FL",Liquid,2000 kg/day,Medium,0.36,0.03,0.0255,0.0155,-,2.5171,0.6283,"833,962.15",3.1455,250
"Miami, FL",Liquid,2000 kg/day,Medium,0.37,0.03,0.0255,0.0155,-,2.5136,0.6278,"857,127.76",3.1414,250
"Miami, FL",Liquid,2000 kg/day,Medium,0.38,0.03,0.0255,0.0155,-,2.5092,0.6283,"880,293.38",3.1376,250
"Miami, FL",Liquid,2000 kg/day,Medium,0.39,0.03,0.0255,0.0155,-,2.5059,0.6278,"903,458.99",3.1337,250
"Miami, FL",Liquid,2000 kg/day,Medium,0.4,0.03,0.0255,0.0155,-,2.5018,0.6283,"926,624.61",3.1302,250
"Miami, FL",Liquid,2000 kg/day,Medium,0.41,0.03,0.0255,0.0155,-,2.4987,0.6278,"949,790.22",3.1266,250
"Miami, FL",Liquid,3000 kg/day,Medium,0.01,0.03,0.0255,0.0155,-,3.294,0.6155,"23,165.62",3.9096,250
"Miami, FL",Liquid,3000 kg/day,Medium,0.02,0.03,0.0255,0.0155,-,3.1004,0.6155,"46,331.23",3.716,250
"Miami, FL",Liquid,3000 kg/day,Medium,0.03,0.03,0.0255,0.0155,-,2.9872,0.5957,"69,496.85",3.5829,250
"Miami, FL",Liquid,3000 kg/day,Medium,0.04,0.03,0.0255,0.0155,-,2.9235,0.6006,"92,662.46",3.5242,250
"Miami, FL",Liquid,3000 kg/day,Medium,0.05,0.03,0.0255,0.0155,-,2.8688,0.6036,"115,828.08",3.4724,250
"Miami, FL",Liquid,3000 kg/day,Medium,0.06,0.03,0.0255,0.0155,-,2.8328,0.5957,"138,993.69",3.4285,250
"Miami, FL",Liquid,3000 kg/day,Medium,0.07,0.03,0.0255,0.0155,-,2.7978,0.5985,"162,159.31",3.3963,250
"Miami, FL",Liquid,3000 kg/day,Medium,0.08,0.03,0.0255,0.0155,-,2.7733,0.6006,"185,324.92",3.374,250
"Miami, FL",Liquid,3000 kg/day,Medium,0.09,0.03,0.0255,0.0155,-,2.748,0.5957,"208,490.54",3.3437,250
"Miami, FL",Liquid,3000 kg/day,Medium,0.1,0.03,0.0255,0.0155,-,2.7297,0.5977,"231,656.15",3.3274,250
"Miami, FL",Liquid,3000 kg/day,Medium,0.11,0.03,0.0255,0.0155,-,2.7134,0.5993,"254,821.77",3.3127,250
"Miami, FL",Liquid,3000 kg/day,Medium,0.12,0.03,0.0255,0.0155,-,2.6956,0.5957,"277,987.38",3.2913,250
"Miami, FL",Liquid,3000 kg/day,Medium,0.13,0.03,0.0255,0.0155,-,2.6825,0.5972,"301,153.00",3.2797,250
"Miami, FL",Liquid,3000 kg/day,Medium,0.14,0.03,0.0255,0.0155,-,2.6678,0.5985,"324,318.61",3.2663,250
"Miami, FL",Liquid,3000 kg/day,Medium,0.15,0.03,0.0255,0.0155,-,2.6571,0.5957,"347,484.23",3.2528,250
"Miami, FL",Liquid,3000 kg/day,Medium,0.16,0.03,0.0255,0.0155,-,2.6447,0.5969,"370,649.84",3.2416,250
"Miami, FL",Liquid,3000 kg/day,Medium,0.17,0.03,0.0255,0.0155,-,2.6354,0.598,"393,815.46",3.2334,250
"Miami, FL",Liquid,3000 kg/day,Medium,0.18,0.03,0.0255,0.0155,-,2.6246,0.5957,"416,981.07",3.2203,250
"Miami, FL",Liquid,3000 kg/day,Medium,0.19,0.03,0.0255,0.0155,-,2.6165,0.5967,"440,146.69",3.2132,250
"Miami, FL",Liquid,3000 kg/day,Medium,0.2,0.03,0.0255,0.0155,-,2.607,0.5977,"463,312.30",3.2047,250
"Miami, FL",Liquid,3000 kg/day,Medium,0.21,0.03,0.0255,0.0155,-,2.5999,0.5957,"486,477.92",3.1956,250
"Miami, FL",Liquid,3000 kg/day,Medium,0.22,0.03,0.0255,0.0155,-,2.5932,0.5966,"509,643.53",3.1898,250
"Miami, FL",Liquid,3000 kg/day,Medium,0.23,0.03,0.0255,0.0155,-,2.5852,0.5974,"532,809.15",3.1826,250
"Miami, FL",Liquid,3000 kg/day,Medium,0.24,0.03,0.0255,0.0155,-,2.5791,0.5957,"555,974.76",3.1748,250
"Miami, FL",Liquid,3000 kg/day,Medium,0.25,0.03,0.0255,0.0155,-,2.5719,0.5965,"579,140.38",3.1684,250
"Miami, FL",Liquid,3000 kg/day,Medium,0.26,0.03,0.0255,0.0155,-,2.5664,0.5949,"602,305.99",3.1613,250
"Miami, FL",Liquid,3000 kg/day,Medium,0.27,0.03,0.0255,0.0155,-,2.5598,0.5957,"625,471.61",3.1555,250
"Miami, FL",Liquid,3000 kg/day,Medium,0.28,0.03,0.0255,0.0155,-,2.5549,0.5964,"648,637.22",3.1513,250
"Miami, FL",Liquid,3000 kg/day,Medium,0.29,0.03,0.0255,0.0155,-,2.5488,0.595,"671,802.84",3.1438,250
"Miami, FL",Liquid,3000 kg/day,Medium,0.3,0.03,0.0255,0.0155,-,2.5444,0.5957,"694,968.46",3.1401,250
"Miami, FL",Liquid,3000 kg/day,Medium,0.31,0.03,0.0255,0.0155,-,2.5388,0.5963,"718,134.07",3.1351,250
"Miami, FL",Liquid,3000 kg/day,Medium,0.32,0.03,0.0255,0.0155,-,2.5346,0.595,"741,299.69",3.1297,250
"Miami, FL",Liquid,3000 kg/day,Medium,0.33,0.03,0.0255,0.0155,-,2.5305,0.5957,"764,465.30",3.1262,250
"Miami, FL",Liquid,3000 kg/day,Medium,0.34,0.03,0.0255,0.0155,-,2.5255,0.5963,"787,630.92",3.1218,250
"Miami, FL",Liquid,3000 kg/day,Medium,0.35,0.03,0.0255,0.0155,-,2.5218,0.5951,"810,796.53",3.1169,250
"Miami, FL",Liquid,3000 kg/day,Medium,0.36,0.03,0.0255,0.0155,-,2.5171,0.5957,"833,962.15",3.1128,250
"Miami, FL",Liquid,3000 kg/day,Medium,0.37,0.03,0.0255,0.0155,-,2.5136,0.5962,"857,127.76",3.1098,250
"Miami, FL",Liquid,3000 kg/day,Medium,0.38,0.03,0.0255,0.0155,-,2.5092,0.5951,"880,293.38",3.1044,250
"Miami, FL",Liquid,3000 kg/day,Medium,0.39,0.03,0.0255,0.0155,-,2.5059,0.5957,"903,458.99",3.1016,250
"Miami, FL",Liquid,3000 kg/day,Medium,0.4,0.03,0.0255,0.0155,-,2.5018,0.5962,"926,624.61",3.098,250
"Miami, FL",Liquid,3000 kg/day,Medium,0.41,0.03,0.0255,0.0155,-,2.4987,0.5952,"949,790.22",3.0939,250
"Miami, FL",Pipe,1000 kg/day,Medium,0.01,0.0255,0.0003,0.0041,7.3464,4.9018,1.8916,"23,165.62",14.1398,250
"Miami, FL",Pipe,1000 kg/day,Medium,0.02,0.0255,0.0003,0.0041,5.292,2.652,1.8916,"46,331.23",9.8356,250
"Miami, FL",Pipe,1000 kg/day,Medium,0.03,0.0255,0.0003,0.0041,4.3876,1.9,1.8916,"69,496.85",8.1793,250
"Miami, FL",Pipe,1000 kg/day,Medium,0.04,0.0255,0.0003,0.0041,3.8541,1.5239,1.8916,"92,662.46",7.2696,250
"Miami, FL",Pipe,1000 kg/day,Medium,0.05,0.0255,0.0003,0.0041,3.4968,1.2793,1.8916,"115,828.08",6.6677,250
"Miami, FL",Pipe,1000 kg/day,Medium,0.06,0.0255,0.0003,0.0041,3.2303,1.1297,1.8916,"138,993.69",6.2517,250
"Miami, FL",Pipe,1000 kg/day,Medium,0.07,0.0255,0.0003,0.0041,3.0272,1.0252,1.8916,"162,159.31",5.9441,250
"Miami, FL",Pipe,1000 kg/day,Medium,0.08,0.0255,0.0003,0.0041,2.8663,0.9315,1.8916,"185,324.92",5.6895,250
"Miami, FL",Pipe,1000 kg/day,Medium,0.09,0.0255,0.0003,0.0041,2.7282,0.8597,1.8916,"208,490.54",5.4796,250
"Miami, FL",Pipe,1000 kg/day,Medium,0.1,0.0255,0.0003,0.0041,2.6152,0.812,1.8916,"231,656.15",5.3188,250
"Miami, FL",Pipe,1000 kg/day,Medium,0.11,0.0255,0.0003,0.0041,2.5195,0.7631,1.8916,"254,821.77",5.1742,250
"Miami, FL",Pipe,1000 kg/day,Medium,0.12,0.0255,0.0003,0.0041,2.4373,0.7323,1.8916,"277,987.38",5.0612,250
"Miami, FL",Pipe,1000 kg/day,Medium,0.13,0.0255,0.0003,0.0041,2.3591,0.6963,1.8916,"301,153.00",4.947,250
"Miami, FL",Pipe,1000 kg/day,Medium,0.14,0.0255,0.0003,0.0041,2.2937,0.6658,1.8916,"324,318.61",4.8512,250
"Miami, FL",Pipe,1000 kg/day,Medium,0.15,0.0255,0.0003,0.0041,2.2358,0.6476,1.8916,"347,484.23",4.775,250
"Miami, FL",Pipe,1000 kg/day,Medium,0.16,0.0255,0.0003,0.0041,2.184,0.6234,1.8916,"370,649.84",4.699,250
"Miami, FL",Pipe,1000 kg/day,Medium,0.17,0.0255,0.0003,0.0041,2.1375,0.6022,1.8916,"393,815.46",4.6314,250
"Miami, FL",Pipe,1000 kg/day,Medium,0.18,0.0255,0.0003,0.0041,2.0895,0.5836,1.8916,"416,981.07",4.5647,250
"Miami, FL",Pipe,1000 kg/day,Medium,0.19,0.0255,0.0003,0.0041,2.0495,0.5732,1.8916,"440,146.69",4.5143,250
"Miami, FL",Pipe,1000 kg/day,Medium,0.2,0.0255,0.0003,0.0041,2.013,0.5574,1.8916,"463,312.30",4.462,250
"Miami, FL",Pipe,1000 kg/day,Medium,0.21,0.0255,0.0003,0.0041,1.9795,0.5432,1.8916,"486,477.92",4.4144,250
"Miami, FL",Pipe,1000 kg/day,Medium,0.22,0.0255,0.0003,0.0041,1.9488,0.5305,1.8916,"509,643.53",4.371,250
"Miami, FL",Pipe,1000 kg/day,Medium,0.23,0.0255,0.0003,0.0041,1.9204,0.5242,1.8916,"532,809.15",4.3362,250
"Miami, FL",Pipe,1000 kg/day,Medium,0.24,0.0255,0.0003,0.0041,1.8929,0.5129,1.8892,"555,974.76",4.295,250
"Miami, FL",Pipe,1000 kg/day,Medium,0.25,0.0255,0.0003,0.0041,1.862,0.5026,1.8893,"579,140.38",4.2538,250
"Miami, FL",Pipe,1000 kg/day,Medium,0.26,0.0255,0.0003,0.0041,1.8381,0.4932,1.8894,"602,305.99",4.2207,250
"Miami, FL",Pipe,1000 kg/day,Medium,0.27,0.0255,0.0003,0.0041,1.8158,0.4894,1.8894,"625,471.61",4.1946,250
"Miami, FL",Pipe,1000 kg/day,Medium,0.28,0.0255,0.0003,0.0041,1.7949,0.4807,1.8895,"648,637.22",4.1652,250
"Miami, FL",Pipe,1000 kg/day,Medium,0.29,0.0255,0.0003,0.0041,1.7754,0.4728,1.8896,"671,802.84",4.1377,250
"Miami, FL",Pipe,1000 kg/day,Medium,0.3,0.0255,0.0003,0.0041,1.757,0.4655,1.8897,"694,968.46",4.1122,250
"Miami, FL",Pipe,1000 kg/day,Medium,0.31,0.0255,0.0003,0.0041,1.7397,0.4587,1.8897,"718,134.07",4.0881,250
"Miami, FL",Pipe,1000 kg/day,Medium,0.32,0.0255,0.0003,0.0041,1.7234,0.4566,1.8898,"741,299.69",4.0698,250
"Miami, FL",Pipe,1000 kg/day,Medium,0.33,0.0255,0.0003,0.0041,1.7017,0.4501,1.8898,"764,465.30",4.0417,250
"Miami, FL",Pipe,1000 kg/day,Medium,0.34,0.0255,0.0003,0.0041,1.6863,0.4442,1.8899,"787,630.92",4.0204,250
"Miami, FL",Pipe,1000 kg/day,Medium,0.35,0.0255,0.0003,0.0041,1.6717,0.4386,1.8899,"810,796.53",4.0002,250
"Miami, FL",Pipe,1000 kg/day,Medium,0.36,0.0255,0.0003,0.0041,1.6578,0.4334,1.89,"833,962.15",3.9813,250
"Miami, FL",Pipe,1000 kg/day,Medium,0.37,0.0255,0.0003,0.0041,1.6447,0.4286,1.89,"857,127.76",3.9633,250
"Miami, FL",Pipe,1000 kg/day,Medium,0.38,0.0255,0.0003,0.0041,1.6321,0.4273,1.8901,"880,293.38",3.9494,250
"Miami, FL",Pipe,1000 kg/day,Medium,0.39,0.0255,0.0003,0.0041,1.6202,0.4226,1.8901,"903,458.99",3.9329,250
"Miami, FL",Pipe,1000 kg/day,Medium,0.4,0.0255,0.0003,0.0041,1.6089,0.4181,1.8902,"926,624.61",3.9171,250
"Miami, FL",Pipe,1000 kg/day,Medium,0.41,0.0255,0.0003,0.0041,1.598,0.4139,1.8902,"949,790.22",3.9021,250
"Miami, FL",Pipe,2000 kg/day,Medium,0.01,0.0255,0.0003,0.0041,5.3328,4.9018,1.9272,"23,165.62",12.1617,250
"Miami, FL",Pipe,2000 kg/day,Medium,0.02,0.0255,0.0003,0.0041,3.7879,2.652,1.869,"46,331.23",8.309,250
"Miami, FL",Pipe,2000 kg/day,Medium,0.03,0.0255,0.0003,0.0041,3.1679,1.9,1.8884,"69,496.85",6.9564,250
"Miami, FL",Pipe,2000 kg/day,Medium,0.04,0.0255,0.0003,0.0041,2.777,1.5239,1.869,"92,662.46",6.1699,250
"Miami, FL",Pipe,2000 kg/day,Medium,0.05,0.0255,0.0003,0.0041,2.5284,1.2793,1.8806,"115,828.08",5.6883,250
"Miami, FL",Pipe,2000 kg/day,Medium,0.06,0.0255,0.0003,0.0041,2.3357,1.1297,1.869,"138,993.69",5.3345,250
"Miami, FL",Pipe,2000 kg/day,Medium,0.07,0.0255,0.0003,0.0041,2.195,1.0252,1.8773,"162,159.31",5.0976,250
"Miami, FL",Pipe,2000 kg/day,Medium,0.08,0.0255,0.0003,0.0041,2.0753,0.9315,1.869,"185,324.92",4.8758,250
"Miami, FL",Pipe,2000 kg/day,Medium,0.09,0.0255,0.0003,0.0041,1.9858,0.8597,1.8755,"208,490.54",4.721,250
"Miami, FL",Pipe,2000 kg/day,Medium,0.1,0.0255,0.0003,0.0041,1.9051,0.812,1.869,"231,656.15",4.5861,250
"Miami, FL",Pipe,2000 kg/day,Medium,0.11,0.0255,0.0003,0.0041,1.8347,0.7631,1.8743,"254,821.77",4.4721,250
"Miami, FL",Pipe,2000 kg/day,Medium,0.12,0.0255,0.0003,0.0041,1.7739,0.7323,1.869,"277,987.38",4.3752,250
"Miami, FL",Pipe,2000 kg/day,Medium,0.13,0.0255,0.0003,0.0041,1.7255,0.6963,1.8735,"301,153.00",4.2953,250
"Miami, FL",Pipe,2000 kg/day,Medium,0.14,0.0255,0.0003,0.0041,1.6742,0.6658,1.869,"324,318.61",4.2091,250
"Miami, FL",Pipe,2000 kg/day,Medium,0.15,0.0255,0.0003,0.0041,1.635,0.6476,1.8729,"347,484.23",4.1555,250
"Miami, FL",Pipe,2000 kg/day,Medium,0.16,0.0255,0.0003,0.0041,1.5969,0.6234,1.869,"370,649.84",4.0893,250
"Miami, FL",Pipe,2000 kg/day,Medium,0.17,0.0255,0.0003,0.0041,1.5658,0.6022,1.8724,"393,815.46",4.0405,250
"Miami, FL",Pipe,2000 kg/day,Medium,0.18,0.0255,0.0003,0.0041,1.5349,0.5836,1.869,"416,981.07",3.9876,250
"Miami, FL",Pipe,2000 kg/day,Medium,0.19,0.0255,0.0003,0.0041,1.5047,0.5732,1.8721,"440,146.69",3.9499,250
"Miami, FL",Pipe,2000 kg/day,Medium,0.2,0.0255,0.0003,0.0041,1.4778,0.5574,1.869,"463,312.30",3.9042,250
"Miami, FL",Pipe,2000 kg/day,Medium,0.21,0.0255,0.0003,0.0041,1.4556,0.5432,1.8718,"486,477.92",3.8706,250
"Miami, FL",Pipe,2000 kg/day,Medium,0.22,0.0255,0.0003,0.0041,1.4331,0.5305,1.869,"509,643.53",3.8326,250
"Miami, FL",Pipe,2000 kg/day,Medium,0.23,0.0255,0.0003,0.0041,1.4142,0.5242,1.8715,"532,809.15",3.81,250
"Miami, FL",Pipe,2000 kg/day,Medium,0.24,0.0255,0.0003,0.0041,1.3951,0.5129,1.869,"555,974.76",3.777,250
"Miami, FL",Pipe,2000 kg/day,Medium,0.25,0.0255,0.0003,0.0041,1.3727,0.5026,1.8667,"579,140.38",3.742,250
"Miami, FL",Pipe,2000 kg/day,Medium,0.26,0.0255,0.0003,0.0041,1.357,0.4932,1.869,"602,305.99",3.7191,250
"Miami, FL",Pipe,2000 kg/day,Medium,0.27,0.0255,0.0003,0.0041,1.3407,0.4894,1.8669,"625,471.61",3.6969,250
"Miami, FL",Pipe,2000 kg/day,Medium,0.28,0.0255,0.0003,0.0041,1.327,0.4807,1.869,"648,637.22",3.6767,250
"Miami, FL",Pipe,2000 kg/day,Medium,0.29,0.0255,0.0003,0.0041,1.3128,0.4728,1.867,"671,802.84",3.6526,250
"Miami, FL",Pipe,2000 kg/day,Medium,0.3,0.0255,0.0003,0.0041,1.3008,0.4655,1.869,"694,968.46",3.6354,250
"Miami, FL",Pipe,2000 kg/day,Medium,0.31,0.0255,0.0003,0.0041,1.2883,0.4587,1.8671,"718,134.07",3.6141,250
"Miami, FL",Pipe,2000 kg/day,Medium,0.32,0.0255,0.0003,0.0041,1.2778,0.4566,1.869,"741,299.69",3.6034,250
"Miami, FL",Pipe,2000 kg/day,Medium,0.33,0.0255,0.0003,0.0041,1.2667,0.4501,1.8672,"764,465.30",3.5841,250
"Miami, FL",Pipe,2000 kg/day,Medium,0.34,0.0255,0.0003,0.0041,1.2573,0.4442,1.869,"787,630.92",3.5705,250
"Miami, FL",Pipe,2000 kg/day,Medium,0.35,0.0255,0.0003,0.0041,1.2474,0.4386,1.8674,"810,796.53",3.5534,250
"Miami, FL",Pipe,2000 kg/day,Medium,0.36,0.0255,0.0003,0.0041,1.2391,0.4334,1.869,"833,962.15",3.5416,250
"Miami, FL",Pipe,2000 kg/day,Medium,0.37,0.0255,0.0003,0.0041,1.2303,0.4286,1.8674,"857,127.76",3.5263,250
"Miami, FL",Pipe,2000 kg/day,Medium,0.38,0.0255,0.0003,0.0041,1.2229,0.4273,1.869,"880,293.38",3.5192,250
"Miami, FL",Pipe,2000 kg/day,Medium,0.39,0.0255,0.0003,0.0041,1.2149,0.4226,1.8675,"903,458.99",3.505,250
"Miami, FL",Pipe,2000 kg/day,Medium,0.4,0.0255,0.0003,0.0041,1.2082,0.4181,1.869,"926,624.61",3.4954,250
"Miami, FL",Pipe,2000 kg/day,Medium,0.41,0.0255,0.0003,0.0041,1.2011,0.4139,1.8676,"949,790.22",3.4826,250
"Miami, FL",Pipe,3000 kg/day,Medium,0.01,0.0255,0.0003,0.0041,4.3821,4.9018,1.8812,"23,165.62",11.165,250
"Miami, FL",Pipe,3000 kg/day,Medium,0.02,0.0255,0.0003,0.0041,3.1697,2.652,1.8812,"46,331.23",7.7029,250
"Miami, FL",Pipe,3000 kg/day,Medium,0.03,0.0255,0.0003,0.0041,2.597,1.9,1.8246,"69,496.85",6.3215,250
"Miami, FL",Pipe,3000 kg/day,Medium,0.04,0.0255,0.0003,0.0041,2.304,1.5239,1.8387,"92,662.46",5.6666,250
"Miami, FL",Pipe,3000 kg/day,Medium,0.05,0.0255,0.0003,0.0041,2.0963,1.2793,1.8472,"115,828.08",5.2228,250
"Miami, FL",Pipe,3000 kg/day,Medium,0.06,0.0255,0.0003,0.0041,1.9347,1.1297,1.8246,"138,993.69",4.889,250
"Miami, FL",Pipe,3000 kg/day,Medium,0.07,0.0255,0.0003,0.0041,1.8173,1.0252,1.8326,"162,159.31",4.6752,250
"Miami, FL",Pipe,3000 kg/day,Medium,0.08,0.0255,0.0003,0.0041,1.7282,0.9315,1.8387,"185,324.92",4.4984,250
"Miami, FL",Pipe,3000 kg/day,Medium,0.09,0.0255,0.0003,0.0041,1.6415,0.8597,1.8246,"208,490.54",4.3257,250
"Miami, FL",Pipe,3000 kg/day,Medium,0.1,0.0255,0.0003,0.0041,1.5798,0.812,1.8302,"231,656.15",4.222,250
"Miami, FL",Pipe,3000 kg/day,Medium,0.11,0.0255,0.0003,0.0041,1.5276,0.7631,1.8349,"254,821.77",4.1255,250
"Miami, FL",Pipe,3000 kg/day,Medium,0.12,0.0255,0.0003,0.0041,1.4772,0.7323,1.8246,"277,987.38",4.034,250
"Miami, FL",Pipe,3000 kg/day,Medium,0.13,0.0255,0.0003,0.0041,1.4326,0.6963,1.8289,"301,153.00",3.9578,250
"Miami, FL",Pipe,3000 kg/day,Medium,0.14,0.0255,0.0003,0.0041,1.3974,0.6658,1.8326,"324,318.61",3.8959,250
"Miami, FL",Pipe,3000 kg/day,Medium,0.15,0.0255,0.0003,0.0041,1.3621,0.6476,1.8246,"347,484.23",3.8342,250
"Miami, FL",Pipe,3000 kg/day,Medium,0.16,0.0255,0.0003,0.0041,1.3346,0.6234,1.8281,"370,649.84",3.7861,250
"Miami, FL",Pipe,3000 kg/day,Medium,0.17,0.0255,0.0003,0.0041,1.3049,0.6022,1.8312,"393,815.46",3.7383,250
"Miami, FL",Pipe,3000 kg/day,Medium,0.18,0.0255,0.0003,0.0041,1.2782,0.5836,1.8246,"416,981.07",3.6864,250
"Miami, FL",Pipe,3000 kg/day,Medium,0.19,0.0255,0.0003,0.0041,1.2572,0.5732,1.8275,"440,146.69",3.6579,250
"Miami, FL",Pipe,3000 kg/day,Medium,0.2,0.0255,0.0003,0.0041,1.2381,0.5574,1.8302,"463,312.30",3.6257,250
"Miami, FL",Pipe,3000 kg/day,Medium,0.21,0.0255,0.0003,0.0041,1.218,0.5432,1.8246,"486,477.92",3.5858,250
"Miami, FL",Pipe,3000 kg/day,Medium,0.22,0.0255,0.0003,0.0041,1.1975,0.5305,1.8271,"509,643.53",3.5552,250
"Miami, FL",Pipe,3000 kg/day,Medium,0.23,0.0255,0.0003,0.0041,1.182,0.5242,1.8295,"532,809.15",3.5356,250
"Miami, FL",Pipe,3000 kg/day,Medium,0.24,0.0255,0.0003,0.0041,1.1654,0.5129,1.8246,"555,974.76",3.5028,250
"Miami, FL",Pipe,3000 kg/day,Medium,0.25,0.0255,0.0003,0.0041,1.1522,0.5026,1.8268,"579,140.38",3.4816,250
"Miami, FL",Pipe,3000 kg/day,Medium,0.26,0.0255,0.0003,0.0041,1.138,0.4932,1.8224,"602,305.99",3.4536,250
"Miami, FL",Pipe,3000 kg/day,Medium,0.27,0.0255,0.0003,0.0041,1.1267,0.4894,1.8246,"625,471.61",3.4406,250
"Miami, FL",Pipe,3000 kg/day,Medium,0.28,0.0255,0.0003,0.0041,1.1162,0.4807,1.8266,"648,637.22",3.4235,250
"Miami, FL",Pipe,3000 kg/day,Medium,0.29,0.0255,0.0003,0.0041,1.1047,0.4728,1.8226,"671,802.84",3.4,250
"Miami, FL",Pipe,3000 kg/day,Medium,0.3,0.0255,0.0003,0.0041,1.0955,0.4655,1.8246,"694,968.46",3.3856,250
"Miami, FL",Pipe,3000 kg/day,Medium,0.31,0.0255,0.0003,0.0041,1.0869,0.4587,1.8264,"718,134.07",3.372,250
"Miami, FL",Pipe,3000 kg/day,Medium,0.32,0.0255,0.0003,0.0041,1.0774,0.4566,1.8228,"741,299.69",3.3568,250
"Miami, FL",Pipe,3000 kg/day,Medium,0.33,0.0255,0.0003,0.0041,1.0699,0.4501,1.8246,"764,465.30",3.3446,250
"Miami, FL",Pipe,3000 kg/day,Medium,0.34,0.0255,0.0003,0.0041,1.0629,0.4442,1.8262,"787,630.92",3.3333,250
"Miami, FL",Pipe,3000 kg/day,Medium,0.35,0.0255,0.0003,0.0041,1.055,0.4386,1.8229,"810,796.53",3.3165,250
"Miami, FL",Pipe,3000 kg/day,Medium,0.36,0.0255,0.0003,0.0041,1.0488,0.4334,1.8246,"833,962.15",3.3067,250
"Miami, FL",Pipe,3000 kg/day,Medium,0.37,0.0255,0.0003,0.0041,1.0429,0.4286,1.8261,"857,127.76",3.2976,250
"Miami, FL",Pipe,3000 kg/day,Medium,0.38,0.0255,0.0003,0.0041,1.0362,0.4273,1.8231,"880,293.38",3.2866,250
"Miami, FL",Pipe,3000 kg/day,Medium,0.39,0.0255,0.0003,0.0041,1.031,0.4226,1.8246,"903,458.99",3.2782,250
"Miami, FL",Pipe,3000 kg/day,Medium,0.4,0.0255,0.0003,0.0041,1.0262,0.4181,1.826,"926,624.61",3.2702,250
"Miami, FL",Pipe,3000 kg/day,Medium,0.41,0.0255,0.0003,0.0041,1.0204,0.4139,1.8232,"949,790.22",3.2575,250