City Name,Delivery Type,Station Size,Leakage Level,Market Penetration Rate,Distribution Leakage,Transmission Leakage,Station Leakage Rates,Distribution Cost,Transmission Cost,Station Cost,H2 Deivery (Market Rate),Total Costs,Transmission Length
"New Haven, CT",Gas,1000 kg/day,Medium,0.01,0.0018,0.0106,0.0041,-,2.2882,1.8234,"1,997.58",4.1116,100
"New Haven, CT",Gas,1000 kg/day,Medium,0.02,0.0018,0.0106,0.0041,-,1.9986,1.5306,"3,995.16",3.5292,100
"New Haven, CT",Gas,1000 kg/day,Medium,0.03,0.0018,0.0106,0.0041,-,2.0105,1.6282,"5,992.74",3.6387,100
"New Haven, CT",Gas,1000 kg/day,Medium,0.04,0.0018,0.0106,0.0041,-,1.9268,1.5306,"7,990.32",3.4574,100
"New Haven, CT",Gas,1000 kg/day,Medium,0.05,0.0018,0.0106,0.0041,-,1.9447,1.5892,"9,987.90",3.5338,100
"New Haven, CT",Gas,1000 kg/day,Medium,0.06,0.0018,0.0106,0.0041,-,1.8978,1.5306,"11,985.48",3.4284,100
"New Haven, CT",Gas,1000 kg/day,Medium,0.07,0.0018,0.0106,0.0041,-,1.9273,1.5724,"13,983.06",3.4997,100
"New Haven, CT",Gas,1000 kg/day,Medium,0.08,0.0018,0.0106,0.0041,-,1.8814,1.5306,"15,980.64",3.412,100
"New Haven, CT",Gas,1000 kg/day,Medium,0.09,0.0018,0.0106,0.0041,-,1.9055,1.5631,"17,978.22",3.4687,100
"New Haven, CT",Gas,1000 kg/day,Medium,0.10,0.0018,0.0106,0.0041,-,1.8705,1.5306,"19,975.80",3.4011,100
"New Haven, CT",Gas,1000 kg/day,Medium,0.11,0.0018,0.0106,0.0041,-,1.8909,1.5572,"21,973.38",3.4482,100
"New Haven, CT",Gas,1000 kg/day,Medium,0.12,0.0018,0.0106,0.0041,-,1.8628,1.5306,"23,970.96",3.3933,100
"New Haven, CT",Gas,1000 kg/day,Medium,0.13,0.0018,0.0106,0.0041,-,1.8463,1.5531,"25,968.54",3.3994,100
"New Haven, CT",Gas,1000 kg/day,Medium,0.14,0.0018,0.0106,0.0041,-,1.8638,1.5306,"27,966.12",3.3943,100
"New Haven, CT",Gas,1000 kg/day,Medium,0.15,0.0018,0.0106,0.0041,-,1.8428,1.5501,"29,963.70",3.3929,100
"New Haven, CT",Gas,1000 kg/day,Medium,0.16,0.0018,0.0106,0.0041,-,1.8582,1.5306,"31,961.28",3.3887,100
"New Haven, CT",Gas,1000 kg/day,Medium,0.17,0.0018,0.0106,0.0041,-,1.8399,1.5478,"33,958.86",3.3877,100
"New Haven, CT",Gas,1000 kg/day,Medium,0.18,0.0018,0.0106,0.0041,-,1.8537,1.5306,"35,956.44",3.3843,100
"New Haven, CT",Gas,1000 kg/day,Medium,0.19,0.0018,0.0106,0.0041,-,1.8375,1.546,"37,954.02",3.3835,100
"New Haven, CT",Gas,1000 kg/day,Medium,0.20,0.0018,0.0106,0.0041,-,1.8499,1.5306,"39,951.60",3.3805,100
"New Haven, CT",Gas,1000 kg/day,Medium,0.21,0.0018,0.0106,0.0041,-,1.84,1.5445,"41,949.18",3.3845,100
"New Haven, CT",Gas,1000 kg/day,Medium,0.22,0.0018,0.0106,0.0041,-,1.8468,1.5306,"43,946.76",3.3774,100
"New Haven, CT",Gas,1000 kg/day,Medium,0.23,0.0018,0.0106,0.0041,-,1.8378,1.5433,"45,944.34",3.3811,100
"New Haven, CT",Gas,1000 kg/day,Medium,0.24,0.0018,0.0106,0.0041,-,1.844,1.5306,"47,941.92",3.3746,100
"New Haven, CT",Gas,1000 kg/day,Medium,0.25,0.0018,0.0106,0.0041,-,1.8359,1.5423,"49,939.50",3.3782,100
"New Haven, CT",Gas,1000 kg/day,Medium,0.26,0.0018,0.0106,0.0041,-,1.8246,1.5306,"51,937.08",3.3552,100
"New Haven, CT",Gas,1000 kg/day,Medium,0.27,0.0018,0.0106,0.0041,-,1.8341,1.5414,"53,934.66",3.3755,100
"New Haven, CT",Gas,1000 kg/day,Medium,0.28,0.0018,0.0106,0.0041,-,1.8272,1.5306,"55,932.24",3.3578,100
"New Haven, CT",Gas,1000 kg/day,Medium,0.29,0.0018,0.0106,0.0041,-,1.8326,1.5407,"57,929.82",3.3733,100
"New Haven, CT",Gas,1000 kg/day,Medium,0.30,0.0018,0.0106,0.0041,-,1.8261,1.5306,"59,927.40",3.3567,100
"New Haven, CT",Gas,1000 kg/day,Medium,0.31,0.0018,0.0106,0.0041,-,1.8312,1.54,"61,924.98",3.3712,100
"New Haven, CT",Gas,1000 kg/day,Medium,0.32,0.0018,0.0106,0.0041,-,1.8252,1.5306,"63,922.56",3.3558,100
"New Haven, CT",Gas,1000 kg/day,Medium,0.33,0.0018,0.0106,0.0041,-,1.83,1.5395,"65,920.14",3.3694,100
"New Haven, CT",Gas,1000 kg/day,Medium,0.34,0.0018,0.0106,0.0041,-,1.8243,1.5306,"67,917.72",3.3549,100
"New Haven, CT",Gas,1000 kg/day,Medium,0.35,0.0018,0.0106,0.0041,-,1.8316,1.5389,"69,915.30",3.3705,100
"New Haven, CT",Gas,1000 kg/day,Medium,0.36,0.0018,0.0106,0.0041,-,1.8235,1.5306,"71,912.88",3.3541,100
"New Haven, CT",Gas,1000 kg/day,Medium,0.37,0.0018,0.0106,0.0041,-,1.8304,1.5385,"73,910.46",3.3689,100
"New Haven, CT",Gas,1000 kg/day,Medium,0.38,0.0018,0.0106,0.0041,-,1.8228,1.5306,"75,908.04",3.3534,100
"New Haven, CT",Gas,1000 kg/day,Medium,0.39,0.0018,0.0106,0.0041,-,1.818,1.5381,"77,905.62",3.3561,100
"New Haven, CT",Gas,1000 kg/day,Medium,0.40,0.0018,0.0106,0.0041,-,1.8221,1.5306,"79,903.20",3.3527,100
"New Haven, CT",Gas,1000 kg/day,Medium,0.41,0.0018,0.0106,0.0041,-,1.8175,1.5377,"81,900.78",3.3552,100
"New Haven, CT",Gas,2000 kg/day,Medium,0.01,0.0018,0.0106,0.0041,-,2.2882,2.3492,"1,997.58",4.6374,100
"New Haven, CT",Gas,2000 kg/day,Medium,0.02,0.0018,0.0106,0.0041,-,1.9986,1.7767,"3,995.16",3.7753,100
"New Haven, CT",Gas,2000 kg/day,Medium,0.03,0.0018,0.0106,0.0041,-,2.0105,1.5859,"5,992.74",3.5964,100
"New Haven, CT",Gas,2000 kg/day,Medium,0.04,0.0018,0.0106,0.0041,-,1.9268,1.4905,"7,990.32",3.4173,100
"New Haven, CT",Gas,2000 kg/day,Medium,0.05,0.0018,0.0106,0.0041,-,1.9447,1.6622,"9,987.90",3.6069,100
"New Haven, CT",Gas,2000 kg/day,Medium,0.06,0.0018,0.0106,0.0041,-,1.8978,1.5859,"11,985.48",3.4837,100
"New Haven, CT",Gas,2000 kg/day,Medium,0.07,0.0018,0.0106,0.0041,-,1.9273,1.5314,"13,983.06",3.4587,100
"New Haven, CT",Gas,2000 kg/day,Medium,0.08,0.0018,0.0106,0.0041,-,1.8814,1.4905,"15,980.64",3.3719,100
"New Haven, CT",Gas,2000 kg/day,Medium,0.09,0.0018,0.0106,0.0041,-,1.9055,1.5859,"17,978.22",3.4914,100
"New Haven, CT",Gas,2000 kg/day,Medium,0.10,0.0018,0.0106,0.0041,-,1.8705,1.5477,"19,975.80",3.4183,100
"New Haven, CT",Gas,2000 kg/day,Medium,0.11,0.0018,0.0106,0.0041,-,1.8909,1.5165,"21,973.38",3.4074,100
"New Haven, CT",Gas,2000 kg/day,Medium,0.12,0.0018,0.0106,0.0041,-,1.8628,1.4905,"23,970.96",3.3532,100
"New Haven, CT",Gas,2000 kg/day,Medium,0.13,0.0018,0.0106,0.0041,-,1.8463,1.5565,"25,968.54",3.4028,100
"New Haven, CT",Gas,2000 kg/day,Medium,0.14,0.0018,0.0106,0.0041,-,1.8638,1.5314,"27,966.12",3.3951,100
"New Haven, CT",Gas,2000 kg/day,Medium,0.15,0.0018,0.0106,0.0041,-,1.8428,1.5096,"29,963.70",3.3523,100
"New Haven, CT",Gas,2000 kg/day,Medium,0.16,0.0018,0.0106,0.0041,-,1.8582,1.4905,"31,961.28",3.3486,100
"New Haven, CT",Gas,2000 kg/day,Medium,0.17,0.0018,0.0106,0.0041,-,1.8399,1.541,"33,958.86",3.3809,100
"New Haven, CT",Gas,2000 kg/day,Medium,0.18,0.0018,0.0106,0.0041,-,1.8537,1.5223,"35,956.44",3.3759,100
"New Haven, CT",Gas,2000 kg/day,Medium,0.19,0.0018,0.0106,0.0041,-,1.8375,1.5055,"37,954.02",3.343,100
"New Haven, CT",Gas,2000 kg/day,Medium,0.20,0.0018,0.0106,0.0041,-,1.8499,1.4905,"39,951.60",3.3403,100
"New Haven, CT",Gas,2000 kg/day,Medium,0.21,0.0018,0.0106,0.0041,-,1.84,1.5314,"41,949.18",3.3713,100
"New Haven, CT",Gas,2000 kg/day,Medium,0.22,0.0018,0.0106,0.0041,-,1.8468,1.5165,"43,946.76",3.3633,100
"New Haven, CT",Gas,2000 kg/day,Medium,0.23,0.0018,0.0106,0.0041,-,1.8378,1.5029,"45,944.34",3.3407,100
"New Haven, CT",Gas,2000 kg/day,Medium,0.24,0.0018,0.0106,0.0041,-,1.844,1.4905,"47,941.92",3.3345,100
"New Haven, CT",Gas,2000 kg/day,Medium,0.25,0.0018,0.0106,0.0041,-,1.8359,1.5248,"49,939.50",3.3607,100
"New Haven, CT",Gas,2000 kg/day,Medium,0.26,0.0018,0.0106,0.0041,-,1.8246,1.5125,"51,937.08",3.3371,100
"New Haven, CT",Gas,2000 kg/day,Medium,0.27,0.0018,0.0106,0.0041,-,1.8341,1.5011,"53,934.66",3.3352,100
"New Haven, CT",Gas,2000 kg/day,Medium,0.28,0.0018,0.0106,0.0041,-,1.8272,1.4905,"55,932.24",3.3177,100
"New Haven, CT",Gas,2000 kg/day,Medium,0.29,0.0018,0.0106,0.0041,-,1.8326,1.5201,"57,929.82",3.3527,100
"New Haven, CT",Gas,2000 kg/day,Medium,0.30,0.0018,0.0106,0.0041,-,1.8261,1.5096,"59,927.40",3.3356,100
"New Haven, CT",Gas,2000 kg/day,Medium,0.31,0.0018,0.0106,0.0041,-,1.8312,1.4997,"61,924.98",3.3309,100
"New Haven, CT",Gas,2000 kg/day,Medium,0.32,0.0018,0.0106,0.0041,-,1.8252,1.4905,"63,922.56",3.3157,100
"New Haven, CT",Gas,2000 kg/day,Medium,0.33,0.0018,0.0106,0.0041,-,1.83,1.5165,"65,920.14",3.3465,100
"New Haven, CT",Gas,2000 kg/day,Medium,0.34,0.0018,0.0106,0.0041,-,1.8243,1.5073,"67,917.72",3.3316,100
"New Haven, CT",Gas,2000 kg/day,Medium,0.35,0.0018,0.0106,0.0041,-,1.8316,1.4987,"69,915.30",3.3302,100
"New Haven, CT",Gas,2000 kg/day,Medium,0.36,0.0018,0.0106,0.0041,-,1.8235,1.4905,"71,912.88",3.314,100
"New Haven, CT",Gas,2000 kg/day,Medium,0.37,0.0018,0.0106,0.0041,-,1.8304,1.5137,"73,910.46",3.3441,100
"New Haven, CT",Gas,2000 kg/day,Medium,0.38,0.0018,0.0106,0.0041,-,1.8228,1.5055,"75,908.04",3.3283,100
"New Haven, CT",Gas,2000 kg/day,Medium,0.39,0.0018,0.0106,0.0041,-,1.818,1.4978,"77,905.62",3.3158,100
"New Haven, CT",Gas,2000 kg/day,Medium,0.40,0.0018,0.0106,0.0041,-,1.8221,1.4905,"79,903.20",3.3126,100
"New Haven, CT",Gas,2000 kg/day,Medium,0.41,0.0018,0.0106,0.0041,-,1.8175,1.5114,"81,900.78",3.3289,100
"New Haven, CT",Gas,3000 kg/day,Medium,0.01,0.0018,0.0106,0.0041,-,2.2882,1.6947,"1,997.58",3.9828,100
"New Haven, CT",Gas,3000 kg/day,Medium,0.02,0.0018,0.0106,0.0041,-,1.9986,1.6947,"3,995.16",3.6932,100
"New Haven, CT",Gas,3000 kg/day,Medium,0.03,0.0018,0.0106,0.0041,-,2.0105,1.6947,"5,992.74",3.7052,100
"New Haven, CT",Gas,3000 kg/day,Medium,0.04,0.0018,0.0106,0.0041,-,1.9268,1.6947,"7,990.32",3.6215,100
"New Haven, CT",Gas,3000 kg/day,Medium,0.05,0.0018,0.0106,0.0041,-,1.9447,1.6947,"9,987.90",3.6393,100
"New Haven, CT",Gas,3000 kg/day,Medium,0.06,0.0018,0.0106,0.0041,-,1.8978,1.4209,"11,985.48",3.3187,100
"New Haven, CT",Gas,3000 kg/day,Medium,0.07,0.0018,0.0106,0.0041,-,1.9273,1.46,"13,983.06",3.3873,100
"New Haven, CT",Gas,3000 kg/day,Medium,0.08,0.0018,0.0106,0.0041,-,1.8814,1.4893,"15,980.64",3.3708,100
"New Haven, CT",Gas,3000 kg/day,Medium,0.09,0.0018,0.0106,0.0041,-,1.9055,1.5122,"17,978.22",3.4177,100
"New Haven, CT",Gas,3000 kg/day,Medium,0.10,0.0018,0.0106,0.0041,-,1.8705,1.5304,"19,975.80",3.401,100
"New Haven, CT",Gas,3000 kg/day,Medium,0.11,0.0018,0.0106,0.0041,-,1.8909,1.5453,"21,973.38",3.4363,100
"New Haven, CT",Gas,3000 kg/day,Medium,0.12,0.0018,0.0106,0.0041,-,1.8628,1.4209,"23,970.96",3.2837,100
"New Haven, CT",Gas,3000 kg/day,Medium,0.13,0.0018,0.0106,0.0041,-,1.8463,1.442,"25,968.54",3.2882,100
"New Haven, CT",Gas,3000 kg/day,Medium,0.14,0.0018,0.0106,0.0041,-,1.8638,1.46,"27,966.12",3.3238,100
"New Haven, CT",Gas,3000 kg/day,Medium,0.15,0.0018,0.0106,0.0041,-,1.8428,1.4757,"29,963.70",3.3184,100
"New Haven, CT",Gas,3000 kg/day,Medium,0.16,0.0018,0.0106,0.0041,-,1.8582,1.4893,"31,961.28",3.3475,100
"New Haven, CT",Gas,3000 kg/day,Medium,0.17,0.0018,0.0106,0.0041,-,1.8399,1.5014,"33,958.86",3.3413,100
"New Haven, CT",Gas,3000 kg/day,Medium,0.18,0.0018,0.0106,0.0041,-,1.8537,1.4209,"35,956.44",3.2746,100
"New Haven, CT",Gas,3000 kg/day,Medium,0.19,0.0018,0.0106,0.0041,-,1.8375,1.4353,"37,954.02",3.2728,100
"New Haven, CT",Gas,3000 kg/day,Medium,0.20,0.0018,0.0106,0.0041,-,1.8499,1.4483,"39,951.60",3.2982,100
"New Haven, CT",Gas,3000 kg/day,Medium,0.21,0.0018,0.0106,0.0041,-,1.84,1.46,"41,949.18",3.3,100
"New Haven, CT",Gas,3000 kg/day,Medium,0.22,0.0018,0.0106,0.0041,-,1.8468,1.4707,"43,946.76",3.3175,100
"New Haven, CT",Gas,3000 kg/day,Medium,0.23,0.0018,0.0106,0.0041,-,1.8378,1.4804,"45,944.34",3.3182,100
"New Haven, CT",Gas,3000 kg/day,Medium,0.24,0.0018,0.0106,0.0041,-,1.844,1.4209,"47,941.92",3.2649,100
"New Haven, CT",Gas,3000 kg/day,Medium,0.25,0.0018,0.0106,0.0041,-,1.8359,1.4319,"49,939.50",3.2677,100
"New Haven, CT",Gas,3000 kg/day,Medium,0.26,0.0018,0.0106,0.0041,-,1.8246,1.442,"51,937.08",3.2665,100
"New Haven, CT",Gas,3000 kg/day,Medium,0.27,0.0018,0.0106,0.0041,-,1.8341,1.4513,"53,934.66",3.2854,100
"New Haven, CT",Gas,3000 kg/day,Medium,0.28,0.0018,0.0106,0.0041,-,1.8272,1.46,"55,932.24",3.2872,100
"New Haven, CT",Gas,3000 kg/day,Medium,0.29,0.0018,0.0106,0.0041,-,1.8326,1.4681,"57,929.82",3.3007,100
"New Haven, CT",Gas,3000 kg/day,Medium,0.30,0.0018,0.0106,0.0041,-,1.8261,1.4209,"59,927.40",3.247,100
"New Haven, CT",Gas,3000 kg/day,Medium,0.31,0.0018,0.0106,0.0041,-,1.8312,1.4297,"61,924.98",3.2609,100
"New Haven, CT",Gas,3000 kg/day,Medium,0.32,0.0018,0.0106,0.0041,-,1.8252,1.438,"63,922.56",3.2632,100
"New Haven, CT",Gas,3000 kg/day,Medium,0.33,0.0018,0.0106,0.0041,-,1.83,1.4458,"65,920.14",3.2758,100
"New Haven, CT",Gas,3000 kg/day,Medium,0.34,0.0018,0.0106,0.0041,-,1.8243,1.4531,"67,917.72",3.2774,100
"New Haven, CT",Gas,3000 kg/day,Medium,0.35,0.0018,0.0106,0.0041,-,1.8316,1.46,"69,915.30",3.2916,100
"New Haven, CT",Gas,3000 kg/day,Medium,0.36,0.0018,0.0106,0.0041,-,1.8235,1.4209,"71,912.88",3.2444,100
"New Haven, CT",Gas,3000 kg/day,Medium,0.37,0.0018,0.0106,0.0041,-,1.8304,1.4283,"73,910.46",3.2587,100
"New Haven, CT",Gas,3000 kg/day,Medium,0.38,0.0018,0.0106,0.0041,-,1.8228,1.4353,"75,908.04",3.2581,100
"New Haven, CT",Gas,3000 kg/day,Medium,0.39,0.0018,0.0106,0.0041,-,1.818,1.442,"77,905.62",3.26,100
"New Haven, CT",Gas,3000 kg/day,Medium,0.40,0.0018,0.0106,0.0041,-,1.8221,1.4483,"79,903.20",3.2704,100
"New Haven, CT",Gas,3000 kg/day,Medium,0.41,0.0018,0.0106,0.0041,-,1.8175,1.4543,"81,900.78",3.2718,100
"New Haven, CT",Liquid,1000 kg/day,Medium,0.01,0.03,0.0255,0.0155,-,3.4594,1.1117,"1,997.58",4.5711,100
"New Haven, CT",Liquid,1000 kg/day,Medium,0.02,0.03,0.0255,0.0155,-,3.2454,0.9298,"3,995.16",4.1751,100
"New Haven, CT",Liquid,1000 kg/day,Medium,0.03,0.03,0.0255,0.0155,-,3.1579,0.9904,"5,992.74",4.1483,100
"New Haven, CT",Liquid,1000 kg/day,Medium,0.04,0.03,0.0255,0.0155,-,3.2333,0.9298,"7,990.32",4.163,100
"New Haven, CT",Liquid,1000 kg/day,Medium,0.05,0.03,0.0255,0.0155,-,3.1832,0.9662,"9,987.90",4.1493,100
"New Haven, CT",Liquid,1000 kg/day,Medium,0.06,0.03,0.0255,0.0155,-,3.1579,0.9298,"11,985.48",4.0876,100
"New Haven, CT",Liquid,1000 kg/day,Medium,0.07,0.03,0.0255,0.0155,-,3.201,0.9558,"13,983.06",4.1567,100
"New Haven, CT",Liquid,1000 kg/day,Medium,0.08,0.03,0.0255,0.0155,-,3.1737,0.9298,"15,980.64",4.1034,100
"New Haven, CT",Liquid,1000 kg/day,Medium,0.09,0.03,0.0255,0.0155,-,3.1212,0.95,"17,978.22",4.0712,100
"New Haven, CT",Liquid,1000 kg/day,Medium,0.10,0.03,0.0255,0.0155,-,3.114,0.9298,"19,975.80",4.0437,100
"New Haven, CT",Liquid,1000 kg/day,Medium,0.11,0.03,0.0255,0.0155,-,3.0715,0.9463,"21,973.38",4.0178,100
"New Haven, CT",Liquid,1000 kg/day,Medium,0.12,0.03,0.0255,0.0155,-,3.0342,0.9298,"23,970.96",3.9639,100
"New Haven, CT",Liquid,1000 kg/day,Medium,0.13,0.03,0.0255,0.0155,-,3.0303,0.9438,"25,968.54",3.974,100
"New Haven, CT",Liquid,1000 kg/day,Medium,0.14,0.03,0.0255,0.0155,-,2.9986,0.9298,"27,966.12",3.9283,100
"New Haven, CT",Liquid,1000 kg/day,Medium,0.15,0.03,0.0255,0.0155,-,2.9669,0.9419,"29,963.70",3.9088,100
"New Haven, CT",Liquid,1000 kg/day,Medium,0.16,0.03,0.0255,0.0155,-,2.9679,0.9298,"31,961.28",3.8976,100
"New Haven, CT",Liquid,1000 kg/day,Medium,0.17,0.03,0.0255,0.0155,-,2.94,0.9405,"33,958.86",3.8804,100
"New Haven, CT",Liquid,1000 kg/day,Medium,0.18,0.03,0.0255,0.0155,-,2.9171,0.9298,"35,956.44",3.8468,100
"New Haven, CT",Liquid,1000 kg/day,Medium,0.19,0.03,0.0255,0.0155,-,2.9185,0.9393,"37,954.02",3.8578,100
"New Haven, CT",Liquid,1000 kg/day,Medium,0.20,0.03,0.0255,0.0155,-,2.8955,0.9298,"39,951.60",3.8252,100
"New Haven, CT",Liquid,1000 kg/day,Medium,0.21,0.03,0.0255,0.0155,-,2.8764,0.9384,"41,949.18",3.8148,100
"New Haven, CT",Liquid,1000 kg/day,Medium,0.22,0.03,0.0255,0.0155,-,2.8758,0.9298,"43,946.76",3.8055,100
"New Haven, CT",Liquid,1000 kg/day,Medium,0.23,0.03,0.0255,0.0155,-,2.8584,0.9377,"45,944.34",3.7961,100
"New Haven, CT",Liquid,1000 kg/day,Medium,0.24,0.03,0.0255,0.0155,-,2.8421,0.9298,"47,941.92",3.7718,100
"New Haven, CT",Liquid,1000 kg/day,Medium,0.25,0.03,0.0255,0.0155,-,2.8419,0.937,"49,939.50",3.7789,100
"New Haven, CT",Liquid,1000 kg/day,Medium,0.26,0.03,0.0255,0.0155,-,2.8268,0.9298,"51,937.08",3.7565,100
"New Haven, CT",Liquid,1000 kg/day,Medium,0.27,0.03,0.0255,0.0155,-,2.8107,0.9365,"53,934.66",3.7472,100
"New Haven, CT",Liquid,1000 kg/day,Medium,0.28,0.03,0.0255,0.0155,-,2.8126,0.9298,"55,932.24",3.7423,100
"New Haven, CT",Liquid,1000 kg/day,Medium,0.29,0.03,0.0255,0.0155,-,2.7993,0.936,"57,929.82",3.7353,100
"New Haven, CT",Liquid,1000 kg/day,Medium,0.30,0.03,0.0255,0.0155,-,2.785,0.9298,"59,927.40",3.7147,100
"New Haven, CT",Liquid,1000 kg/day,Medium,0.31,0.03,0.0255,0.0155,-,2.7869,0.9356,"61,924.98",3.7225,100
"New Haven, CT",Liquid,1000 kg/day,Medium,0.32,0.03,0.0255,0.0155,-,2.7735,0.9298,"63,922.56",3.7032,100
"New Haven, CT",Liquid,1000 kg/day,Medium,0.33,0.03,0.0255,0.0155,-,2.7622,0.9353,"65,920.14",3.6975,100
"New Haven, CT",Liquid,1000 kg/day,Medium,0.34,0.03,0.0255,0.0155,-,2.7626,0.9298,"67,917.72",3.6923,100
"New Haven, CT",Liquid,1000 kg/day,Medium,0.35,0.03,0.0255,0.0155,-,2.752,0.935,"69,915.30",3.6869,100
"New Haven, CT",Liquid,1000 kg/day,Medium,0.36,0.03,0.0255,0.0155,-,2.7418,0.9298,"71,912.88",3.6715,100
"New Haven, CT",Liquid,1000 kg/day,Medium,0.37,0.03,0.0255,0.0155,-,2.7307,0.9347,"73,910.46",3.6654,100
"New Haven, CT",Liquid,1000 kg/day,Medium,0.38,0.03,0.0255,0.0155,-,2.7326,0.9298,"75,908.04",3.6623,100
"New Haven, CT",Liquid,1000 kg/day,Medium,0.39,0.03,0.0255,0.0155,-,2.722,0.9344,"77,905.62",3.6564,100
"New Haven, CT",Liquid,1000 kg/day,Medium,0.40,0.03,0.0255,0.0155,-,2.7131,0.9298,"79,903.20",3.6428,100
"New Haven, CT",Liquid,1000 kg/day,Medium,0.41,0.03,0.0255,0.0155,-,2.7149,0.9342,"81,900.78",3.6491,100
"New Haven, CT",Liquid,2000 kg/day,Medium,0.01,0.03,0.0255,0.0155,-,3.4594,0.9931,"1,997.58",4.4525,100
"New Haven, CT",Liquid,2000 kg/day,Medium,0.02,0.03,0.0255,0.0155,-,3.2454,0.7498,"3,995.16",3.9952,100
"New Haven, CT",Liquid,2000 kg/day,Medium,0.03,0.03,0.0255,0.0155,-,3.1579,0.6687,"5,992.74",3.8266,100
"New Haven, CT",Liquid,2000 kg/day,Medium,0.04,0.03,0.0255,0.0155,-,3.2333,0.6282,"7,990.32",3.8615,100
"New Haven, CT",Liquid,2000 kg/day,Medium,0.05,0.03,0.0255,0.0155,-,3.1832,0.7012,"9,987.90",3.8843,100
"New Haven, CT",Liquid,2000 kg/day,Medium,0.06,0.03,0.0255,0.0155,-,3.1579,0.6687,"11,985.48",3.8266,100
"New Haven, CT",Liquid,2000 kg/day,Medium,0.07,0.03,0.0255,0.0155,-,3.201,0.6456,"13,983.06",3.8465,100
"New Haven, CT",Liquid,2000 kg/day,Medium,0.08,0.03,0.0255,0.0155,-,3.1737,0.6282,"15,980.64",3.8019,100
"New Haven, CT",Liquid,2000 kg/day,Medium,0.09,0.03,0.0255,0.0155,-,3.1212,0.6687,"17,978.22",3.7899,100
"New Haven, CT",Liquid,2000 kg/day,Medium,0.10,0.03,0.0255,0.0155,-,3.114,0.6525,"19,975.80",3.7665,100
"New Haven, CT",Liquid,2000 kg/day,Medium,0.11,0.03,0.0255,0.0155,-,3.0715,0.6392,"21,973.38",3.7107,100
"New Haven, CT",Liquid,2000 kg/day,Medium,0.12,0.03,0.0255,0.0155,-,3.0342,0.6282,"23,970.96",3.6624,100
"New Haven, CT",Liquid,2000 kg/day,Medium,0.13,0.03,0.0255,0.0155,-,3.0303,0.6563,"25,968.54",3.6865,100
"New Haven, CT",Liquid,2000 kg/day,Medium,0.14,0.03,0.0255,0.0155,-,2.9986,0.6456,"27,966.12",3.6441,100
"New Haven, CT",Liquid,2000 kg/day,Medium,0.15,0.03,0.0255,0.0155,-,2.9669,0.6363,"29,963.70",3.6032,100
"New Haven, CT",Liquid,2000 kg/day,Medium,0.16,0.03,0.0255,0.0155,-,2.9679,0.6282,"31,961.28",3.5961,100
"New Haven, CT",Liquid,2000 kg/day,Medium,0.17,0.03,0.0255,0.0155,-,2.94,0.6497,"33,958.86",3.5896,100
"New Haven, CT",Liquid,2000 kg/day,Medium,0.18,0.03,0.0255,0.0155,-,2.9171,0.6417,"35,956.44",3.5588,100
"New Haven, CT",Liquid,2000 kg/day,Medium,0.19,0.03,0.0255,0.0155,-,2.9185,0.6346,"37,954.02",3.5531,100
"New Haven, CT",Liquid,2000 kg/day,Medium,0.20,0.03,0.0255,0.0155,-,2.8955,0.6282,"39,951.60",3.5237,100
"New Haven, CT",Liquid,2000 kg/day,Medium,0.21,0.03,0.0255,0.0155,-,2.8764,0.6456,"41,949.18",3.5219,100
"New Haven, CT",Liquid,2000 kg/day,Medium,0.22,0.03,0.0255,0.0155,-,2.8758,0.6392,"43,946.76",3.515,100
"New Haven, CT",Liquid,2000 kg/day,Medium,0.23,0.03,0.0255,0.0155,-,2.8584,0.6335,"45,944.34",3.4918,100
"New Haven, CT",Liquid,2000 kg/day,Medium,0.24,0.03,0.0255,0.0155,-,2.8421,0.6282,"47,941.92",3.4703,100
"New Haven, CT",Liquid,2000 kg/day,Medium,0.25,0.03,0.0255,0.0155,-,2.8419,0.6428,"49,939.50",3.4847,100
"New Haven, CT",Liquid,2000 kg/day,Medium,0.26,0.03,0.0255,0.0155,-,2.8268,0.6375,"51,937.08",3.4643,100
"New Haven, CT",Liquid,2000 kg/day,Medium,0.27,0.03,0.0255,0.0155,-,2.8107,0.6327,"53,934.66",3.4434,100
"New Haven, CT",Liquid,2000 kg/day,Medium,0.28,0.03,0.0255,0.0155,-,2.8126,0.6282,"55,932.24",3.4408,100
"New Haven, CT",Liquid,2000 kg/day,Medium,0.29,0.03,0.0255,0.0155,-,2.7993,0.6408,"57,929.82",3.44,100
"New Haven, CT",Liquid,2000 kg/day,Medium,0.30,0.03,0.0255,0.0155,-,2.785,0.6363,"59,927.40",3.4213,100
"New Haven, CT",Liquid,2000 kg/day,Medium,0.31,0.03,0.0255,0.0155,-,2.7869,0.6321,"61,924.98",3.419,100
"New Haven, CT",Liquid,2000 kg/day,Medium,0.32,0.03,0.0255,0.0155,-,2.7735,0.6282,"63,922.56",3.4017,100
"New Haven, CT",Liquid,2000 kg/day,Medium,0.33,0.03,0.0255,0.0155,-,2.7622,0.6392,"65,920.14",3.4014,100
"New Haven, CT",Liquid,2000 kg/day,Medium,0.34,0.03,0.0255,0.0155,-,2.7626,0.6353,"67,917.72",3.3979,100
"New Haven, CT",Liquid,2000 kg/day,Medium,0.35,0.03,0.0255,0.0155,-,2.752,0.6317,"69,915.30",3.3836,100
"New Haven, CT",Liquid,2000 kg/day,Medium,0.36,0.03,0.0255,0.0155,-,2.7418,0.6282,"71,912.88",3.37,100
"New Haven, CT",Liquid,2000 kg/day,Medium,0.37,0.03,0.0255,0.0155,-,2.7307,0.638,"73,910.46",3.3687,100
"New Haven, CT",Liquid,2000 kg/day,Medium,0.38,0.03,0.0255,0.0155,-,2.7326,0.6346,"75,908.04",3.3672,100
"New Haven, CT",Liquid,2000 kg/day,Medium,0.39,0.03,0.0255,0.0155,-,2.722,0.6313,"77,905.62",3.3533,100
"New Haven, CT",Liquid,2000 kg/day,Medium,0.40,0.03,0.0255,0.0155,-,2.7131,0.6282,"79,903.20",3.3413,100
"New Haven, CT",Liquid,2000 kg/day,Medium,0.41,0.03,0.0255,0.0155,-,2.7149,0.6371,"81,900.78",3.352,100
"New Haven, CT",Liquid,3000 kg/day,Medium,0.01,0.03,0.0255,0.0155,-,3.4594,0.7106,"1,997.58",4.17,100
"New Haven, CT",Liquid,3000 kg/day,Medium,0.02,0.03,0.0255,0.0155,-,3.2454,0.7106,"3,995.16",3.956,100
"New Haven, CT",Liquid,3000 kg/day,Medium,0.03,0.03,0.0255,0.0155,-,3.1579,0.7106,"5,992.74",3.8685,100
"New Haven, CT",Liquid,3000 kg/day,Medium,0.04,0.03,0.0255,0.0155,-,3.2333,0.7106,"7,990.32",3.9439,100
"New Haven, CT",Liquid,3000 kg/day,Medium,0.05,0.03,0.0255,0.0155,-,3.1832,0.7106,"9,987.90",3.8938,100
"New Haven, CT",Liquid,3000 kg/day,Medium,0.06,0.03,0.0255,0.0155,-,3.1579,0.5955,"11,985.48",3.7534,100
"New Haven, CT",Liquid,3000 kg/day,Medium,0.07,0.03,0.0255,0.0155,-,3.201,0.612,"13,983.06",3.8129,100
"New Haven, CT",Liquid,3000 kg/day,Medium,0.08,0.03,0.0255,0.0155,-,3.1737,0.6243,"15,980.64",3.798,100
"New Haven, CT",Liquid,3000 kg/day,Medium,0.09,0.03,0.0255,0.0155,-,3.1212,0.6339,"17,978.22",3.7551,100
"New Haven, CT",Liquid,3000 kg/day,Medium,0.10,0.03,0.0255,0.0155,-,3.114,0.6416,"19,975.80",3.7555,100
"New Haven, CT",Liquid,3000 kg/day,Medium,0.11,0.03,0.0255,0.0155,-,3.0715,0.6478,"21,973.38",3.7193,100
"New Haven, CT",Liquid,3000 kg/day,Medium,0.12,0.03,0.0255,0.0155,-,3.0342,0.5955,"23,970.96",3.6297,100
"New Haven, CT",Liquid,3000 kg/day,Medium,0.13,0.03,0.0255,0.0155,-,3.0303,0.6044,"25,968.54",3.6346,100
"New Haven, CT",Liquid,3000 kg/day,Medium,0.14,0.03,0.0255,0.0155,-,2.9986,0.612,"27,966.12",3.6105,100
"New Haven, CT",Liquid,3000 kg/day,Medium,0.15,0.03,0.0255,0.0155,-,2.9669,0.6185,"29,963.70",3.5854,100
"New Haven, CT",Liquid,3000 kg/day,Medium,0.16,0.03,0.0255,0.0155,-,2.9679,0.6243,"31,961.28",3.5922,100
"New Haven, CT",Liquid,3000 kg/day,Medium,0.17,0.03,0.0255,0.0155,-,2.94,0.6294,"33,958.86",3.5693,100
"New Haven, CT",Liquid,3000 kg/day,Medium,0.18,0.03,0.0255,0.0155,-,2.9171,0.5955,"35,956.44",3.5126,100
"New Haven, CT",Liquid,3000 kg/day,Medium,0.19,0.03,0.0255,0.0155,-,2.9185,0.6016,"37,954.02",3.52,100
"New Haven, CT",Liquid,3000 kg/day,Medium,0.20,0.03,0.0255,0.0155,-,2.8955,0.607,"39,951.60",3.5025,100
"New Haven, CT",Liquid,3000 kg/day,Medium,0.21,0.03,0.0255,0.0155,-,2.8764,0.612,"41,949.18",3.4883,100
"New Haven, CT",Liquid,3000 kg/day,Medium,0.22,0.03,0.0255,0.0155,-,2.8758,0.6164,"43,946.76",3.4922,100
"New Haven, CT",Liquid,3000 kg/day,Medium,0.23,0.03,0.0255,0.0155,-,2.8584,0.6205,"45,944.34",3.4789,100
"New Haven, CT",Liquid,3000 kg/day,Medium,0.24,0.03,0.0255,0.0155,-,2.8421,0.5955,"47,941.92",3.4376,100
"New Haven, CT",Liquid,3000 kg/day,Medium,0.25,0.03,0.0255,0.0155,-,2.8419,0.6001,"49,939.50",3.442,100
"New Haven, CT",Liquid,3000 kg/day,Medium,0.26,0.03,0.0255,0.0155,-,2.8268,0.6044,"51,937.08",3.4311,100
"New Haven, CT",Liquid,3000 kg/day,Medium,0.27,0.03,0.0255,0.0155,-,2.8107,0.6083,"53,934.66",3.419,100
"New Haven, CT",Liquid,3000 kg/day,Medium,0.28,0.03,0.0255,0.0155,-,2.8126,0.612,"55,932.24",3.4245,100
"New Haven, CT",Liquid,3000 kg/day,Medium,0.29,0.03,0.0255,0.0155,-,2.7993,0.6154,"57,929.82",3.4146,100
"New Haven, CT",Liquid,3000 kg/day,Medium,0.30,0.03,0.0255,0.0155,-,2.785,0.5955,"59,927.40",3.3805,100
"New Haven, CT",Liquid,3000 kg/day,Medium,0.31,0.03,0.0255,0.0155,-,2.7869,0.5992,"61,924.98",3.3861,100
"New Haven, CT",Liquid,3000 kg/day,Medium,0.32,0.03,0.0255,0.0155,-,2.7735,0.6027,"63,922.56",3.3762,100
"New Haven, CT",Liquid,3000 kg/day,Medium,0.33,0.03,0.0255,0.0155,-,2.7622,0.606,"65,920.14",3.3681,100
"New Haven, CT",Liquid,3000 kg/day,Medium,0.34,0.03,0.0255,0.0155,-,2.7626,0.6091,"67,917.72",3.3716,100
"New Haven, CT",Liquid,3000 kg/day,Medium,0.35,0.03,0.0255,0.0155,-,2.752,0.612,"69,915.30",3.3639,100
"New Haven, CT",Liquid,3000 kg/day,Medium,0.36,0.03,0.0255,0.0155,-,2.7418,0.5955,"71,912.88",3.3373,100
"New Haven, CT",Liquid,3000 kg/day,Medium,0.37,0.03,0.0255,0.0155,-,2.7307,0.5986,"73,910.46",3.3293,100
"New Haven, CT",Liquid,3000 kg/day,Medium,0.38,0.03,0.0255,0.0155,-,2.7326,0.6016,"75,908.04",3.3341,100
"New Haven, CT",Liquid,3000 kg/day,Medium,0.39,0.03,0.0255,0.0155,-,2.722,0.6044,"77,905.62",3.3263,100
"New Haven, CT",Liquid,3000 kg/day,Medium,0.40,0.03,0.0255,0.0155,-,2.7131,0.607,"79,903.20",3.3201,100
"New Haven, CT",Liquid,3000 kg/day,Medium,0.41,0.03,0.0255,0.0155,-,2.7149,0.6095,"81,900.78",3.3244,100
"New Haven, CT",Pipe,1000 kg/day,Medium,0.01,0.0255,0.0003,0.0041,13.207,20.4132,2.233,"1,997.58",35.8532,100
"New Haven, CT",Pipe,1000 kg/day,Medium,0.02,0.0255,0.0003,0.0041,8.5259,10.3491,1.8912,"3,995.16",20.7661,100
"New Haven, CT",Pipe,1000 kg/day,Medium,0.03,0.0255,0.0003,0.0041,7.1867,7.002,2.0051,"5,992.74",16.1938,100
"New Haven, CT",Pipe,1000 kg/day,Medium,0.04,0.0255,0.0003,0.0041,6.0367,5.3111,1.8912,"7,990.32",13.2389,100
"New Haven, CT",Pipe,1000 kg/day,Medium,0.05,0.0255,0.0003,0.0041,5.5099,4.3096,1.9595,"9,987.90",11.7791,100
"New Haven, CT",Pipe,1000 kg/day,Medium,0.06,0.0255,0.0003,0.0041,4.942,3.6293,1.8912,"11,985.48",10.4625,100
"New Haven, CT",Pipe,1000 kg/day,Medium,0.07,0.0255,0.0003,0.0041,4.6478,3.1449,1.94,"13,983.06",9.7326,100
"New Haven, CT",Pipe,1000 kg/day,Medium,0.08,0.0255,0.0003,0.0041,4.2929,2.7884,1.8912,"15,980.64",8.9725,100
"New Haven, CT",Pipe,1000 kg/day,Medium,0.09,0.0255,0.0003,0.0041,4.0983,2.5033,1.9291,"17,978.22",8.5307,100
"New Haven, CT",Pipe,1000 kg/day,Medium,0.10,0.0255,0.0003,0.0041,3.8543,2.2759,1.8912,"19,975.80",8.0214,100
"New Haven, CT",Pipe,1000 kg/day,Medium,0.11,0.0255,0.0003,0.0041,3.7152,2.0964,1.9222,"21,973.38",7.7338,100
"New Haven, CT",Pipe,1000 kg/day,Medium,0.12,0.0255,0.0003,0.0041,3.5342,1.9395,1.8912,"23,970.96",7.3648,100
"New Haven, CT",Pipe,1000 kg/day,Medium,0.13,0.0255,0.0003,0.0041,3.4288,1.8072,1.9175,"25,968.54",7.1534,100
"New Haven, CT",Pipe,1000 kg/day,Medium,0.14,0.0255,0.0003,0.0041,3.2777,1.694,1.8912,"27,966.12",6.8629,100
"New Haven, CT",Pipe,1000 kg/day,Medium,0.15,0.0255,0.0003,0.0041,3.1921,1.5963,1.914,"29,963.70",6.7023,100
"New Haven, CT",Pipe,1000 kg/day,Medium,0.16,0.0255,0.0003,0.0041,3.0761,1.524,1.8912,"31,961.28",6.4912,100
"New Haven, CT",Pipe,1000 kg/day,Medium,0.17,0.0255,0.0003,0.0041,3.0064,1.4458,1.9113,"33,958.86",6.3635,100
"New Haven, CT",Pipe,1000 kg/day,Medium,0.18,0.0255,0.0003,0.0041,2.9105,1.3766,1.8912,"35,956.44",6.1783,100
"New Haven, CT",Pipe,1000 kg/day,Medium,0.19,0.0255,0.0003,0.0041,2.8525,1.3147,1.9092,"37,954.02",6.0764,100
"New Haven, CT",Pipe,1000 kg/day,Medium,0.20,0.0255,0.0003,0.0041,2.7716,1.2592,1.8912,"39,951.60",5.9219,100
"New Haven, CT",Pipe,1000 kg/day,Medium,0.21,0.0255,0.0003,0.0041,2.7223,1.2091,1.9074,"41,949.18",5.8389,100
"New Haven, CT",Pipe,1000 kg/day,Medium,0.22,0.0255,0.0003,0.0041,2.6529,1.1635,1.8912,"43,946.76",5.7076,100
"New Haven, CT",Pipe,1000 kg/day,Medium,0.23,0.0255,0.0003,0.0041,2.6107,1.1221,1.906,"45,944.34",5.6388,100
"New Haven, CT",Pipe,1000 kg/day,Medium,0.24,0.0255,0.0003,0.0041,2.5502,1.0843,1.8912,"47,941.92",5.5257,100
"New Haven, CT",Pipe,1000 kg/day,Medium,0.25,0.0255,0.0003,0.0041,2.5059,1.0495,1.9048,"49,939.50",5.4602,100
"New Haven, CT",Pipe,1000 kg/day,Medium,0.26,0.0255,0.0003,0.0041,2.4514,1.0176,1.8912,"51,937.08",5.3602,100
"New Haven, CT",Pipe,1000 kg/day,Medium,0.27,0.0255,0.0003,0.0041,2.4179,0.9879,1.9038,"53,934.66",5.3096,100
"New Haven, CT",Pipe,1000 kg/day,Medium,0.28,0.0255,0.0003,0.0041,2.3696,0.9683,1.8912,"55,932.24",5.229,100
"New Haven, CT",Pipe,1000 kg/day,Medium,0.29,0.0255,0.0003,0.0041,2.3397,0.9416,1.903,"57,929.82",5.1842,100
"New Haven, CT",Pipe,1000 kg/day,Medium,0.30,0.0255,0.0003,0.0041,2.2965,0.9167,1.8912,"59,927.40",5.1043,100
"New Haven, CT",Pipe,1000 kg/day,Medium,0.31,0.0255,0.0003,0.0041,2.2698,0.8935,1.9022,"61,924.98",5.0655,100
"New Haven, CT",Pipe,1000 kg/day,Medium,0.32,0.0255,0.0003,0.0041,2.2307,0.8718,1.8912,"63,922.56",4.9936,100
"New Haven, CT",Pipe,1000 kg/day,Medium,0.33,0.0255,0.0003,0.0041,2.2067,0.8514,1.9015,"65,920.14",4.9595,100
"New Haven, CT",Pipe,1000 kg/day,Medium,0.34,0.0255,0.0003,0.0041,2.1712,0.8323,1.8912,"67,917.72",4.8947,100
"New Haven, CT",Pipe,1000 kg/day,Medium,0.35,0.0255,0.0003,0.0041,2.1495,0.8143,1.9009,"69,915.30",4.8647,100
"New Haven, CT",Pipe,1000 kg/day,Medium,0.36,0.0255,0.0003,0.0041,2.1171,0.7973,1.8912,"71,912.88",4.8056,100
"New Haven, CT",Pipe,1000 kg/day,Medium,0.37,0.0255,0.0003,0.0041,2.0973,0.7813,1.9004,"73,910.46",4.779,100
"New Haven, CT",Pipe,1000 kg/day,Medium,0.38,0.0255,0.0003,0.0041,2.0677,0.7661,1.8912,"75,908.04",4.725,100
"New Haven, CT",Pipe,1000 kg/day,Medium,0.39,0.0255,0.0003,0.0041,2.0494,0.7518,1.8999,"77,905.62",4.7012,100
"New Haven, CT",Pipe,1000 kg/day,Medium,0.40,0.0255,0.0003,0.0041,2.0223,0.7382,1.8912,"79,903.20",4.6516,100
"New Haven, CT",Pipe,1000 kg/day,Medium,0.41,0.0255,0.0003,0.0041,2.0054,0.7253,1.8995,"81,900.78",4.6303,100
"New Haven, CT",Pipe,2000 kg/day,Medium,0.01,0.0255,0.0003,0.0041,10.8273,20.4132,2.8804,"1,997.58",34.1209,100
"New Haven, CT",Pipe,2000 kg/day,Medium,0.02,0.0255,0.0003,0.0041,6.6398,10.3491,2.2058,"3,995.16",19.1947,100
"New Haven, CT",Pipe,2000 kg/day,Medium,0.03,0.0255,0.0003,0.0041,5.12,7.002,1.981,"5,992.74",14.103,100
"New Haven, CT",Pipe,2000 kg/day,Medium,0.04,0.0255,0.0003,0.0041,4.3035,5.3111,1.8686,"7,990.32",11.4832,100
"New Haven, CT",Pipe,2000 kg/day,Medium,0.05,0.0255,0.0003,0.0041,4.0722,4.3096,2.0709,"9,987.90",10.4527,100
"New Haven, CT",Pipe,2000 kg/day,Medium,0.06,0.0255,0.0003,0.0041,3.6376,3.6293,1.981,"11,985.48",9.2478,100
"New Haven, CT",Pipe,2000 kg/day,Medium,0.07,0.0255,0.0003,0.0041,3.3126,3.1449,1.9167,"13,983.06",8.3742,100
"New Haven, CT",Pipe,2000 kg/day,Medium,0.08,0.0255,0.0003,0.0041,3.0627,2.7884,1.8686,"15,980.64",7.7197,100
"New Haven, CT",Pipe,2000 kg/day,Medium,0.09,0.0255,0.0003,0.0041,2.9867,2.5033,1.981,"17,978.22",7.4709,100
"New Haven, CT",Pipe,2000 kg/day,Medium,0.10,0.0255,0.0003,0.0041,2.806,2.2759,1.936,"19,975.80",7.0179,100
"New Haven, CT",Pipe,2000 kg/day,Medium,0.11,0.0255,0.0003,0.0041,2.6495,2.0964,1.8992,"21,973.38",6.6451,100
"New Haven, CT",Pipe,2000 kg/day,Medium,0.12,0.0255,0.0003,0.0041,2.5187,1.9395,1.8686,"23,970.96",6.3268,100
"New Haven, CT",Pipe,2000 kg/day,Medium,0.13,0.0255,0.0003,0.0041,2.4781,1.8072,1.9464,"25,968.54",6.2317,100
"New Haven, CT",Pipe,2000 kg/day,Medium,0.14,0.0255,0.0003,0.0041,2.373,1.694,1.9167,"27,966.12",5.9838,100
"New Haven, CT",Pipe,2000 kg/day,Medium,0.15,0.0255,0.0003,0.0041,2.2807,1.5963,1.891,"29,963.70",5.768,100
"New Haven, CT",Pipe,2000 kg/day,Medium,0.16,0.0255,0.0003,0.0041,2.1989,1.524,1.8686,"31,961.28",5.5914,100
"New Haven, CT",Pipe,2000 kg/day,Medium,0.17,0.0255,0.0003,0.0041,2.1743,1.4458,1.9281,"33,958.86",5.5481,100
"New Haven, CT",Pipe,2000 kg/day,Medium,0.18,0.0255,0.0003,0.0041,2.1049,1.3766,1.906,"35,956.44",5.3875,100
"New Haven, CT",Pipe,2000 kg/day,Medium,0.19,0.0255,0.0003,0.0041,2.0423,1.3147,1.8863,"37,954.02",5.2433,100
"New Haven, CT",Pipe,2000 kg/day,Medium,0.20,0.0255,0.0003,0.0041,1.9854,1.2592,1.8686,"39,951.60",5.1132,100
"New Haven, CT",Pipe,2000 kg/day,Medium,0.21,0.0255,0.0003,0.0041,1.9621,1.2091,1.9167,"41,949.18",5.0879,100
"New Haven, CT",Pipe,2000 kg/day,Medium,0.22,0.0255,0.0003,0.0041,1.9108,1.1635,1.8992,"43,946.76",4.9735,100
"New Haven, CT",Pipe,2000 kg/day,Medium,0.23,0.0255,0.0003,0.0041,1.8637,1.1221,1.8832,"45,944.34",4.869,100
"New Haven, CT",Pipe,2000 kg/day,Medium,0.24,0.0255,0.0003,0.0041,1.8202,1.0843,1.8686,"47,941.92",4.773,100
"New Haven, CT",Pipe,2000 kg/day,Medium,0.25,0.0255,0.0003,0.0041,1.8073,1.0495,1.909,"49,939.50",4.7658,100
"New Haven, CT",Pipe,2000 kg/day,Medium,0.26,0.0255,0.0003,0.0041,1.7684,1.0176,1.8945,"51,937.08",4.6805,100
"New Haven, CT",Pipe,2000 kg/day,Medium,0.27,0.0255,0.0003,0.0041,1.7321,0.9879,1.881,"53,934.66",4.6011,100
"New Haven, CT",Pipe,2000 kg/day,Medium,0.28,0.0255,0.0003,0.0041,1.6983,0.9683,1.8686,"55,932.24",4.5351,100
"New Haven, CT",Pipe,2000 kg/day,Medium,0.29,0.0255,0.0003,0.0041,1.6886,0.9416,1.9034,"57,929.82",4.5336,100
"New Haven, CT",Pipe,2000 kg/day,Medium,0.30,0.0255,0.0003,0.0041,1.6578,0.9167,1.891,"59,927.40",4.4655,100
"New Haven, CT",Pipe,2000 kg/day,Medium,0.31,0.0255,0.0003,0.0041,1.6289,0.8935,1.8794,"61,924.98",4.4018,100
"New Haven, CT",Pipe,2000 kg/day,Medium,0.32,0.0255,0.0003,0.0041,1.6017,0.8718,1.8686,"63,922.56",4.342,100
"New Haven, CT",Pipe,2000 kg/day,Medium,0.33,0.0255,0.0003,0.0041,1.5941,0.8514,1.8992,"65,920.14",4.3447,100
"New Haven, CT",Pipe,2000 kg/day,Medium,0.34,0.0255,0.0003,0.0041,1.5634,0.8323,1.8884,"67,917.72",4.2841,100
"New Haven, CT",Pipe,2000 kg/day,Medium,0.35,0.0255,0.0003,0.0041,1.539,0.8143,1.8782,"69,915.30",4.2314,100
"New Haven, CT",Pipe,2000 kg/day,Medium,0.36,0.0255,0.0003,0.0041,1.5157,0.7973,1.8686,"71,912.88",4.1816,100
"New Haven, CT",Pipe,2000 kg/day,Medium,0.37,0.0255,0.0003,0.0041,1.5091,0.7813,1.8959,"73,910.46",4.1863,100
"New Haven, CT",Pipe,2000 kg/day,Medium,0.38,0.0255,0.0003,0.0041,1.4876,0.7661,1.8863,"75,908.04",4.14,100
"New Haven, CT",Pipe,2000 kg/day,Medium,0.39,0.0255,0.0003,0.0041,1.4671,0.7518,1.8772,"77,905.62",4.0961,100
"New Haven, CT",Pipe,2000 kg/day,Medium,0.40,0.0255,0.0003,0.0041,1.4475,0.7382,1.8686,"79,903.20",4.0543,100
"New Haven, CT",Pipe,2000 kg/day,Medium,0.41,0.0255,0.0003,0.0041,1.4422,0.7253,1.8932,"81,900.78",4.0608,100
"New Haven, CT",Pipe,3000 kg/day,Medium,0.01,0.0255,0.0003,0.0041,7.71,20.4132,2.1525,"1,997.58",30.2757,100
"New Haven, CT",Pipe,3000 kg/day,Medium,0.02,0.0255,0.0003,0.0041,5.4451,10.3491,2.1525,"3,995.16",17.9466,100
"New Haven, CT",Pipe,3000 kg/day,Medium,0.03,0.0255,0.0003,0.0041,4.4481,7.002,2.1525,"5,992.74",13.6026,100
"New Haven, CT",Pipe,3000 kg/day,Medium,0.04,0.0255,0.0003,0.0041,3.8595,5.3111,2.1525,"7,990.32",11.3231,100
"New Haven, CT",Pipe,3000 kg/day,Medium,0.05,0.0255,0.0003,0.0041,3.4554,4.3096,2.1525,"9,987.90",9.9174,100
"New Haven, CT",Pipe,3000 kg/day,Medium,0.06,0.0255,0.0003,0.0041,2.8905,3.6293,1.8241,"11,985.48",8.3439,100
"New Haven, CT",Pipe,3000 kg/day,Medium,0.07,0.0255,0.0003,0.0041,2.7183,3.1449,1.871,"13,983.06",7.7342,100
"New Haven, CT",Pipe,3000 kg/day,Medium,0.08,0.0255,0.0003,0.0041,2.5745,2.7884,1.9062,"15,980.64",7.2691,100
"New Haven, CT",Pipe,3000 kg/day,Medium,0.09,0.0255,0.0003,0.0041,2.4525,2.5033,1.9336,"17,978.22",6.8894,100
"New Haven, CT",Pipe,3000 kg/day,Medium,0.10,0.0255,0.0003,0.0041,2.3478,2.2759,1.9555,"19,975.80",6.5791,100
"New Haven, CT",Pipe,3000 kg/day,Medium,0.11,0.0255,0.0003,0.0041,2.2489,2.0964,1.9734,"21,973.38",6.3187,100
"New Haven, CT",Pipe,3000 kg/day,Medium,0.12,0.0255,0.0003,0.0041,2.0678,1.9395,1.8241,"23,970.96",5.8314,100
"New Haven, CT",Pipe,3000 kg/day,Medium,0.13,0.0255,0.0003,0.0041,2.0057,1.8072,1.8494,"25,968.54",5.6622,100
"New Haven, CT",Pipe,3000 kg/day,Medium,0.14,0.0255,0.0003,0.0041,1.9492,1.694,1.871,"27,966.12",5.5142,100
"New Haven, CT",Pipe,3000 kg/day,Medium,0.15,0.0255,0.0003,0.0041,1.8977,1.5963,1.8898,"29,963.70",5.3837,100
"New Haven, CT",Pipe,3000 kg/day,Medium,0.16,0.0255,0.0003,0.0041,1.8505,1.524,1.9062,"31,961.28",5.2806,100
"New Haven, CT",Pipe,3000 kg/day,Medium,0.17,0.0255,0.0003,0.0041,1.8071,1.4458,1.9207,"33,958.86",5.1736,100
"New Haven, CT",Pipe,3000 kg/day,Medium,0.18,0.0255,0.0003,0.0041,1.7129,1.3766,1.8241,"35,956.44",4.9136,100
"New Haven, CT",Pipe,3000 kg/day,Medium,0.19,0.0255,0.0003,0.0041,1.6742,1.3147,1.8414,"37,954.02",4.8303,100
"New Haven, CT",Pipe,3000 kg/day,Medium,0.20,0.0255,0.0003,0.0041,1.6422,1.2592,1.8569,"39,951.60",4.7584,100
"New Haven, CT",Pipe,3000 kg/day,Medium,0.21,0.0255,0.0003,0.0041,1.6123,1.2091,1.871,"41,949.18",4.6923,100
"New Haven, CT",Pipe,3000 kg/day,Medium,0.22,0.0255,0.0003,0.0041,1.5841,1.1635,1.8838,"43,946.76",4.6314,100
"New Haven, CT",Pipe,3000 kg/day,Medium,0.23,0.0255,0.0003,0.0041,1.5575,1.1221,1.8955,"45,944.34",4.5751,100
"New Haven, CT",Pipe,3000 kg/day,Medium,0.24,0.0255,0.0003,0.0041,1.4968,1.0843,1.8241,"47,941.92",4.4053,100
"New Haven, CT",Pipe,3000 kg/day,Medium,0.25,0.0255,0.0003,0.0041,1.4754,1.0495,1.8372,"49,939.50",4.3621,100
"New Haven, CT",Pipe,3000 kg/day,Medium,0.26,0.0255,0.0003,0.0041,1.4551,1.0176,1.8494,"51,937.08",4.322,100
"New Haven, CT",Pipe,3000 kg/day,Medium,0.27,0.0255,0.0003,0.0041,1.4356,0.9879,1.8606,"53,934.66",4.2841,100
"New Haven, CT",Pipe,3000 kg/day,Medium,0.28,0.0255,0.0003,0.0041,1.4172,0.9683,1.871,"55,932.24",4.2565,100
"New Haven, CT",Pipe,3000 kg/day,Medium,0.29,0.0255,0.0003,0.0041,1.3995,0.9416,1.8807,"57,929.82",4.2218,100
"New Haven, CT",Pipe,3000 kg/day,Medium,0.30,0.0255,0.0003,0.0041,1.3523,0.9167,1.8241,"59,927.40",4.093,100
"New Haven, CT",Pipe,3000 kg/day,Medium,0.31,0.0255,0.0003,0.0041,1.3367,0.8935,1.8347,"61,924.98",4.0649,100
"New Haven, CT",Pipe,3000 kg/day,Medium,0.32,0.0255,0.0003,0.0041,1.3218,0.8718,1.8446,"63,922.56",4.0382,100
"New Haven, CT",Pipe,3000 kg/day,Medium,0.33,0.0255,0.0003,0.0041,1.3074,0.8514,1.854,"65,920.14",4.0128,100
"New Haven, CT",Pipe,3000 kg/day,Medium,0.34,0.0255,0.0003,0.0041,1.2936,0.8323,1.8627,"67,917.72",3.9886,100
"New Haven, CT",Pipe,3000 kg/day,Medium,0.35,0.0255,0.0003,0.0041,1.2803,0.8143,1.871,"69,915.30",3.9656,100
"New Haven, CT",Pipe,3000 kg/day,Medium,0.36,0.0255,0.0003,0.0041,1.2478,0.7973,1.8241,"71,912.88",3.8692,100
"New Haven, CT",Pipe,3000 kg/day,Medium,0.37,0.0255,0.0003,0.0041,1.2363,0.7813,1.833,"73,910.46",3.8506,100
"New Haven, CT",Pipe,3000 kg/day,Medium,0.38,0.0255,0.0003,0.0041,1.2251,0.7661,1.8414,"75,908.04",3.8326,100
"New Haven, CT",Pipe,3000 kg/day,Medium,0.39,0.0255,0.0003,0.0041,1.2145,0.7518,1.8494,"77,905.62",3.8157,100
"New Haven, CT",Pipe,3000 kg/day,Medium,0.40,0.0255,0.0003,0.0041,1.2041,0.7382,1.8569,"79,903.20",3.7993,100
"New Haven, CT",Pipe,3000 kg/day,Medium,0.41,0.0255,0.0003,0.0041,1.194,0.7253,1.8642,"81,900.78",3.7835,100
"Fresno, CA",Gas,1000 kg/day,Medium,0.01,0.0018,0.0106,0.0041,-,2.2921,1.8412,"1,977.64",4.1333,100
"Fresno, CA",Gas,1000 kg/day,Medium,0.02,0.0018,0.0106,0.0041,-,1.9511,1.5453,"3,955.28",3.4964,100
"Fresno, CA",Gas,1000 kg/day,Medium,0.03,0.0018,0.0106,0.0041,-,2.0079,1.6439,"5,932.92",3.6518,100
"Fresno, CA",Gas,1000 kg/day,Medium,0.04,0.0018,0.0106,0.0041,-,1.9,1.5453,"7,910.56",3.4453,100
"Fresno, CA",Gas,1000 kg/day,Medium,0.05,0.0018,0.0106,0.0041,-,1.8508,1.6045,"9,888.21",3.4553,100
"Fresno, CA",Gas,1000 kg/day,Medium,0.06,0.0018,0.0106,0.0041,-,1.8779,1.5453,"11,865.85",3.4232,100
"Fresno, CA",Gas,1000 kg/day,Medium,0.07,0.0018,0.0106,0.0041,-,1.8325,1.5876,"13,843.49",3.4201,100
"Fresno, CA",Gas,1000 kg/day,Medium,0.08,0.0018,0.0106,0.0041,-,1.8649,1.5453,"15,821.13",3.4102,100
"Fresno, CA",Gas,1000 kg/day,Medium,0.09,0.0018,0.0106,0.0041,-,1.8305,1.5782,"17,798.77",3.4087,100
"Fresno, CA",Gas,1000 kg/day,Medium,0.10,0.0018,0.0106,0.0041,-,1.8112,1.5453,"19,776.41",3.3565,100
"Fresno, CA",Gas,1000 kg/day,Medium,0.11,0.0018,0.0106,0.0041,-,1.8284,1.5722,"21,754.05",3.4006,100
"Fresno, CA",Gas,1000 kg/day,Medium,0.12,0.0018,0.0106,0.0041,-,1.8133,1.5453,"23,731.69",3.3587,100
"Fresno, CA",Gas,1000 kg/day,Medium,0.13,0.0018,0.0106,0.0041,-,1.8265,1.5681,"25,709.34",3.3946,100
"Fresno, CA",Gas,1000 kg/day,Medium,0.14,0.0018,0.0106,0.0041,-,1.8066,1.5453,"27,686.98",3.352,100
"Fresno, CA",Gas,1000 kg/day,Medium,0.15,0.0018,0.0106,0.0041,-,1.7949,1.5651,"29,664.62",3.36,100
"Fresno, CA",Gas,1000 kg/day,Medium,0.16,0.0018,0.0106,0.0041,-,1.8074,1.5453,"31,642.26",3.3528,100
"Fresno, CA",Gas,1000 kg/day,Medium,0.17,0.0018,0.0106,0.0041,-,1.7977,1.5627,"33,619.90",3.3605,100
"Fresno, CA",Gas,1000 kg/day,Medium,0.18,0.0018,0.0106,0.0041,-,1.8078,1.5453,"35,597.54",3.3532,100
"Fresno, CA",Gas,1000 kg/day,Medium,0.19,0.0018,0.0106,0.0041,-,1.799,1.5298,"37,575.18",3.3288,100
"Fresno, CA",Gas,1000 kg/day,Medium,0.20,0.0018,0.0106,0.0041,-,1.7856,1.5453,"39,552.82",3.331,100
"Fresno, CA",Gas,1000 kg/day,Medium,0.21,0.0018,0.0106,0.0041,-,1.7953,1.5313,"41,530.47",3.3266,100
"Fresno, CA",Gas,1000 kg/day,Medium,0.22,0.0018,0.0106,0.0041,-,1.7882,1.5453,"43,508.11",3.3336,100
"Fresno, CA",Gas,1000 kg/day,Medium,0.23,0.0018,0.0106,0.0041,-,1.7965,1.5325,"45,485.75",3.329,100
"Fresno, CA",Gas,1000 kg/day,Medium,0.24,0.0018,0.0106,0.0041,-,1.7899,1.5453,"47,463.39",3.3353,100
"Fresno, CA",Gas,1000 kg/day,Medium,0.25,0.0018,0.0106,0.0041,-,1.7794,1.5335,"49,441.03",3.3129,100
"Fresno, CA",Gas,1000 kg/day,Medium,0.26,0.0018,0.0106,0.0041,-,1.7912,1.5453,"51,418.67",3.3366,100
"Fresno, CA",Gas,1000 kg/day,Medium,0.27,0.0018,0.0106,0.0041,-,1.7818,1.5344,"53,396.31",3.3162,100
"Fresno, CA",Gas,1000 kg/day,Medium,0.28,0.0018,0.0106,0.0041,-,1.7887,1.5453,"55,373.95",3.3341,100
"Fresno, CA",Gas,1000 kg/day,Medium,0.29,0.0018,0.0106,0.0041,-,1.7835,1.5351,"57,351.59",3.3187,100
"Fresno, CA",Gas,1000 kg/day,Medium,0.30,0.0018,0.0106,0.0041,-,1.7749,1.5453,"59,329.24",3.3203,100
"Fresno, CA",Gas,1000 kg/day,Medium,0.31,0.0018,0.0106,0.0041,-,1.7849,1.5358,"61,306.88",3.3207,100
"Fresno, CA",Gas,1000 kg/day,Medium,0.32,0.0018,0.0106,0.0041,-,1.7771,1.5453,"63,284.52",3.3225,100
"Fresno, CA",Gas,1000 kg/day,Medium,0.33,0.0018,0.0106,0.0041,-,1.7831,1.5364,"65,262.16",3.3195,100
"Fresno, CA",Gas,1000 kg/day,Medium,0.34,0.0018,0.0106,0.0041,-,1.7787,1.5453,"67,239.80",3.3241,100
"Fresno, CA",Gas,1000 kg/day,Medium,0.35,0.0018,0.0106,0.0041,-,1.7714,1.5369,"69,217.44",3.3083,100
"Fresno, CA",Gas,1000 kg/day,Medium,0.36,0.0018,0.0106,0.0041,-,1.7801,1.5289,"71,195.08",3.309,100
"Fresno, CA",Gas,1000 kg/day,Medium,0.37,0.0018,0.0106,0.0041,-,1.7732,1.5374,"73,172.72",3.3106,100
"Fresno, CA",Gas,1000 kg/day,Medium,0.38,0.0018,0.0106,0.0041,-,1.7813,1.5298,"75,150.37",3.3111,100
"Fresno, CA",Gas,1000 kg/day,Medium,0.39,0.0018,0.0106,0.0041,-,1.775,1.5378,"77,128.01",3.3128,100
"Fresno, CA",Gas,1000 kg/day,Medium,0.40,0.0018,0.0106,0.0041,-,1.7687,1.5306,"79,105.65",3.2993,100
"Fresno, CA",Gas,1000 kg/day,Medium,0.41,0.0018,0.0106,0.0041,-,1.7764,1.5381,"81,083.29",3.3146,100
"Fresno, CA",Gas,2000 kg/day,Medium,0.01,0.0018,0.0106,0.0041,-,2.2921,2.3723,"1,977.64",4.6645,100
"Fresno, CA",Gas,2000 kg/day,Medium,0.02,0.0018,0.0106,0.0041,-,1.9511,1.794,"3,955.28",3.7451,100
"Fresno, CA",Gas,2000 kg/day,Medium,0.03,0.0018,0.0106,0.0041,-,2.0079,1.6013,"5,932.92",3.6091,100
"Fresno, CA",Gas,2000 kg/day,Medium,0.04,0.0018,0.0106,0.0041,-,1.9,1.5049,"7,910.56",3.4049,100
"Fresno, CA",Gas,2000 kg/day,Medium,0.05,0.0018,0.0106,0.0041,-,1.8508,1.6784,"9,888.21",3.5292,100
"Fresno, CA",Gas,2000 kg/day,Medium,0.06,0.0018,0.0106,0.0041,-,1.8779,1.6013,"11,865.85",3.4792,100
"Fresno, CA",Gas,2000 kg/day,Medium,0.07,0.0018,0.0106,0.0041,-,1.8325,1.5462,"13,843.49",3.3787,100
"Fresno, CA",Gas,2000 kg/day,Medium,0.08,0.0018,0.0106,0.0041,-,1.8649,1.5049,"15,821.13",3.3698,100
"Fresno, CA",Gas,2000 kg/day,Medium,0.09,0.0018,0.0106,0.0041,-,1.8305,1.6013,"17,798.77",3.4318,100
"Fresno, CA",Gas,2000 kg/day,Medium,0.10,0.0018,0.0106,0.0041,-,1.8112,1.5627,"19,776.41",3.3739,100
"Fresno, CA",Gas,2000 kg/day,Medium,0.11,0.0018,0.0106,0.0041,-,1.8284,1.5312,"21,754.05",3.3596,100
"Fresno, CA",Gas,2000 kg/day,Medium,0.12,0.0018,0.0106,0.0041,-,1.8133,1.5049,"23,731.69",3.3182,100
"Fresno, CA",Gas,2000 kg/day,Medium,0.13,0.0018,0.0106,0.0041,-,1.8265,1.5716,"25,709.34",3.3981,100
"Fresno, CA",Gas,2000 kg/day,Medium,0.14,0.0018,0.0106,0.0041,-,1.8066,1.5462,"27,686.98",3.3528,100
"Fresno, CA",Gas,2000 kg/day,Medium,0.15,0.0018,0.0106,0.0041,-,1.7949,1.5242,"29,664.62",3.3191,100
"Fresno, CA",Gas,2000 kg/day,Medium,0.16,0.0018,0.0106,0.0041,-,1.8074,1.5049,"31,642.26",3.3123,100
"Fresno, CA",Gas,2000 kg/day,Medium,0.17,0.0018,0.0106,0.0041,-,1.7977,1.5559,"33,619.90",3.3537,100
"Fresno, CA",Gas,2000 kg/day,Medium,0.18,0.0018,0.0106,0.0041,-,1.8078,1.537,"35,597.54",3.3448,100
"Fresno, CA",Gas,2000 kg/day,Medium,0.19,0.0018,0.0106,0.0041,-,1.799,1.5201,"37,575.18",3.3191,100
"Fresno, CA",Gas,2000 kg/day,Medium,0.20,0.0018,0.0106,0.0041,-,1.7856,1.5049,"39,552.82",3.2905,100
"Fresno, CA",Gas,2000 kg/day,Medium,0.21,0.0018,0.0106,0.0041,-,1.7953,1.4911,"41,530.47",3.2865,100
"Fresno, CA",Gas,2000 kg/day,Medium,0.22,0.0018,0.0106,0.0041,-,1.7882,1.5312,"43,508.11",3.3194,100
"Fresno, CA",Gas,2000 kg/day,Medium,0.23,0.0018,0.0106,0.0041,-,1.7965,1.5175,"45,485.75",3.314,100
"Fresno, CA",Gas,2000 kg/day,Medium,0.24,0.0018,0.0106,0.0041,-,1.7899,1.5049,"47,463.39",3.2948,100
"Fresno, CA",Gas,2000 kg/day,Medium,0.25,0.0018,0.0106,0.0041,-,1.7794,1.4933,"49,441.03",3.2728,100
"Fresno, CA",Gas,2000 kg/day,Medium,0.26,0.0018,0.0106,0.0041,-,1.7912,1.5271,"51,418.67",3.3184,100
"Fresno, CA",Gas,2000 kg/day,Medium,0.27,0.0018,0.0106,0.0041,-,1.7818,1.5156,"53,396.31",3.2974,100
"Fresno, CA",Gas,2000 kg/day,Medium,0.28,0.0018,0.0106,0.0041,-,1.7887,1.5049,"55,373.95",3.2936,100
"Fresno, CA",Gas,2000 kg/day,Medium,0.29,0.0018,0.0106,0.0041,-,1.7835,1.4949,"57,351.59",3.2785,100
"Fresno, CA",Gas,2000 kg/day,Medium,0.30,0.0018,0.0106,0.0041,-,1.7749,1.5242,"59,329.24",3.2991,100
"Fresno, CA",Gas,2000 kg/day,Medium,0.31,0.0018,0.0106,0.0041,-,1.7849,1.5142,"61,306.88",3.2992,100
"Fresno, CA",Gas,2000 kg/day,Medium,0.32,0.0018,0.0106,0.0041,-,1.7771,1.5049,"63,284.52",3.282,100
"Fresno, CA",Gas,2000 kg/day,Medium,0.33,0.0018,0.0106,0.0041,-,1.7831,1.4961,"65,262.16",3.2793,100
"Fresno, CA",Gas,2000 kg/day,Medium,0.34,0.0018,0.0106,0.0041,-,1.7787,1.5219,"67,239.80",3.3006,100
"Fresno, CA",Gas,2000 kg/day,Medium,0.35,0.0018,0.0106,0.0041,-,1.7714,1.5132,"69,217.44",3.2846,100
"Fresno, CA",Gas,2000 kg/day,Medium,0.36,0.0018,0.0106,0.0041,-,1.7801,1.5049,"71,195.08",3.285,100
"Fresno, CA",Gas,2000 kg/day,Medium,0.37,0.0018,0.0106,0.0041,-,1.7732,1.4971,"73,172.72",3.2703,100
"Fresno, CA",Gas,2000 kg/day,Medium,0.38,0.0018,0.0106,0.0041,-,1.7813,1.4897,"75,150.37",3.271,100
"Fresno, CA",Gas,2000 kg/day,Medium,0.39,0.0018,0.0106,0.0041,-,1.775,1.5123,"77,128.01",3.2874,100
"Fresno, CA",Gas,2000 kg/day,Medium,0.40,0.0018,0.0106,0.0041,-,1.7687,1.5049,"79,105.65",3.2736,100
"Fresno, CA",Gas,2000 kg/day,Medium,0.41,0.0018,0.0106,0.0041,-,1.7764,1.4979,"81,083.29",3.2743,100
"Fresno, CA",Gas,3000 kg/day,Medium,0.01,0.0018,0.0106,0.0041,-,2.2921,1.7112,"1,977.64",4.0034,100
"Fresno, CA",Gas,3000 kg/day,Medium,0.02,0.0018,0.0106,0.0041,-,1.9511,1.7112,"3,955.28",3.6623,100
"Fresno, CA",Gas,3000 kg/day,Medium,0.03,0.0018,0.0106,0.0041,-,2.0079,1.7112,"5,932.92",3.7191,100
"Fresno, CA",Gas,3000 kg/day,Medium,0.04,0.0018,0.0106,0.0041,-,1.9,1.7112,"7,910.56",3.6112,100
"Fresno, CA",Gas,3000 kg/day,Medium,0.05,0.0018,0.0106,0.0041,-,1.8508,1.7112,"9,888.21",3.562,100
"Fresno, CA",Gas,3000 kg/day,Medium,0.06,0.0018,0.0106,0.0041,-,1.8779,1.4347,"11,865.85",3.3126,100
"Fresno, CA",Gas,3000 kg/day,Medium,0.07,0.0018,0.0106,0.0041,-,1.8325,1.4742,"13,843.49",3.3067,100
"Fresno, CA",Gas,3000 kg/day,Medium,0.08,0.0018,0.0106,0.0041,-,1.8649,1.5038,"15,821.13",3.3687,100
"Fresno, CA",Gas,3000 kg/day,Medium,0.09,0.0018,0.0106,0.0041,-,1.8305,1.5269,"17,798.77",3.3574,100
"Fresno, CA",Gas,3000 kg/day,Medium,0.10,0.0018,0.0106,0.0041,-,1.8112,1.5453,"19,776.41",3.3565,100
"Fresno, CA",Gas,3000 kg/day,Medium,0.11,0.0018,0.0106,0.0041,-,1.8284,1.5604,"21,754.05",3.3888,100
"Fresno, CA",Gas,3000 kg/day,Medium,0.12,0.0018,0.0106,0.0041,-,1.8133,1.4347,"23,731.69",3.248,100
"Fresno, CA",Gas,3000 kg/day,Medium,0.13,0.0018,0.0106,0.0041,-,1.8265,1.456,"25,709.34",3.2825,100
"Fresno, CA",Gas,3000 kg/day,Medium,0.14,0.0018,0.0106,0.0041,-,1.8066,1.4742,"27,686.98",3.2808,100
"Fresno, CA",Gas,3000 kg/day,Medium,0.15,0.0018,0.0106,0.0041,-,1.7949,1.49,"29,664.62",3.2849,100
"Fresno, CA",Gas,3000 kg/day,Medium,0.16,0.0018,0.0106,0.0041,-,1.8074,1.5038,"31,642.26",3.3113,100
"Fresno, CA",Gas,3000 kg/day,Medium,0.17,0.0018,0.0106,0.0041,-,1.7977,1.516,"33,619.90",3.3138,100
"Fresno, CA",Gas,3000 kg/day,Medium,0.18,0.0018,0.0106,0.0041,-,1.8078,1.4347,"35,597.54",3.2425,100
"Fresno, CA",Gas,3000 kg/day,Medium,0.19,0.0018,0.0106,0.0041,-,1.799,1.4493,"37,575.18",3.2483,100
"Fresno, CA",Gas,3000 kg/day,Medium,0.20,0.0018,0.0106,0.0041,-,1.7856,1.4624,"39,552.82",3.248,100
"Fresno, CA",Gas,3000 kg/day,Medium,0.21,0.0018,0.0106,0.0041,-,1.7953,1.4742,"41,530.47",3.2695,100
"Fresno, CA",Gas,3000 kg/day,Medium,0.22,0.0018,0.0106,0.0041,-,1.7882,1.485,"43,508.11",3.2732,100
"Fresno, CA",Gas,3000 kg/day,Medium,0.23,0.0018,0.0106,0.0041,-,1.7965,1.4227,"45,485.75",3.2192,100
"Fresno, CA",Gas,3000 kg/day,Medium,0.24,0.0018,0.0106,0.0041,-,1.7899,1.4347,"47,463.39",3.2246,100
"Fresno, CA",Gas,3000 kg/day,Medium,0.25,0.0018,0.0106,0.0041,-,1.7794,1.4458,"49,441.03",3.2252,100
"Fresno, CA",Gas,3000 kg/day,Medium,0.26,0.0018,0.0106,0.0041,-,1.7912,1.456,"51,418.67",3.2472,100
"Fresno, CA",Gas,3000 kg/day,Medium,0.27,0.0018,0.0106,0.0041,-,1.7818,1.4654,"53,396.31",3.2473,100
"Fresno, CA",Gas,3000 kg/day,Medium,0.28,0.0018,0.0106,0.0041,-,1.7887,1.4742,"55,373.95",3.2629,100
"Fresno, CA",Gas,3000 kg/day,Medium,0.29,0.0018,0.0106,0.0041,-,1.7835,1.4252,"57,351.59",3.2087,100
"Fresno, CA",Gas,3000 kg/day,Medium,0.30,0.0018,0.0106,0.0041,-,1.7749,1.4347,"59,329.24",3.2096,100
"Fresno, CA",Gas,3000 kg/day,Medium,0.31,0.0018,0.0106,0.0041,-,1.7849,1.4436,"61,306.88",3.2286,100
"Fresno, CA",Gas,3000 kg/day,Medium,0.32,0.0018,0.0106,0.0041,-,1.7771,1.452,"63,284.52",3.2291,100
"Fresno, CA",Gas,3000 kg/day,Medium,0.33,0.0018,0.0106,0.0041,-,1.7831,1.4598,"65,262.16",3.243,100
"Fresno, CA",Gas,3000 kg/day,Medium,0.34,0.0018,0.0106,0.0041,-,1.7787,1.4672,"67,239.80",3.246,100
"Fresno, CA",Gas,3000 kg/day,Medium,0.35,0.0018,0.0106,0.0041,-,1.7714,1.4268,"69,217.44",3.1982,100
"Fresno, CA",Gas,3000 kg/day,Medium,0.36,0.0018,0.0106,0.0041,-,1.7801,1.4347,"71,195.08",3.2148,100
"Fresno, CA",Gas,3000 kg/day,Medium,0.37,0.0018,0.0106,0.0041,-,1.7732,1.4422,"73,172.72",3.2154,100
"Fresno, CA",Gas,3000 kg/day,Medium,0.38,0.0018,0.0106,0.0041,-,1.7813,1.4493,"75,150.37",3.2306,100
"Fresno, CA",Gas,3000 kg/day,Medium,0.39,0.0018,0.0106,0.0041,-,1.775,1.456,"77,128.01",3.231,100
"Fresno, CA",Gas,3000 kg/day,Medium,0.40,0.0018,0.0106,0.0041,-,1.7687,1.4209,"79,105.65",3.1896,100
"Fresno, CA",Gas,3000 kg/day,Medium,0.41,0.0018,0.0106,0.0041,-,1.7764,1.428,"81,083.29",3.2044,100
"Fresno, CA",Liquid,1000 kg/day,Medium,0.01,0.03,0.0255,0.0155,-,3.4619,1.1227,"1,977.64",4.5847,100
"Fresno, CA",Liquid,1000 kg/day,Medium,0.02,0.03,0.0255,0.0155,-,3.2458,0.9389,"3,955.28",4.1848,100
"Fresno, CA",Liquid,1000 kg/day,Medium,0.03,0.03,0.0255,0.0155,-,3.1574,1.0002,"5,932.92",4.1577,100
"Fresno, CA",Liquid,1000 kg/day,Medium,0.04,0.03,0.0255,0.0155,-,3.2335,0.9389,"7,910.56",4.1725,100
"Fresno, CA",Liquid,1000 kg/day,Medium,0.05,0.03,0.0255,0.0155,-,3.183,0.9757,"9,888.21",4.1587,100
"Fresno, CA",Liquid,1000 kg/day,Medium,0.06,0.03,0.0255,0.0155,-,3.1574,0.9389,"11,865.85",4.0964,100
"Fresno, CA",Liquid,1000 kg/day,Medium,0.07,0.03,0.0255,0.0155,-,3.1939,0.9652,"13,843.49",4.1591,100
"Fresno, CA",Liquid,1000 kg/day,Medium,0.08,0.03,0.0255,0.0155,-,3.1734,0.9389,"15,821.13",4.1124,100
"Fresno, CA",Liquid,1000 kg/day,Medium,0.09,0.03,0.0255,0.0155,-,3.1184,0.9594,"17,798.77",4.0778,100
"Fresno, CA",Liquid,1000 kg/day,Medium,0.10,0.03,0.0255,0.0155,-,3.1169,0.9389,"19,776.41",4.0559,100
"Fresno, CA",Liquid,1000 kg/day,Medium,0.11,0.03,0.0255,0.0155,-,3.0697,0.9556,"21,754.05",4.0254,100
"Fresno, CA",Liquid,1000 kg/day,Medium,0.12,0.03,0.0255,0.0155,-,3.0326,0.9389,"23,731.69",3.9716,100
"Fresno, CA",Liquid,1000 kg/day,Medium,0.13,0.03,0.0255,0.0155,-,3.0292,0.9531,"25,709.34",3.9823,100
"Fresno, CA",Liquid,1000 kg/day,Medium,0.14,0.03,0.0255,0.0155,-,2.9976,0.9389,"27,686.98",3.9366,100
"Fresno, CA",Liquid,1000 kg/day,Medium,0.15,0.03,0.0255,0.0155,-,2.9659,0.9512,"29,664.62",3.9171,100
"Fresno, CA",Liquid,1000 kg/day,Medium,0.16,0.03,0.0255,0.0155,-,2.9673,0.9389,"31,642.26",3.9063,100
"Fresno, CA",Liquid,1000 kg/day,Medium,0.17,0.03,0.0255,0.0155,-,2.9423,0.9498,"33,619.90",3.8921,100
"Fresno, CA",Liquid,1000 kg/day,Medium,0.18,0.03,0.0255,0.0155,-,2.9166,0.9389,"35,597.54",3.8556,100
"Fresno, CA",Liquid,1000 kg/day,Medium,0.19,0.03,0.0255,0.0155,-,2.8956,0.9293,"37,575.18",3.8249,100
"Fresno, CA",Liquid,1000 kg/day,Medium,0.20,0.03,0.0255,0.0155,-,2.8952,0.9389,"39,552.82",3.8342,100
"Fresno, CA",Liquid,1000 kg/day,Medium,0.21,0.03,0.0255,0.0155,-,2.8762,0.9302,"41,530.47",3.8064,100
"Fresno, CA",Liquid,1000 kg/day,Medium,0.22,0.03,0.0255,0.0155,-,2.8562,0.9389,"43,508.11",3.7952,100
"Fresno, CA",Liquid,1000 kg/day,Medium,0.23,0.03,0.0255,0.0155,-,2.8584,0.9309,"45,485.75",3.7894,100
"Fresno, CA",Liquid,1000 kg/day,Medium,0.24,0.03,0.0255,0.0155,-,2.84,0.9389,"47,463.39",3.779,100
"Fresno, CA",Liquid,1000 kg/day,Medium,0.25,0.03,0.0255,0.0155,-,2.8248,0.9316,"49,441.03",3.7564,100
"Fresno, CA",Liquid,1000 kg/day,Medium,0.26,0.03,0.0255,0.0155,-,2.8251,0.9389,"51,418.67",3.7641,100
"Fresno, CA",Liquid,1000 kg/day,Medium,0.27,0.03,0.0255,0.0155,-,2.8109,0.9321,"53,396.31",3.7431,100
"Fresno, CA",Liquid,1000 kg/day,Medium,0.28,0.03,0.0255,0.0155,-,2.7957,0.9389,"55,373.95",3.7347,100
"Fresno, CA",Liquid,1000 kg/day,Medium,0.29,0.03,0.0255,0.0155,-,2.7979,0.9326,"57,351.59",3.7305,100
"Fresno, CA",Liquid,1000 kg/day,Medium,0.30,0.03,0.0255,0.0155,-,2.7837,0.9389,"59,329.24",3.7227,100
"Fresno, CA",Liquid,1000 kg/day,Medium,0.31,0.03,0.0255,0.0155,-,2.7718,0.933,"61,306.88",3.7049,100
"Fresno, CA",Liquid,1000 kg/day,Medium,0.32,0.03,0.0255,0.0155,-,2.7739,0.9389,"63,284.52",3.7129,100
"Fresno, CA",Liquid,1000 kg/day,Medium,0.33,0.03,0.0255,0.0155,-,2.7612,0.9334,"65,262.16",3.6946,100
"Fresno, CA",Liquid,1000 kg/day,Medium,0.34,0.03,0.0255,0.0155,-,2.7504,0.9389,"67,239.80",3.6894,100
"Fresno, CA",Liquid,1000 kg/day,Medium,0.35,0.03,0.0255,0.0155,-,2.7387,0.9337,"69,217.44",3.6724,100
"Fresno, CA",Liquid,1000 kg/day,Medium,0.36,0.03,0.0255,0.0155,-,2.7409,0.9287,"71,195.08",3.6697,100
"Fresno, CA",Liquid,1000 kg/day,Medium,0.37,0.03,0.0255,0.0155,-,2.7298,0.934,"73,172.72",3.6638,100
"Fresno, CA",Liquid,1000 kg/day,Medium,0.38,0.03,0.0255,0.0155,-,2.7205,0.9293,"75,150.37",3.6498,100
"Fresno, CA",Liquid,1000 kg/day,Medium,0.39,0.03,0.0255,0.0155,-,2.7213,0.9342,"77,128.01",3.6556,100
"Fresno, CA",Liquid,1000 kg/day,Medium,0.40,0.03,0.0255,0.0155,-,2.7124,0.9298,"79,105.65",3.6422,100
"Fresno, CA",Liquid,1000 kg/day,Medium,0.41,0.03,0.0255,0.0155,-,2.7026,0.9345,"81,083.29",3.6371,100
"Fresno, CA",Liquid,2000 kg/day,Medium,0.01,0.03,0.0255,0.0155,-,3.4619,1.0029,"1,977.64",4.4649,100
"Fresno, CA",Liquid,2000 kg/day,Medium,0.02,0.03,0.0255,0.0155,-,3.2458,0.7572,"3,955.28",4.003,100
"Fresno, CA",Liquid,2000 kg/day,Medium,0.03,0.03,0.0255,0.0155,-,3.1574,0.6753,"5,932.92",3.8327,100
"Fresno, CA",Liquid,2000 kg/day,Medium,0.04,0.03,0.0255,0.0155,-,3.2335,0.6343,"7,910.56",3.8679,100
"Fresno, CA",Liquid,2000 kg/day,Medium,0.05,0.03,0.0255,0.0155,-,3.183,0.708,"9,888.21",3.8911,100
"Fresno, CA",Liquid,2000 kg/day,Medium,0.06,0.03,0.0255,0.0155,-,3.1574,0.6753,"11,865.85",3.8327,100
"Fresno, CA",Liquid,2000 kg/day,Medium,0.07,0.03,0.0255,0.0155,-,3.1939,0.6519,"13,843.49",3.8458,100
"Fresno, CA",Liquid,2000 kg/day,Medium,0.08,0.03,0.0255,0.0155,-,3.1734,0.6343,"15,821.13",3.8078,100
"Fresno, CA",Liquid,2000 kg/day,Medium,0.09,0.03,0.0255,0.0155,-,3.1184,0.6753,"17,798.77",3.7937,100
"Fresno, CA",Liquid,2000 kg/day,Medium,0.10,0.03,0.0255,0.0155,-,3.1169,0.6589,"19,776.41",3.7758,100
"Fresno, CA",Liquid,2000 kg/day,Medium,0.11,0.03,0.0255,0.0155,-,3.0697,0.6455,"21,754.05",3.7152,100
"Fresno, CA",Liquid,2000 kg/day,Medium,0.12,0.03,0.0255,0.0155,-,3.0326,0.6343,"23,731.69",3.667,100
"Fresno, CA",Liquid,2000 kg/day,Medium,0.13,0.03,0.0255,0.0155,-,3.0292,0.6627,"25,709.34",3.6919,100
"Fresno, CA",Liquid,2000 kg/day,Medium,0.14,0.03,0.0255,0.0155,-,2.9976,0.6519,"27,686.98",3.6495,100
"Fresno, CA",Liquid,2000 kg/day,Medium,0.15,0.03,0.0255,0.0155,-,2.9659,0.6425,"29,664.62",3.6085,100
"Fresno, CA",Liquid,2000 kg/day,Medium,0.16,0.03,0.0255,0.0155,-,2.9673,0.6343,"31,642.26",3.6017,100
"Fresno, CA",Liquid,2000 kg/day,Medium,0.17,0.03,0.0255,0.0155,-,2.9423,0.656,"33,619.90",3.5983,100
"Fresno, CA",Liquid,2000 kg/day,Medium,0.18,0.03,0.0255,0.0155,-,2.9166,0.648,"35,597.54",3.5646,100
"Fresno, CA",Liquid,2000 kg/day,Medium,0.19,0.03,0.0255,0.0155,-,2.8956,0.6408,"37,575.18",3.5364,100
"Fresno, CA",Liquid,2000 kg/day,Medium,0.20,0.03,0.0255,0.0155,-,2.8952,0.6343,"39,552.82",3.5296,100
"Fresno, CA",Liquid,2000 kg/day,Medium,0.21,0.03,0.0255,0.0155,-,2.8762,0.6285,"41,530.47",3.5047,100
"Fresno, CA",Liquid,2000 kg/day,Medium,0.22,0.03,0.0255,0.0155,-,2.8562,0.6455,"43,508.11",3.5017,100
"Fresno, CA",Liquid,2000 kg/day,Medium,0.23,0.03,0.0255,0.0155,-,2.8584,0.6397,"45,485.75",3.4981,100
"Fresno, CA",Liquid,2000 kg/day,Medium,0.24,0.03,0.0255,0.0155,-,2.84,0.6343,"47,463.39",3.4744,100
"Fresno, CA",Liquid,2000 kg/day,Medium,0.25,0.03,0.0255,0.0155,-,2.8248,0.6294,"49,441.03",3.4542,100
"Fresno, CA",Liquid,2000 kg/day,Medium,0.26,0.03,0.0255,0.0155,-,2.8251,0.6438,"51,418.67",3.4689,100
"Fresno, CA",Liquid,2000 kg/day,Medium,0.27,0.03,0.0255,0.0155,-,2.8109,0.6389,"53,396.31",3.4498,100
"Fresno, CA",Liquid,2000 kg/day,Medium,0.28,0.03,0.0255,0.0155,-,2.7957,0.6343,"55,373.95",3.4301,100
"Fresno, CA",Liquid,2000 kg/day,Medium,0.29,0.03,0.0255,0.0155,-,2.7979,0.6301,"57,351.59",3.428,100
"Fresno, CA",Liquid,2000 kg/day,Medium,0.30,0.03,0.0255,0.0155,-,2.7837,0.6425,"59,329.24",3.4263,100
"Fresno, CA",Liquid,2000 kg/day,Medium,0.31,0.03,0.0255,0.0155,-,2.7718,0.6383,"61,306.88",3.4101,100
"Fresno, CA",Liquid,2000 kg/day,Medium,0.32,0.03,0.0255,0.0155,-,2.7739,0.6343,"63,284.52",3.4083,100
"Fresno, CA",Liquid,2000 kg/day,Medium,0.33,0.03,0.0255,0.0155,-,2.7612,0.6306,"65,262.16",3.3918,100
"Fresno, CA",Liquid,2000 kg/day,Medium,0.34,0.03,0.0255,0.0155,-,2.7504,0.6415,"67,239.80",3.392,100
"Fresno, CA",Liquid,2000 kg/day,Medium,0.35,0.03,0.0255,0.0155,-,2.7387,0.6378,"69,217.44",3.3766,100
"Fresno, CA",Liquid,2000 kg/day,Medium,0.36,0.03,0.0255,0.0155,-,2.7409,0.6343,"71,195.08",3.3753,100
"Fresno, CA",Liquid,2000 kg/day,Medium,0.37,0.03,0.0255,0.0155,-,2.7298,0.631,"73,172.72",3.3608,100
"Fresno, CA",Liquid,2000 kg/day,Medium,0.38,0.03,0.0255,0.0155,-,2.7205,0.6278,"75,150.37",3.3484,100
"Fresno, CA",Liquid,2000 kg/day,Medium,0.39,0.03,0.0255,0.0155,-,2.7213,0.6375,"77,128.01",3.3588,100
"Fresno, CA",Liquid,2000 kg/day,Medium,0.40,0.03,0.0255,0.0155,-,2.7124,0.6343,"79,105.65",3.3468,100
"Fresno, CA",Liquid,2000 kg/day,Medium,0.41,0.03,0.0255,0.0155,-,2.7026,0.6313,"81,083.29",3.334,100
"Fresno, CA",Liquid,3000 kg/day,Medium,0.01,0.03,0.0255,0.0155,-,3.4619,0.7176,"1,977.64",4.1795,100
"Fresno, CA",Liquid,3000 kg/day,Medium,0.02,0.03,0.0255,0.0155,-,3.2458,0.7176,"3,955.28",3.9634,100
"Fresno, CA",Liquid,3000 kg/day,Medium,0.03,0.03,0.0255,0.0155,-,3.1574,0.7176,"5,932.92",3.875,100
"Fresno, CA",Liquid,3000 kg/day,Medium,0.04,0.03,0.0255,0.0155,-,3.2335,0.7176,"7,910.56",3.9511,100
"Fresno, CA",Liquid,3000 kg/day,Medium,0.05,0.03,0.0255,0.0155,-,3.183,0.7176,"9,888.21",3.9006,100
"Fresno, CA",Liquid,3000 kg/day,Medium,0.06,0.03,0.0255,0.0155,-,3.1574,0.6013,"11,865.85",3.7588,100
"Fresno, CA",Liquid,3000 kg/day,Medium,0.07,0.03,0.0255,0.0155,-,3.1939,0.6179,"13,843.49",3.8119,100
"Fresno, CA",Liquid,3000 kg/day,Medium,0.08,0.03,0.0255,0.0155,-,3.1734,0.6304,"15,821.13",3.8038,100
"Fresno, CA",Liquid,3000 kg/day,Medium,0.09,0.03,0.0255,0.0155,-,3.1184,0.6401,"17,798.77",3.7585,100
"Fresno, CA",Liquid,3000 kg/day,Medium,0.10,0.03,0.0255,0.0155,-,3.1169,0.6478,"19,776.41",3.7648,100
"Fresno, CA",Liquid,3000 kg/day,Medium,0.11,0.03,0.0255,0.0155,-,3.0697,0.6542,"21,754.05",3.7239,100
"Fresno, CA",Liquid,3000 kg/day,Medium,0.12,0.03,0.0255,0.0155,-,3.0326,0.6013,"23,731.69",3.634,100
"Fresno, CA",Liquid,3000 kg/day,Medium,0.13,0.03,0.0255,0.0155,-,3.0292,0.6103,"25,709.34",3.6395,100
"Fresno, CA",Liquid,3000 kg/day,Medium,0.14,0.03,0.0255,0.0155,-,2.9976,0.6179,"27,686.98",3.6156,100
"Fresno, CA",Liquid,3000 kg/day,Medium,0.15,0.03,0.0255,0.0155,-,2.9659,0.6246,"29,664.62",3.5905,100
"Fresno, CA",Liquid,3000 kg/day,Medium,0.16,0.03,0.0255,0.0155,-,2.9673,0.6304,"31,642.26",3.5977,100
"Fresno, CA",Liquid,3000 kg/day,Medium,0.17,0.03,0.0255,0.0155,-,2.9423,0.6355,"33,619.90",3.5779,100
"Fresno, CA",Liquid,3000 kg/day,Medium,0.18,0.03,0.0255,0.0155,-,2.9166,0.6013,"35,597.54",3.518,100
"Fresno, CA",Liquid,3000 kg/day,Medium,0.19,0.03,0.0255,0.0155,-,2.8956,0.6074,"37,575.18",3.5031,100
"Fresno, CA",Liquid,3000 kg/day,Medium,0.20,0.03,0.0255,0.0155,-,2.8952,0.6129,"39,552.82",3.5082,100
"Fresno, CA",Liquid,3000 kg/day,Medium,0.21,0.03,0.0255,0.0155,-,2.8762,0.6179,"41,530.47",3.4942,100
"Fresno, CA",Liquid,3000 kg/day,Medium,0.22,0.03,0.0255,0.0155,-,2.8562,0.6225,"43,508.11",3.4787,100
"Fresno, CA",Liquid,3000 kg/day,Medium,0.23,0.03,0.0255,0.0155,-,2.8584,0.5963,"45,485.75",3.4547,100
"Fresno, CA",Liquid,3000 kg/day,Medium,0.24,0.03,0.0255,0.0155,-,2.84,0.6013,"47,463.39",3.4414,100
"Fresno, CA",Liquid,3000 kg/day,Medium,0.25,0.03,0.0255,0.0155,-,2.8248,0.606,"49,441.03",3.4308,100
"Fresno, CA",Liquid,3000 kg/day,Medium,0.26,0.03,0.0255,0.0155,-,2.8251,0.6103,"51,418.67",3.4354,100
"Fresno, CA",Liquid,3000 kg/day,Medium,0.27,0.03,0.0255,0.0155,-,2.8109,0.6142,"53,396.31",3.4252,100
"Fresno, CA",Liquid,3000 kg/day,Medium,0.28,0.03,0.0255,0.0155,-,2.7957,0.6179,"55,373.95",3.4137,100
"Fresno, CA",Liquid,3000 kg/day,Medium,0.29,0.03,0.0255,0.0155,-,2.7979,0.5973,"57,351.59",3.3952,100
"Fresno, CA",Liquid,3000 kg/day,Medium,0.30,0.03,0.0255,0.0155,-,2.7837,0.6013,"59,329.24",3.3851,100
"Fresno, CA",Liquid,3000 kg/day,Medium,0.31,0.03,0.0255,0.0155,-,2.7718,0.6051,"61,306.88",3.3769,100
"Fresno, CA",Liquid,3000 kg/day,Medium,0.32,0.03,0.0255,0.0155,-,2.7739,0.6086,"63,284.52",3.3825,100
"Fresno, CA",Liquid,3000 kg/day,Medium,0.33,0.03,0.0255,0.0155,-,2.7612,0.6119,"65,262.16",3.3731,100
"Fresno, CA",Liquid,3000 kg/day,Medium,0.34,0.03,0.0255,0.0155,-,2.7504,0.615,"67,239.80",3.3654,100
"Fresno, CA",Liquid,3000 kg/day,Medium,0.35,0.03,0.0255,0.0155,-,2.7387,0.598,"69,217.44",3.3367,100
"Fresno, CA",Liquid,3000 kg/day,Medium,0.36,0.03,0.0255,0.0155,-,2.7409,0.6013,"71,195.08",3.3423,100
"Fresno, CA",Liquid,3000 kg/day,Medium,0.37,0.03,0.0255,0.0155,-,2.7298,0.6045,"73,172.72",3.3343,100
"Fresno, CA",Liquid,3000 kg/day,Medium,0.38,0.03,0.0255,0.0155,-,2.7205,0.6074,"75,150.37",3.328,100
"Fresno, CA",Liquid,3000 kg/day,Medium,0.39,0.03,0.0255,0.0155,-,2.7213,0.6103,"77,128.01",3.3316,100
"Fresno, CA",Liquid,3000 kg/day,Medium,0.40,0.03,0.0255,0.0155,-,2.7124,0.5955,"79,105.65",3.3079,100
"Fresno, CA",Liquid,3000 kg/day,Medium,0.41,0.03,0.0255,0.0155,-,2.7026,0.5985,"81,083.29",3.3011,100
"Fresno, CA",Pipe,1000 kg/day,Medium,0.01,0.0255,0.0003,0.0041,9.7679,20.6166,2.2536,"1,977.64",32.6381,100
"Fresno, CA",Pipe,1000 kg/day,Medium,0.02,0.0255,0.0003,0.0041,6.303,10.4509,1.9084,"3,955.28",18.6623,100
"Fresno, CA",Pipe,1000 kg/day,Medium,0.03,0.0255,0.0003,0.0041,5.3157,7.0704,2.0235,"5,932.92",14.4096,100
"Fresno, CA",Pipe,1000 kg/day,Medium,0.04,0.0255,0.0003,0.0041,4.4621,5.3622,1.9084,"7,910.56",11.7326,100
"Fresno, CA",Pipe,1000 kg/day,Medium,0.05,0.0255,0.0003,0.0041,4.0728,4.3508,1.9774,"9,888.21",10.401,100
"Fresno, CA",Pipe,1000 kg/day,Medium,0.06,0.0255,0.0003,0.0041,3.6529,3.6635,1.9084,"11,865.85",9.2248,100
"Fresno, CA",Pipe,1000 kg/day,Medium,0.07,0.0255,0.0003,0.0041,3.4357,3.1741,1.9577,"13,843.49",8.5676,100
"Fresno, CA",Pipe,1000 kg/day,Medium,0.08,0.0255,0.0003,0.0041,3.1731,2.8143,1.9084,"15,821.13",7.8958,100
"Fresno, CA",Pipe,1000 kg/day,Medium,0.09,0.0255,0.0003,0.0041,3.0296,2.5262,1.9468,"17,798.77",7.5026,100
"Fresno, CA",Pipe,1000 kg/day,Medium,0.10,0.0255,0.0003,0.0041,2.8495,2.2965,1.9084,"19,776.41",7.0544,100
"Fresno, CA",Pipe,1000 kg/day,Medium,0.11,0.0255,0.0003,0.0041,2.7472,2.1154,1.9398,"21,754.05",6.8023,100
"Fresno, CA",Pipe,1000 kg/day,Medium,0.12,0.0255,0.0003,0.0041,2.6138,1.957,1.9084,"23,731.69",6.4792,100
"Fresno, CA",Pipe,1000 kg/day,Medium,0.13,0.0255,0.0003,0.0041,2.5294,1.8232,1.935,"25,709.34",6.2875,100
"Fresno, CA",Pipe,1000 kg/day,Medium,0.14,0.0255,0.0003,0.0041,2.4231,1.7089,1.9084,"27,686.98",6.0404,100
"Fresno, CA",Pipe,1000 kg/day,Medium,0.15,0.0255,0.0003,0.0041,2.3602,1.6101,1.9314,"29,664.62",5.9017,100
"Fresno, CA",Pipe,1000 kg/day,Medium,0.16,0.0255,0.0003,0.0041,2.2747,1.5373,1.9084,"31,642.26",5.7204,100
"Fresno, CA",Pipe,1000 kg/day,Medium,0.17,0.0255,0.0003,0.0041,2.2236,1.4585,1.9287,"33,619.90",5.6108,100
"Fresno, CA",Pipe,1000 kg/day,Medium,0.18,0.0255,0.0003,0.0041,2.1529,1.3885,1.9084,"35,597.54",5.4498,100
"Fresno, CA",Pipe,1000 kg/day,Medium,0.19,0.0255,0.0003,0.0041,2.089,1.326,1.8902,"37,575.18",5.3052,100
"Fresno, CA",Pipe,1000 kg/day,Medium,0.20,0.0255,0.0003,0.0041,2.0508,1.2699,1.9084,"39,552.82",5.2291,100
"Fresno, CA",Pipe,1000 kg/day,Medium,0.21,0.0255,0.0003,0.0041,1.9965,1.2191,1.892,"41,530.47",5.1076,100
"Fresno, CA",Pipe,1000 kg/day,Medium,0.22,0.0255,0.0003,0.0041,1.9639,1.1732,1.9084,"43,508.11",5.0455,100
"Fresno, CA",Pipe,1000 kg/day,Medium,0.23,0.0255,0.0003,0.0041,1.917,1.1314,1.8934,"45,485.75",4.9417,100
"Fresno, CA",Pipe,1000 kg/day,Medium,0.24,0.0255,0.0003,0.0041,1.8819,1.0931,1.9084,"47,463.39",4.8833,100
"Fresno, CA",Pipe,1000 kg/day,Medium,0.25,0.0255,0.0003,0.0041,1.8397,1.0579,1.8946,"49,441.03",4.7922,100
"Fresno, CA",Pipe,1000 kg/day,Medium,0.26,0.0255,0.0003,0.0041,1.814,1.0256,1.9084,"51,418.67",4.748,100
"Fresno, CA",Pipe,1000 kg/day,Medium,0.27,0.0255,0.0003,0.0041,1.7767,0.9957,1.8956,"53,396.31",4.668,100
"Fresno, CA",Pipe,1000 kg/day,Medium,0.28,0.0255,0.0003,0.0041,1.7539,0.9681,1.9084,"55,373.95",4.6304,100
"Fresno, CA",Pipe,1000 kg/day,Medium,0.29,0.0255,0.0003,0.0041,1.7207,0.949,1.8965,"57,351.59",4.5662,100
"Fresno, CA",Pipe,1000 kg/day,Medium,0.30,0.0255,0.0003,0.0041,1.7003,0.9239,1.9084,"59,329.24",4.5327,100
"Fresno, CA",Pipe,1000 kg/day,Medium,0.31,0.0255,0.0003,0.0041,1.6705,0.9004,1.8973,"61,306.88",4.4682,100
"Fresno, CA",Pipe,1000 kg/day,Medium,0.32,0.0255,0.0003,0.0041,1.6523,0.8785,1.9084,"63,284.52",4.4393,100
"Fresno, CA",Pipe,1000 kg/day,Medium,0.33,0.0255,0.0003,0.0041,1.6253,0.8579,1.8979,"65,262.16",4.3812,100
"Fresno, CA",Pipe,1000 kg/day,Medium,0.34,0.0255,0.0003,0.0041,1.6088,0.8386,1.9084,"67,239.80",4.3558,100
"Fresno, CA",Pipe,1000 kg/day,Medium,0.35,0.0255,0.0003,0.0041,1.5843,0.8204,1.8985,"69,217.44",4.3033,100
"Fresno, CA",Pipe,1000 kg/day,Medium,0.36,0.0255,0.0003,0.0041,1.561,0.8032,1.8892,"71,195.08",4.2534,100
"Fresno, CA",Pipe,1000 kg/day,Medium,0.37,0.0255,0.0003,0.0041,1.5469,0.7871,1.8991,"73,172.72",4.2331,100
"Fresno, CA",Pipe,1000 kg/day,Medium,0.38,0.0255,0.0003,0.0041,1.5256,0.7718,1.8902,"75,150.37",4.1875,100
"Fresno, CA",Pipe,1000 kg/day,Medium,0.39,0.0255,0.0003,0.0041,1.5126,0.7573,1.8995,"77,128.01",4.1694,100
"Fresno, CA",Pipe,1000 kg/day,Medium,0.40,0.0255,0.0003,0.0041,1.4868,0.7436,1.8911,"79,105.65",4.1215,100
"Fresno, CA",Pipe,1000 kg/day,Medium,0.41,0.0255,0.0003,0.0041,1.4744,0.7306,1.9,"81,083.29",4.1049,100
"Fresno, CA",Pipe,2000 kg/day,Medium,0.01,0.0255,0.0003,0.0041,8.0056,20.6166,2.9076,"1,977.64",31.5298,100
"Fresno, CA",Pipe,2000 kg/day,Medium,0.02,0.0255,0.0003,0.0041,4.9078,10.4509,2.2262,"3,955.28",17.585,100
"Fresno, CA",Pipe,2000 kg/day,Medium,0.03,0.0255,0.0003,0.0041,3.7838,7.0704,1.9991,"5,932.92",12.8533,100
"Fresno, CA",Pipe,2000 kg/day,Medium,0.04,0.0255,0.0003,0.0041,3.1797,5.3622,1.8856,"7,910.56",10.4274,100
"Fresno, CA",Pipe,2000 kg/day,Medium,0.05,0.0255,0.0003,0.0041,3.009,4.3508,2.09,"9,888.21",9.4497,100
"Fresno, CA",Pipe,2000 kg/day,Medium,0.06,0.0255,0.0003,0.0041,2.6876,3.6635,1.9991,"11,865.85",8.3502,100
"Fresno, CA",Pipe,2000 kg/day,Medium,0.07,0.0255,0.0003,0.0041,2.4473,3.1741,1.9342,"13,843.49",7.5556,100
"Fresno, CA",Pipe,2000 kg/day,Medium,0.08,0.0255,0.0003,0.0041,2.2626,2.8143,1.8856,"15,821.13",6.9624,100
"Fresno, CA",Pipe,2000 kg/day,Medium,0.09,0.0255,0.0003,0.0041,2.2067,2.5262,1.9991,"17,798.77",6.732,100
"Fresno, CA",Pipe,2000 kg/day,Medium,0.10,0.0255,0.0003,0.0041,2.0734,2.2965,1.9537,"19,776.41",6.3236,100
"Fresno, CA",Pipe,2000 kg/day,Medium,0.11,0.0255,0.0003,0.0041,1.9624,2.1154,1.9165,"21,754.05",5.9943,100
"Fresno, CA",Pipe,2000 kg/day,Medium,0.12,0.0255,0.0003,0.0041,1.8607,1.957,1.8856,"23,731.69",5.7032,100
"Fresno, CA",Pipe,2000 kg/day,Medium,0.13,0.0255,0.0003,0.0041,1.8308,1.8232,1.9642,"25,709.34",5.6181,100
"Fresno, CA",Pipe,2000 kg/day,Medium,0.14,0.0255,0.0003,0.0041,1.7532,1.7089,1.9342,"27,686.98",5.3963,100
"Fresno, CA",Pipe,2000 kg/day,Medium,0.15,0.0255,0.0003,0.0041,1.6852,1.6101,1.9083,"29,664.62",5.2036,100
"Fresno, CA",Pipe,2000 kg/day,Medium,0.16,0.0255,0.0003,0.0041,1.6249,1.5373,1.8856,"31,642.26",5.0478,100
"Fresno, CA",Pipe,2000 kg/day,Medium,0.17,0.0255,0.0003,0.0041,1.6069,1.4585,1.9457,"33,619.90",5.0111,100
"Fresno, CA",Pipe,2000 kg/day,Medium,0.18,0.0255,0.0003,0.0041,1.556,1.3885,1.9234,"35,597.54",4.8679,100
"Fresno, CA",Pipe,2000 kg/day,Medium,0.19,0.0255,0.0003,0.0041,1.51,1.326,1.9035,"37,575.18",4.7395,100
"Fresno, CA",Pipe,2000 kg/day,Medium,0.20,0.0255,0.0003,0.0041,1.4628,1.2699,1.8856,"39,552.82",4.6182,100
"Fresno, CA",Pipe,2000 kg/day,Medium,0.21,0.0255,0.0003,0.0041,1.4235,1.2191,1.8693,"41,530.47",4.5119,100
"Fresno, CA",Pipe,2000 kg/day,Medium,0.22,0.0255,0.0003,0.0041,1.4121,1.1732,1.9165,"43,508.11",4.5019,100
"Fresno, CA",Pipe,2000 kg/day,Medium,0.23,0.0255,0.0003,0.0041,1.3775,1.1314,1.9004,"45,485.75",4.4092,100
"Fresno, CA",Pipe,2000 kg/day,Medium,0.24,0.0255,0.0003,0.0041,1.3454,1.0931,1.8856,"47,463.39",4.324,100
"Fresno, CA",Pipe,2000 kg/day,Medium,0.25,0.0255,0.0003,0.0041,1.3157,1.0579,1.8719,"49,441.03",4.2456,100
"Fresno, CA",Pipe,2000 kg/day,Medium,0.26,0.0255,0.0003,0.0041,1.3075,1.0256,1.9118,"51,418.67",4.2449,100
"Fresno, CA",Pipe,2000 kg/day,Medium,0.27,0.0255,0.0003,0.0041,1.2809,0.9957,1.8982,"53,396.31",4.1748,100
"Fresno, CA",Pipe,2000 kg/day,Medium,0.28,0.0255,0.0003,0.0041,1.2561,0.9681,1.8856,"55,373.95",4.1097,100
"Fresno, CA",Pipe,2000 kg/day,Medium,0.29,0.0255,0.0003,0.0041,1.2328,0.949,1.8738,"57,351.59",4.0556,100
"Fresno, CA",Pipe,2000 kg/day,Medium,0.30,0.0255,0.0003,0.0041,1.2266,0.9239,1.9083,"59,329.24",4.0588,100
"Fresno, CA",Pipe,2000 kg/day,Medium,0.31,0.0255,0.0003,0.0041,1.2054,0.9004,1.8965,"61,306.88",4.0024,100
"Fresno, CA",Pipe,2000 kg/day,Medium,0.32,0.0255,0.0003,0.0041,1.1855,0.8785,1.8856,"63,284.52",3.9496,100
"Fresno, CA",Pipe,2000 kg/day,Medium,0.33,0.0255,0.0003,0.0041,1.1615,0.8579,1.8752,"65,262.16",3.8947,100
"Fresno, CA",Pipe,2000 kg/day,Medium,0.34,0.0255,0.0003,0.0041,1.1561,0.8386,1.9056,"67,239.80",3.9003,100
"Fresno, CA",Pipe,2000 kg/day,Medium,0.35,0.0255,0.0003,0.0041,1.1382,0.8204,1.8953,"69,217.44",3.8539,100
"Fresno, CA",Pipe,2000 kg/day,Medium,0.36,0.0255,0.0003,0.0041,1.1211,0.8032,1.8856,"71,195.08",3.8099,100
"Fresno, CA",Pipe,2000 kg/day,Medium,0.37,0.0255,0.0003,0.0041,1.105,0.7871,1.8763,"73,172.72",3.7684,100
"Fresno, CA",Pipe,2000 kg/day,Medium,0.38,0.0255,0.0003,0.0041,1.0896,0.7718,1.8676,"75,150.37",3.7289,100
"Fresno, CA",Pipe,2000 kg/day,Medium,0.39,0.0255,0.0003,0.0041,1.0856,0.7573,1.8943,"77,128.01",3.7372,100
"Fresno, CA",Pipe,2000 kg/day,Medium,0.40,0.0255,0.0003,0.0041,1.0714,0.7436,1.8856,"79,105.65",3.7005,100
"Fresno, CA",Pipe,2000 kg/day,Medium,0.41,0.0255,0.0003,0.0041,1.0577,0.7306,1.8772,"81,083.29",3.6655,100
"Fresno, CA",Pipe,3000 kg/day,Medium,0.01,0.0255,0.0003,0.0041,5.6998,20.6166,2.1723,"1,977.64",28.4887,100
"Fresno, CA",Pipe,3000 kg/day,Medium,0.02,0.0255,0.0003,0.0041,4.0241,10.4509,2.1723,"3,955.28",16.6474,100
"Fresno, CA",Pipe,3000 kg/day,Medium,0.03,0.0255,0.0003,0.0041,3.2868,7.0704,2.1723,"5,932.92",12.5295,100
"Fresno, CA",Pipe,3000 kg/day,Medium,0.04,0.0255,0.0003,0.0041,2.8512,5.3622,2.1723,"7,910.56",10.3857,100
"Fresno, CA",Pipe,3000 kg/day,Medium,0.05,0.0255,0.0003,0.0041,2.5527,4.3508,2.1723,"9,888.21",9.0758,100
"Fresno, CA",Pipe,3000 kg/day,Medium,0.06,0.0255,0.0003,0.0041,2.1367,3.6635,1.8407,"11,865.85",7.6409,100
"Fresno, CA",Pipe,3000 kg/day,Medium,0.07,0.0255,0.0003,0.0041,2.0077,3.1741,1.888,"13,843.49",7.0698,100
"Fresno, CA",Pipe,3000 kg/day,Medium,0.08,0.0255,0.0003,0.0041,1.9014,2.8143,1.9236,"15,821.13",6.6392,100
"Fresno, CA",Pipe,3000 kg/day,Medium,0.09,0.0255,0.0003,0.0041,1.8114,2.5262,1.9512,"17,798.77",6.2888,100
"Fresno, CA",Pipe,3000 kg/day,Medium,0.10,0.0255,0.0003,0.0041,1.7341,2.2965,1.9733,"19,776.41",6.0039,100
"Fresno, CA",Pipe,3000 kg/day,Medium,0.11,0.0255,0.0003,0.0041,1.6609,2.1154,1.9914,"21,754.05",5.7677,100
"Fresno, CA",Pipe,3000 kg/day,Medium,0.12,0.0255,0.0003,0.0041,1.5269,1.957,1.8407,"23,731.69",5.3245,100
"Fresno, CA",Pipe,3000 kg/day,Medium,0.13,0.0255,0.0003,0.0041,1.481,1.8232,1.8662,"25,709.34",5.1704,100
"Fresno, CA",Pipe,3000 kg/day,Medium,0.14,0.0255,0.0003,0.0041,1.4394,1.7089,1.888,"27,686.98",5.0363,100
"Fresno, CA",Pipe,3000 kg/day,Medium,0.15,0.0255,0.0003,0.0041,1.4015,1.6101,1.907,"29,664.62",4.9186,100
"Fresno, CA",Pipe,3000 kg/day,Medium,0.16,0.0255,0.0003,0.0041,1.3668,1.5373,1.9236,"31,642.26",4.8277,100
"Fresno, CA",Pipe,3000 kg/day,Medium,0.17,0.0255,0.0003,0.0041,1.335,1.4585,1.9382,"33,619.90",4.7317,100
"Fresno, CA",Pipe,3000 kg/day,Medium,0.18,0.0255,0.0003,0.0041,1.2654,1.3885,1.8407,"35,597.54",4.4945,100
"Fresno, CA",Pipe,3000 kg/day,Medium,0.19,0.0255,0.0003,0.0041,1.2364,1.326,1.8581,"37,575.18",4.4205,100
"Fresno, CA",Pipe,3000 kg/day,Medium,0.20,0.0255,0.0003,0.0041,1.2128,1.2699,1.8738,"39,552.82",4.3565,100
"Fresno, CA",Pipe,3000 kg/day,Medium,0.21,0.0255,0.0003,0.0041,1.1907,1.2191,1.888,"41,530.47",4.2979,100
"Fresno, CA",Pipe,3000 kg/day,Medium,0.22,0.0255,0.0003,0.0041,1.17,1.1732,1.901,"43,508.11",4.2442,100
"Fresno, CA",Pipe,3000 kg/day,Medium,0.23,0.0255,0.0003,0.0041,1.1223,1.1314,1.8262,"45,485.75",4.0799,100
"Fresno, CA",Pipe,3000 kg/day,Medium,0.24,0.0255,0.0003,0.0041,1.1057,1.0931,1.8407,"47,463.39",4.0394,100
"Fresno, CA",Pipe,3000 kg/day,Medium,0.25,0.0255,0.0003,0.0041,1.0901,1.0579,1.8539,"49,441.03",4.0019,100
"Fresno, CA",Pipe,3000 kg/day,Medium,0.26,0.0255,0.0003,0.0041,1.0752,1.0256,1.8662,"51,418.67",3.967,100
"Fresno, CA",Pipe,3000 kg/day,Medium,0.27,0.0255,0.0003,0.0041,1.0611,0.9957,1.8775,"53,396.31",3.9343,100
"Fresno, CA",Pipe,3000 kg/day,Medium,0.28,0.0255,0.0003,0.0041,1.0476,0.9681,1.888,"55,373.95",3.9037,100
"Fresno, CA",Pipe,3000 kg/day,Medium,0.29,0.0255,0.0003,0.0041,1.0147,0.949,1.8292,"57,351.59",3.7929,100
"Fresno, CA",Pipe,3000 kg/day,Medium,0.30,0.0255,0.0003,0.0041,0.9989,0.9239,1.8407,"59,329.24",3.7635,100
"Fresno, CA",Pipe,3000 kg/day,Medium,0.31,0.0255,0.0003,0.0041,0.9875,0.9004,1.8514,"61,306.88",3.7393,100
"Fresno, CA",Pipe,3000 kg/day,Medium,0.32,0.0255,0.0003,0.0041,0.9766,0.8785,1.8614,"63,284.52",3.7165,100
"Fresno, CA",Pipe,3000 kg/day,Medium,0.33,0.0255,0.0003,0.0041,0.9661,0.8579,1.8708,"65,262.16",3.6948,100
"Fresno, CA",Pipe,3000 kg/day,Medium,0.34,0.0255,0.0003,0.0041,0.956,0.8386,1.8797,"67,239.80",3.6743,100
"Fresno, CA",Pipe,3000 kg/day,Medium,0.35,0.0255,0.0003,0.0041,0.931,0.8204,1.8312,"69,217.44",3.5826,100
"Fresno, CA",Pipe,3000 kg/day,Medium,0.36,0.0255,0.0003,0.0041,0.9223,0.8032,1.8407,"71,195.08",3.5662,100
"Fresno, CA",Pipe,3000 kg/day,Medium,0.37,0.0255,0.0003,0.0041,0.914,0.7871,1.8496,"73,172.72",3.5507,100
"Fresno, CA",Pipe,3000 kg/day,Medium,0.38,0.0255,0.0003,0.0041,0.9059,0.7718,1.8581,"75,150.37",3.5357,100
"Fresno, CA",Pipe,3000 kg/day,Medium,0.39,0.0255,0.0003,0.0041,0.8982,0.7573,1.8662,"77,128.01",3.5216,100
"Fresno, CA",Pipe,3000 kg/day,Medium,0.40,0.0255,0.0003,0.0041,0.8779,0.7436,1.8241,"79,105.65",3.4456,100
"Fresno, CA",Pipe,3000 kg/day,Medium,0.41,0.0255,0.0003,0.0041,0.8712,0.7306,1.8326,"81,083.29",3.4344,100
"Atlanta, GA",Gas,1000 kg/day,Medium,0.01,0.0018,0.0106,0.0041,-,2.2305,1.5513,"24,423.62",3.7818,100
"Atlanta, GA",Gas,1000 kg/day,Medium,0.02,0.0018,0.0106,0.0041,-,2.1893,1.5513,"48,847.24",3.7406,100
"Atlanta, GA",Gas,1000 kg/day,Medium,0.03,0.0018,0.0106,0.0041,-,2.174,1.5354,"73,270.87",3.7094,100
"Atlanta, GA",Gas,1000 kg/day,Medium,0.04,0.0018,0.0106,0.0041,-,2.1653,1.5394,"97,694.49",3.7047,100
"Atlanta, GA",Gas,1000 kg/day,Medium,0.05,0.0018,0.0106,0.0041,-,2.16,1.5322,"122,118.11",3.6922,100
"Atlanta, GA",Gas,1000 kg/day,Medium,0.06,0.0018,0.0106,0.0041,-,2.156,1.5354,"146,541.73",3.6914,100
"Atlanta, GA",Gas,1000 kg/day,Medium,0.07,0.0018,0.0106,0.0041,-,2.1532,1.5308,"170,965.35",3.684,100
"Atlanta, GA",Gas,1000 kg/day,Medium,0.08,0.0018,0.0106,0.0041,-,2.1509,1.5334,"195,388.98",3.6843,100
"Atlanta, GA",Gas,1000 kg/day,Medium,0.09,0.0018,0.0106,0.0041,-,2.149,1.5301,"219,812.60",3.6791,100
"Atlanta, GA",Gas,1000 kg/day,Medium,0.10,0.0018,0.0106,0.0041,-,2.1475,1.5322,"244,236.22",3.6797,100
"Atlanta, GA",Gas,1000 kg/day,Medium,0.11,0.0018,0.0106,0.0041,-,2.1462,1.5296,"268,659.84",3.6758,100
"Atlanta, GA",Gas,1000 kg/day,Medium,0.12,0.0018,0.0106,0.0041,-,2.1452,1.5314,"293,083.46",3.6766,100
"Atlanta, GA",Gas,1000 kg/day,Medium,0.13,0.0018,0.0106,0.0041,-,2.1442,1.5292,"317,507.09",3.6734,100
"Atlanta, GA",Gas,1000 kg/day,Medium,0.14,0.0018,0.0106,0.0041,-,2.1434,1.5308,"341,930.71",3.6742,100
"Atlanta, GA",Gas,1000 kg/day,Medium,0.15,0.0018,0.0106,0.0041,-,2.1426,1.529,"366,354.33",3.6716,100
"Atlanta, GA",Gas,1000 kg/day,Medium,0.16,0.0018,0.0106,0.0041,-,2.142,1.5304,"390,777.95",3.6724,100
"Atlanta, GA",Gas,1000 kg/day,Medium,0.17,0.0018,0.0106,0.0041,-,2.1413,1.5316,"415,201.57",3.6729,100
"Atlanta, GA",Gas,1000 kg/day,Medium,0.18,0.0018,0.0106,0.0041,-,2.1408,1.5301,"439,625.20",3.6709,100
"Atlanta, GA",Gas,1000 kg/day,Medium,0.19,0.0018,0.0106,0.0041,-,2.1422,1.5312,"464,048.82",3.6734,100
"Atlanta, GA",Gas,1000 kg/day,Medium,0.2,0.0018,0.0106,0.0041,-,2.1416,1.5298,"488,472.44",3.6714,100
"Atlanta, GA",Gas,1000 kg/day,Medium,0.21,0.0018,0.0106,0.0041,-,2.1411,1.5308,"512,896.06",3.6719,100
"Atlanta, GA",Gas,1000 kg/day,Medium,0.22,0.0018,0.0106,0.0041,-,2.1407,1.5296,"537,319.68",3.6703,100
"Atlanta, GA",Gas,1000 kg/day,Medium,0.23,0.0018,0.0106,0.0041,-,2.1403,1.5305,"561,743.31",3.6708,100
"Atlanta, GA",Gas,1000 kg/day,Medium,0.24,0.0018,0.0106,0.0041,-,2.1398,1.5294,"586,166.93",3.6692,100
"Atlanta, GA",Gas,1000 kg/day,Medium,0.25,0.0018,0.0106,0.0041,-,2.1395,1.5303,"610,590.55",3.6698,100
"Atlanta, GA",Gas,1000 kg/day,Medium,0.26,0.0018,0.0106,0.0041,-,2.1391,1.5292,"635,014.17",3.6683,100
"Atlanta, GA",Gas,1000 kg/day,Medium,0.27,0.0018,0.0106,0.0041,-,2.1388,1.5301,"659,437.79",3.6689,100
"Atlanta, GA",Gas,1000 kg/day,Medium,0.28,0.0018,0.0106,0.0041,-,2.1385,1.5291,"683,861.42",3.6676,100
"Atlanta, GA",Gas,1000 kg/day,Medium,0.29,0.0018,0.0106,0.0041,-,2.1382,1.5299,"708,285.04",3.6681,100
"Atlanta, GA",Gas,1000 kg/day,Medium,0.3,0.0018,0.0106,0.0041,-,2.1379,1.529,"732,708.66",3.6669,100
"Atlanta, GA",Gas,1000 kg/day,Medium,0.31,0.0018,0.0106,0.0041,-,2.1377,1.5297,"757,132.28",3.6674,100
"Atlanta, GA",Gas,1000 kg/day,Medium,0.32,0.0018,0.0106,0.0041,-,2.1374,1.5289,"781,555.90",3.6663,100
"Atlanta, GA",Gas,1000 kg/day,Medium,0.33,0.0018,0.0106,0.0041,-,2.1372,1.5296,"805,979.53",3.6668,100
"Atlanta, GA",Gas,1000 kg/day,Medium,0.34,0.0018,0.0106,0.0041,-,2.137,1.5302,"830,403.15",3.6672,100
"Atlanta, GA",Gas,1000 kg/day,Medium,0.35,0.0018,0.0106,0.0041,-,2.1368,1.5294,"854,826.77",3.6663,100
"Atlanta, GA",Gas,1000 kg/day,Medium,0.36,0.0018,0.0106,0.0041,-,2.1366,1.5301,"879,250.39",3.6667,100
"Atlanta, GA",Gas,1000 kg/day,Medium,0.37,0.0018,0.0106,0.0041,-,2.1374,1.5293,"903,674.01",3.6667,100
"Atlanta, GA",Gas,1000 kg/day,Medium,0.38,0.0018,0.0106,0.0041,-,2.1371,1.5299,"928,097.64",3.667,100
"Atlanta, GA",Gas,1000 kg/day,Medium,0.39,0.0018,0.0106,0.0041,-,2.137,1.5292,"952,521.26",3.6662,100
"Atlanta, GA",Gas,1000 kg/day,Medium,0.4,0.0018,0.0106,0.0041,-,2.1368,1.5298,"976,944.88",3.6666,100
"Atlanta, GA",Gas,1000 kg/day,Medium,0.41,0.0018,0.0106,0.0041,-,2.1366,1.5291,"1,001,368.50",3.6658,100
"Atlanta, GA",Gas,2000 kg/day,Medium,0.01,0.0018,0.0106,0.0041,-,2.2305,1.5576,"24,423.62",3.7881,100
"Atlanta, GA",Gas,2000 kg/day,Medium,0.02,0.0018,0.0106,0.0041,-,2.1893,1.5108,"48,847.24",3.7001,100
"Atlanta, GA",Gas,2000 kg/day,Medium,0.03,0.0018,0.0106,0.0041,-,2.174,1.4952,"73,270.87",3.6692,100
"Atlanta, GA",Gas,2000 kg/day,Medium,0.04,0.0018,0.0106,0.0041,-,2.1653,1.5108,"97,694.49",3.6761,100
"Atlanta, GA",Gas,2000 kg/day,Medium,0.05,0.0018,0.0106,0.0041,-,2.16,1.5014,"122,118.11",3.6614,100
"Atlanta, GA",Gas,2000 kg/day,Medium,0.06,0.0018,0.0106,0.0041,-,2.156,1.4952,"146,541.73",3.6512,100
"Atlanta, GA",Gas,2000 kg/day,Medium,0.07,0.0018,0.0106,0.0041,-,2.1532,1.4907,"170,965.35",3.6439,100
"Atlanta, GA",Gas,2000 kg/day,Medium,0.08,0.0018,0.0106,0.0041,-,2.1509,1.4991,"195,388.98",3.65,100
"Atlanta, GA",Gas,2000 kg/day,Medium,0.09,0.0018,0.0106,0.0041,-,2.149,1.4952,"219,812.60",3.6442,100
"Atlanta, GA",Gas,2000 kg/day,Medium,0.1,0.0018,0.0106,0.0041,-,2.1475,1.492,"244,236.22",3.6395,100
"Atlanta, GA",Gas,2000 kg/day,Medium,0.11,0.0018,0.0106,0.0041,-,2.1462,1.4895,"268,659.84",3.6357,100
"Atlanta, GA",Gas,2000 kg/day,Medium,0.12,0.0018,0.0106,0.0041,-,2.1452,1.4952,"293,083.46",3.6404,100
"Atlanta, GA",Gas,2000 kg/day,Medium,0.13,0.0018,0.0106,0.0041,-,2.1442,1.4928,"317,507.09",3.637,100
"Atlanta, GA",Gas,2000 kg/day,Medium,0.14,0.0018,0.0106,0.0041,-,2.1434,1.4907,"341,930.71",3.6341,100
"Atlanta, GA",Gas,2000 kg/day,Medium,0.15,0.0018,0.0106,0.0041,-,2.1426,1.4889,"366,354.33",3.6315,100
"Atlanta, GA",Gas,2000 kg/day,Medium,0.16,0.0018,0.0106,0.0041,-,2.142,1.4932,"390,777.95",3.6352,100
"Atlanta, GA",Gas,2000 kg/day,Medium,0.17,0.0018,0.0106,0.0041,-,2.1413,1.4915,"415,201.57",3.6328,100
"Atlanta, GA",Gas,2000 kg/day,Medium,0.18,0.0018,0.0106,0.0041,-,2.1408,1.49,"439,625.20",3.6308,100
"Atlanta, GA",Gas,2000 kg/day,Medium,0.19,0.0018,0.0106,0.0041,-,2.1422,1.4935,"464,048.82",3.6357,100
"Atlanta, GA",Gas,2000 kg/day,Medium,0.2,0.0018,0.0106,0.0041,-,2.1416,1.492,"488,472.44",3.6336,100
"Atlanta, GA",Gas,2000 kg/day,Medium,0.21,0.0018,0.0106,0.0041,-,2.1411,1.4907,"512,896.06",3.6318,100
"Atlanta, GA",Gas,2000 kg/day,Medium,0.22,0.0018,0.0106,0.0041,-,2.1407,1.4895,"537,319.68",3.6302,100
"Atlanta, GA",Gas,2000 kg/day,Medium,0.23,0.0018,0.0106,0.0041,-,2.1403,1.4925,"561,743.31",3.6328,100
"Atlanta, GA",Gas,2000 kg/day,Medium,0.24,0.0018,0.0106,0.0041,-,2.1398,1.4913,"586,166.93",3.6311,100
"Atlanta, GA",Gas,2000 kg/day,Medium,0.25,0.0018,0.0106,0.0041,-,2.1395,1.4902,"610,590.55",3.6297,100
"Atlanta, GA",Gas,2000 kg/day,Medium,0.26,0.0018,0.0106,0.0041,-,2.1391,1.4892,"635,014.17",3.6283,100
"Atlanta, GA",Gas,2000 kg/day,Medium,0.27,0.0018,0.0106,0.0041,-,2.1388,1.4917,"659,437.79",3.6305,100
"Atlanta, GA",Gas,2000 kg/day,Medium,0.28,0.0018,0.0106,0.0041,-,2.1385,1.4907,"683,861.42",3.6292,100
"Atlanta, GA",Gas,2000 kg/day,Medium,0.29,0.0018,0.0106,0.0041,-,2.1382,1.4898,"708,285.04",3.628,100
"Atlanta, GA",Gas,2000 kg/day,Medium,0.3,0.0018,0.0106,0.0041,-,2.1379,1.4889,"732,708.66",3.6268,100
"Atlanta, GA",Gas,2000 kg/day,Medium,0.31,0.0018,0.0106,0.0041,-,2.1377,1.4911,"757,132.28",3.6288,100
"Atlanta, GA",Gas,2000 kg/day,Medium,0.32,0.0018,0.0106,0.0041,-,2.1374,1.4903,"781,555.90",3.6277,100
"Atlanta, GA",Gas,2000 kg/day,Medium,0.33,0.0018,0.0106,0.0041,-,2.1372,1.4895,"805,979.53",3.6267,100
"Atlanta, GA",Gas,2000 kg/day,Medium,0.34,0.0018,0.0106,0.0041,-,2.137,1.4915,"830,403.15",3.6285,100
"Atlanta, GA",Gas,2000 kg/day,Medium,0.35,0.0018,0.0106,0.0041,-,2.1368,1.4907,"854,826.77",3.6275,100
"Atlanta, GA",Gas,2000 kg/day,Medium,0.36,0.0018,0.0106,0.0041,-,2.1366,1.49,"879,250.39",3.6266,100
"Atlanta, GA",Gas,2000 kg/day,Medium,0.37,0.0018,0.0106,0.0041,-,2.1374,1.4893,"903,674.01",3.6267,100
"Atlanta, GA",Gas,2000 kg/day,Medium,0.38,0.0018,0.0106,0.0041,-,2.1371,1.4911,"928,097.64",3.6282,100
"Atlanta, GA",Gas,2000 kg/day,Medium,0.39,0.0018,0.0106,0.0041,-,2.137,1.4904,"952,521.26",3.6274,100
"Atlanta, GA",Gas,2000 kg/day,Medium,0.4,0.0018,0.0106,0.0041,-,2.1368,1.4897,"976,944.88",3.6265,100
"Atlanta, GA",Gas,2000 kg/day,Medium,0.41,0.0018,0.0106,0.0041,-,2.1366,1.4891,"1,001,368.50",3.6257,100
"Atlanta, GA",Gas,3000 kg/day,Medium,0.01,0.0018,0.0106,0.0041,-,2.2305,1.5299,"24,423.62",3.7604,100
"Atlanta, GA",Gas,3000 kg/day,Medium,0.02,0.0018,0.0106,0.0041,-,2.1893,1.4627,"48,847.24",3.652,100
"Atlanta, GA",Gas,3000 kg/day,Medium,0.03,0.0018,0.0106,0.0041,-,2.174,1.4403,"73,270.87",3.6143,100
"Atlanta, GA",Gas,3000 kg/day,Medium,0.04,0.0018,0.0106,0.0041,-,2.1653,1.4291,"97,694.49",3.5944,100
"Atlanta, GA",Gas,3000 kg/day,Medium,0.05,0.0018,0.0106,0.0041,-,2.16,1.4224,"122,118.11",3.5824,100
"Atlanta, GA",Gas,3000 kg/day,Medium,0.06,0.0018,0.0106,0.0041,-,2.156,1.4403,"146,541.73",3.5963,100
"Atlanta, GA",Gas,3000 kg/day,Medium,0.07,0.0018,0.0106,0.0041,-,2.1532,1.4339,"170,965.35",3.5871,100
"Atlanta, GA",Gas,3000 kg/day,Medium,0.08,0.0018,0.0106,0.0041,-,2.1509,1.4291,"195,388.98",3.58,100
"Atlanta, GA",Gas,3000 kg/day,Medium,0.09,0.0018,0.0106,0.0041,-,2.149,1.4254,"219,812.60",3.5744,100
"Atlanta, GA",Gas,3000 kg/day,Medium,0.1,0.0018,0.0106,0.0041,-,2.1475,1.4224,"244,236.22",3.5699,100
"Atlanta, GA",Gas,3000 kg/day,Medium,0.11,0.0018,0.0106,0.0041,-,2.1462,1.42,"268,659.84",3.5662,100
"Atlanta, GA",Gas,3000 kg/day,Medium,0.12,0.0018,0.0106,0.0041,-,2.1452,1.4291,"293,083.46",3.5743,100
"Atlanta, GA",Gas,3000 kg/day,Medium,0.13,0.0018,0.0106,0.0041,-,2.1442,1.4265,"317,507.09",3.5707,100
"Atlanta, GA",Gas,3000 kg/day,Medium,0.14,0.0018,0.0106,0.0041,-,2.1434,1.4243,"341,930.71",3.5677,100
"Atlanta, GA",Gas,3000 kg/day,Medium,0.15,0.0018,0.0106,0.0041,-,2.1426,1.4224,"366,354.33",3.565,100
"Atlanta, GA",Gas,3000 kg/day,Medium,0.16,0.0018,0.0106,0.0041,-,2.142,1.4207,"390,777.95",3.5627,100
"Atlanta, GA",Gas,3000 kg/day,Medium,0.17,0.0018,0.0106,0.0041,-,2.1413,1.4272,"415,201.57",3.5685,100
"Atlanta, GA",Gas,3000 kg/day,Medium,0.18,0.0018,0.0106,0.0041,-,2.1408,1.4254,"439,625.20",3.5662,100
"Atlanta, GA",Gas,3000 kg/day,Medium,0.19,0.0018,0.0106,0.0041,-,2.1422,1.4238,"464,048.82",3.566,100
"Atlanta, GA",Gas,3000 kg/day,Medium,0.2,0.0018,0.0106,0.0041,-,2.1416,1.4224,"488,472.44",3.564,100
"Atlanta, GA",Gas,3000 kg/day,Medium,0.21,0.0018,0.0106,0.0041,-,2.1411,1.4211,"512,896.06",3.5622,100
"Atlanta, GA",Gas,3000 kg/day,Medium,0.22,0.0018,0.0106,0.0041,-,2.1407,1.42,"537,319.68",3.5607,100
"Atlanta, GA",Gas,3000 kg/day,Medium,0.23,0.0018,0.0106,0.0041,-,2.1403,1.4247,"561,743.31",3.5651,100
"Atlanta, GA",Gas,3000 kg/day,Medium,0.24,0.0018,0.0106,0.0041,-,2.1398,1.4235,"586,166.93",3.5633,100
"Atlanta, GA",Gas,3000 kg/day,Medium,0.25,0.0018,0.0106,0.0041,-,2.1395,1.4224,"610,590.55",3.5619,100
"Atlanta, GA",Gas,3000 kg/day,Medium,0.26,0.0018,0.0106,0.0041,-,2.1391,1.4214,"635,014.17",3.5605,100
"Atlanta, GA",Gas,3000 kg/day,Medium,0.27,0.0018,0.0106,0.0041,-,2.1388,1.4204,"659,437.79",3.5592,100
"Atlanta, GA",Gas,3000 kg/day,Medium,0.28,0.0018,0.0106,0.0041,-,2.1385,1.4195,"683,861.42",3.558,100
"Atlanta, GA",Gas,3000 kg/day,Medium,0.29,0.0018,0.0106,0.0041,-,2.1382,1.4233,"708,285.04",3.5615,100
"Atlanta, GA",Gas,3000 kg/day,Medium,0.3,0.0018,0.0106,0.0041,-,2.1379,1.4224,"732,708.66",3.5603,100
"Atlanta, GA",Gas,3000 kg/day,Medium,0.31,0.0018,0.0106,0.0041,-,2.1377,1.4215,"757,132.28",3.5592,100
"Atlanta, GA",Gas,3000 kg/day,Medium,0.32,0.0018,0.0106,0.0041,-,2.1374,1.4207,"781,555.90",3.5581,100
"Atlanta, GA",Gas,3000 kg/day,Medium,0.33,0.0018,0.0106,0.0041,-,2.1372,1.42,"805,979.53",3.5572,100
"Atlanta, GA",Gas,3000 kg/day,Medium,0.34,0.0018,0.0106,0.0041,-,2.137,1.4232,"830,403.15",3.5602,100
"Atlanta, GA",Gas,3000 kg/day,Medium,0.35,0.0018,0.0106,0.0041,-,2.1368,1.4224,"854,826.77",3.5592,100
"Atlanta, GA",Gas,3000 kg/day,Medium,0.36,0.0018,0.0106,0.0041,-,2.1366,1.4217,"879,250.39",3.5583,100
"Atlanta, GA",Gas,3000 kg/day,Medium,0.37,0.0018,0.0106,0.0041,-,2.1374,1.421,"903,674.01",3.5584,100
"Atlanta, GA",Gas,3000 kg/day,Medium,0.38,0.0018,0.0106,0.0041,-,2.1371,1.4203,"928,097.64",3.5574,100
"Atlanta, GA",Gas,3000 kg/day,Medium,0.39,0.0018,0.0106,0.0041,-,2.137,1.4197,"952,521.26",3.5567,100
"Atlanta, GA",Gas,3000 kg/day,Medium,0.4,0.0018,0.0106,0.0041,-,2.1368,1.4224,"976,944.88",3.5592,100
"Atlanta, GA",Gas,3000 kg/day,Medium,0.41,0.0018,0.0106,0.0041,-,2.1366,1.4218,"1,001,368.50",3.5584,100
"Atlanta, GA",Liquid,1000 kg/day,Medium,0.01,0.03,0.0255,0.0155,-,3.0906,0.9427,"24,423.62",4.0333,100
"Atlanta, GA",Liquid,1000 kg/day,Medium,0.02,0.03,0.0255,0.0155,-,2.9011,0.9427,"48,847.24",3.8438,100
"Atlanta, GA",Liquid,1000 kg/day,Medium,0.03,0.03,0.0255,0.0155,-,2.8019,0.9327,"73,270.87",3.7346,100
"Atlanta, GA",Liquid,1000 kg/day,Medium,0.04,0.03,0.0255,0.0155,-,2.7275,0.9352,"97,694.49",3.6627,100
"Atlanta, GA",Liquid,1000 kg/day,Medium,0.05,0.03,0.0255,0.0155,-,2.6808,0.9308,"122,118.11",3.6115,100
"Atlanta, GA",Liquid,1000 kg/day,Medium,0.06,0.03,0.0255,0.0155,-,2.644,0.9327,"146,541.73",3.5767,100
"Atlanta, GA",Liquid,1000 kg/day,Medium,0.07,0.03,0.0255,0.0155,-,2.6088,0.9299,"170,965.35",3.5387,100
"Atlanta, GA",Liquid,1000 kg/day,Medium,0.08,0.03,0.0255,0.0155,-,2.5839,0.9315,"195,388.98",3.5154,100
"Atlanta, GA",Liquid,1000 kg/day,Medium,0.09,0.03,0.0255,0.0155,-,2.5624,0.9294,"219,812.60",3.4918,100
"Atlanta, GA",Liquid,1000 kg/day,Medium,0.1,0.03,0.0255,0.0155,-,2.54,0.9308,"244,236.22",3.4707,100
"Atlanta, GA",Liquid,1000 kg/day,Medium,0.11,0.03,0.0255,0.0155,-,2.5236,0.9291,"268,659.84",3.4527,100
"Atlanta, GA",Liquid,1000 kg/day,Medium,0.12,0.03,0.0255,0.0155,-,2.5087,0.9303,"293,083.46",3.4389,100
"Atlanta, GA",Liquid,1000 kg/day,Medium,0.13,0.03,0.0255,0.0155,-,2.4926,0.9289,"317,507.09",3.4215,100
"Atlanta, GA",Liquid,1000 kg/day,Medium,0.14,0.03,0.0255,0.0155,-,2.4805,0.9299,"341,930.71",3.4104,100
"Atlanta, GA",Liquid,1000 kg/day,Medium,0.15,0.03,0.0255,0.0155,-,2.469,0.9288,"366,354.33",3.3978,100
"Atlanta, GA",Liquid,1000 kg/day,Medium,0.16,0.03,0.0255,0.0155,-,2.4565,0.9296,"390,777.95",3.3861,100
"Atlanta, GA",Liquid,1000 kg/day,Medium,0.17,0.03,0.0255,0.0155,-,2.447,0.9304,"415,201.57",3.3774,100
"Atlanta, GA",Liquid,1000 kg/day,Medium,0.18,0.03,0.0255,0.0155,-,2.4382,0.9294,"439,625.20",3.3676,100
"Atlanta, GA",Liquid,1000 kg/day,Medium,0.19,0.03,0.0255,0.0155,-,2.428,0.9301,"464,048.82",3.3581,100
"Atlanta, GA",Liquid,1000 kg/day,Medium,0.2,0.03,0.0255,0.0155,-,2.4203,0.9293,"488,472.44",3.3496,100
"Atlanta, GA",Liquid,1000 kg/day,Medium,0.21,0.03,0.0255,0.0155,-,2.413,0.9299,"512,896.06",3.3429,100
"Atlanta, GA",Liquid,1000 kg/day,Medium,0.22,0.03,0.0255,0.0155,-,2.4045,0.9291,"537,319.68",3.3336,100
"Atlanta, GA",Liquid,1000 kg/day,Medium,0.23,0.03,0.0255,0.0155,-,2.398,0.9297,"561,743.31",3.3277,100
"Atlanta, GA",Liquid,1000 kg/day,Medium,0.24,0.03,0.0255,0.0155,-,2.3919,0.929,"586,166.93",3.3209,100
"Atlanta, GA",Liquid,1000 kg/day,Medium,0.25,0.03,0.0255,0.0155,-,2.386,0.9296,"610,590.55",3.3156,100
"Atlanta, GA",Liquid,1000 kg/day,Medium,0.26,0.03,0.0255,0.0155,-,2.379,0.9289,"635,014.17",3.3079,100
"Atlanta, GA",Liquid,1000 kg/day,Medium,0.27,0.03,0.0255,0.0155,-,2.3737,0.9294,"659,437.79",3.3031,100
"Atlanta, GA",Liquid,1000 kg/day,Medium,0.28,0.03,0.0255,0.0155,-,2.3686,0.9289,"683,861.42",3.2974,100
"Atlanta, GA",Liquid,1000 kg/day,Medium,0.29,0.03,0.0255,0.0155,-,2.3623,0.9293,"708,285.04",3.2916,100
"Atlanta, GA",Liquid,1000 kg/day,Medium,0.3,0.03,0.0255,0.0155,-,2.3576,0.9288,"732,708.66",3.2864,100
"Atlanta, GA",Liquid,1000 kg/day,Medium,0.31,0.03,0.0255,0.0155,-,2.3532,0.9292,"757,132.28",3.2824,100
"Atlanta, GA",Liquid,1000 kg/day,Medium,0.32,0.03,0.0255,0.0155,-,2.3477,0.9287,"781,555.90",3.2764,100
"Atlanta, GA",Liquid,1000 kg/day,Medium,0.33,0.03,0.0255,0.0155,-,2.3436,0.9291,"805,979.53",3.2727,100
"Atlanta, GA",Liquid,1000 kg/day,Medium,0.34,0.03,0.0255,0.0155,-,2.3396,0.9295,"830,403.15",3.2691,100
"Atlanta, GA",Liquid,1000 kg/day,Medium,0.35,0.03,0.0255,0.0155,-,2.3347,0.9291,"854,826.77",3.2637,100
"Atlanta, GA",Liquid,1000 kg/day,Medium,0.36,0.03,0.0255,0.0155,-,2.331,0.9294,"879,250.39",3.2604,100
"Atlanta, GA",Liquid,1000 kg/day,Medium,0.37,0.03,0.0255,0.0155,-,2.3274,0.929,"903,674.01",3.2564,100
"Atlanta, GA",Liquid,1000 kg/day,Medium,0.38,0.03,0.0255,0.0155,-,2.3229,0.9294,"928,097.64",3.2522,100
"Atlanta, GA",Liquid,1000 kg/day,Medium,0.39,0.03,0.0255,0.0155,-,2.3196,0.9289,"952,521.26",3.2485,100
"Atlanta, GA",Liquid,1000 kg/day,Medium,0.4,0.03,0.0255,0.0155,-,2.3163,0.9293,"976,944.88",3.2456,100
"Atlanta, GA",Liquid,1000 kg/day,Medium,0.41,0.03,0.0255,0.0155,-,2.3122,0.9289,"1,001,368.50",3.2411,100
"Atlanta, GA",Liquid,2000 kg/day,Medium,0.01,0.03,0.0255,0.0155,-,3.0906,0.6567,"24,423.62",3.7473,100
"Atlanta, GA",Liquid,2000 kg/day,Medium,0.02,0.03,0.0255,0.0155,-,2.9011,0.6368,"48,847.24",3.5379,100
"Atlanta, GA",Liquid,2000 kg/day,Medium,0.03,0.03,0.0255,0.0155,-,2.8019,0.6302,"73,270.87",3.4321,100
"Atlanta, GA",Liquid,2000 kg/day,Medium,0.04,0.03,0.0255,0.0155,-,2.7275,0.6368,"97,694.49",3.3643,100
"Atlanta, GA",Liquid,2000 kg/day,Medium,0.05,0.03,0.0255,0.0155,-,2.6808,0.6328,"122,118.11",3.3136,100
"Atlanta, GA",Liquid,2000 kg/day,Medium,0.06,0.03,0.0255,0.0155,-,2.644,0.6302,"146,541.73",3.2742,100
"Atlanta, GA",Liquid,2000 kg/day,Medium,0.07,0.03,0.0255,0.0155,-,2.6088,0.6283,"170,965.35",3.2371,100
"Atlanta, GA",Liquid,2000 kg/day,Medium,0.08,0.03,0.0255,0.0155,-,2.5839,0.6318,"195,388.98",3.2157,100
"Atlanta, GA",Liquid,2000 kg/day,Medium,0.09,0.03,0.0255,0.0155,-,2.5624,0.6302,"219,812.60",3.1926,100
"Atlanta, GA",Liquid,2000 kg/day,Medium,0.1,0.03,0.0255,0.0155,-,2.54,0.6288,"244,236.22",3.1688,100
"Atlanta, GA",Liquid,2000 kg/day,Medium,0.11,0.03,0.0255,0.0155,-,2.5236,0.6278,"268,659.84",3.1513,100
"Atlanta, GA",Liquid,2000 kg/day,Medium,0.12,0.03,0.0255,0.0155,-,2.5087,0.6302,"293,083.46",3.1389,100
"Atlanta, GA",Liquid,2000 kg/day,Medium,0.13,0.03,0.0255,0.0155,-,2.4926,0.6292,"317,507.09",3.1217,100
"Atlanta, GA",Liquid,2000 kg/day,Medium,0.14,0.03,0.0255,0.0155,-,2.4805,0.6283,"341,930.71",3.1088,100
"Atlanta, GA",Liquid,2000 kg/day,Medium,0.15,0.03,0.0255,0.0155,-,2.469,0.6275,"366,354.33",3.0965,100
"Atlanta, GA",Liquid,2000 kg/day,Medium,0.16,0.03,0.0255,0.0155,-,2.4565,0.6293,"390,777.95",3.0858,100
"Atlanta, GA",Liquid,2000 kg/day,Medium,0.17,0.03,0.0255,0.0155,-,2.447,0.6286,"415,201.57",3.0756,100
"Atlanta, GA",Liquid,2000 kg/day,Medium,0.18,0.03,0.0255,0.0155,-,2.4382,0.628,"439,625.20",3.0661,100
"Atlanta, GA",Liquid,2000 kg/day,Medium,0.19,0.03,0.0255,0.0155,-,2.428,0.6295,"464,048.82",3.0575,100
"Atlanta, GA",Liquid,2000 kg/day,Medium,0.2,0.03,0.0255,0.0155,-,2.4203,0.6288,"488,472.44",3.0491,100
"Atlanta, GA",Liquid,2000 kg/day,Medium,0.21,0.03,0.0255,0.0155,-,2.413,0.6283,"512,896.06",3.0413,100
"Atlanta, GA",Liquid,2000 kg/day,Medium,0.22,0.03,0.0255,0.0155,-,2.4045,0.6278,"537,319.68",3.0322,100
"Atlanta, GA",Liquid,2000 kg/day,Medium,0.23,0.03,0.0255,0.0155,-,2.398,0.629,"561,743.31",3.027,100
"Atlanta, GA",Liquid,2000 kg/day,Medium,0.24,0.03,0.0255,0.0155,-,2.3919,0.6285,"586,166.93",3.0204,100
"Atlanta, GA",Liquid,2000 kg/day,Medium,0.25,0.03,0.0255,0.0155,-,2.386,0.6281,"610,590.55",3.014,100
"Atlanta, GA",Liquid,2000 kg/day,Medium,0.26,0.03,0.0255,0.0155,-,2.379,0.6276,"635,014.17",3.0066,100
"Atlanta, GA",Liquid,2000 kg/day,Medium,0.27,0.03,0.0255,0.0155,-,2.3737,0.6287,"659,437.79",3.0024,100
"Atlanta, GA",Liquid,2000 kg/day,Medium,0.28,0.03,0.0255,0.0155,-,2.3686,0.6283,"683,861.42",2.9969,100
"Atlanta, GA",Liquid,2000 kg/day,Medium,0.29,0.03,0.0255,0.0155,-,2.3623,0.6279,"708,285.04",2.9902,100
"Atlanta, GA",Liquid,2000 kg/day,Medium,0.3,0.03,0.0255,0.0155,-,2.3576,0.6275,"732,708.66",2.9851,100
"Atlanta, GA",Liquid,2000 kg/day,Medium,0.31,0.03,0.0255,0.0155,-,2.3532,0.6285,"757,132.28",2.9816,100
"Atlanta, GA",Liquid,2000 kg/day,Medium,0.32,0.03,0.0255,0.0155,-,2.3477,0.6281,"781,555.90",2.9758,100
"Atlanta, GA",Liquid,2000 kg/day,Medium,0.33,0.03,0.0255,0.0155,-,2.3436,0.6278,"805,979.53",2.9713,100
"Atlanta, GA",Liquid,2000 kg/day,Medium,0.34,0.03,0.0255,0.0155,-,2.3396,0.6286,"830,403.15",2.9682,100
"Atlanta, GA",Liquid,2000 kg/day,Medium,0.35,0.03,0.0255,0.0155,-,2.3347,0.6283,"854,826.77",2.963,100
"Atlanta, GA",Liquid,2000 kg/day,Medium,0.36,0.03,0.0255,0.0155,-,2.331,0.628,"879,250.39",2.9589,100
"Atlanta, GA",Liquid,2000 kg/day,Medium,0.37,0.03,0.0255,0.0155,-,2.3274,0.6277,"903,674.01",2.955,100
"Atlanta, GA",Liquid,2000 kg/day,Medium,0.38,0.03,0.0255,0.0155,-,2.3229,0.6284,"928,097.64",2.9513,100
"Atlanta, GA",Liquid,2000 kg/day,Medium,0.39,0.03,0.0255,0.0155,-,2.3196,0.6281,"952,521.26",2.9477,100
"Atlanta, GA",Liquid,2000 kg/day,Medium,0.4,0.03,0.0255,0.0155,-,2.3163,0.6279,"976,944.88",2.9441,100
"Atlanta, GA",Liquid,2000 kg/day,Medium,0.41,0.03,0.0255,0.0155,-,2.3122,0.6276,"1,001,368.50",2.9398,100
"Atlanta, GA",Liquid,3000 kg/day,Medium,0.01,0.03,0.0255,0.0155,-,3.0906,0.6413,"24,423.62",3.7319,100
"Atlanta, GA",Liquid,3000 kg/day,Medium,0.02,0.03,0.0255,0.0155,-,2.9011,0.6131,"48,847.24",3.5142,100
"Atlanta, GA",Liquid,3000 kg/day,Medium,0.03,0.03,0.0255,0.0155,-,2.8019,0.6037,"73,270.87",3.4056,100
"Atlanta, GA",Liquid,3000 kg/day,Medium,0.04,0.03,0.0255,0.0155,-,2.7275,0.599,"97,694.49",3.3264,100
"Atlanta, GA",Liquid,3000 kg/day,Medium,0.05,0.03,0.0255,0.0155,-,2.6808,0.5961,"122,118.11",3.2769,100
"Atlanta, GA",Liquid,3000 kg/day,Medium,0.06,0.03,0.0255,0.0155,-,2.644,0.6037,"146,541.73",3.2477,100
"Atlanta, GA",Liquid,3000 kg/day,Medium,0.07,0.03,0.0255,0.0155,-,2.6088,0.601,"170,965.35",3.2098,100
"Atlanta, GA",Liquid,3000 kg/day,Medium,0.08,0.03,0.0255,0.0155,-,2.5839,0.599,"195,388.98",3.1828,100
"Atlanta, GA",Liquid,3000 kg/day,Medium,0.09,0.03,0.0255,0.0155,-,2.5624,0.5974,"219,812.60",3.1598,100
"Atlanta, GA",Liquid,3000 kg/day,Medium,0.1,0.03,0.0255,0.0155,-,2.54,0.5961,"244,236.22",3.1361,100
"Atlanta, GA",Liquid,3000 kg/day,Medium,0.11,0.03,0.0255,0.0155,-,2.5236,0.5951,"268,659.84",3.1187,100
"Atlanta, GA",Liquid,3000 kg/day,Medium,0.12,0.03,0.0255,0.0155,-,2.5087,0.599,"293,083.46",3.1076,100
"Atlanta, GA",Liquid,3000 kg/day,Medium,0.13,0.03,0.0255,0.0155,-,2.4926,0.5979,"317,507.09",3.0905,100
"Atlanta, GA",Liquid,3000 kg/day,Medium,0.14,0.03,0.0255,0.0155,-,2.4805,0.5969,"341,930.71",3.0774,100
"Atlanta, GA",Liquid,3000 kg/day,Medium,0.15,0.03,0.0255,0.0155,-,2.469,0.5961,"366,354.33",3.0651,100
"Atlanta, GA",Liquid,3000 kg/day,Medium,0.16,0.03,0.0255,0.0155,-,2.4565,0.5954,"390,777.95",3.0519,100
"Atlanta, GA",Liquid,3000 kg/day,Medium,0.17,0.03,0.0255,0.0155,-,2.447,0.5981,"415,201.57",3.0451,100
"Atlanta, GA",Liquid,3000 kg/day,Medium,0.18,0.03,0.0255,0.0155,-,2.4382,0.5974,"439,625.20",3.0356,100
"Atlanta, GA",Liquid,3000 kg/day,Medium,0.19,0.03,0.0255,0.0155,-,2.428,0.5967,"464,048.82",3.0247,100
"Atlanta, GA",Liquid,3000 kg/day,Medium,0.2,0.03,0.0255,0.0155,-,2.4203,0.5961,"488,472.44",3.0164,100
"Atlanta, GA",Liquid,3000 kg/day,Medium,0.21,0.03,0.0255,0.0155,-,2.413,0.5956,"512,896.06",3.0086,100
"Atlanta, GA",Liquid,3000 kg/day,Medium,0.22,0.03,0.0255,0.0155,-,2.4045,0.5951,"537,319.68",2.9996,100
"Atlanta, GA",Liquid,3000 kg/day,Medium,0.23,0.03,0.0255,0.0155,-,2.398,0.5971,"561,743.31",2.9951,100
"Atlanta, GA",Liquid,3000 kg/day,Medium,0.24,0.03,0.0255,0.0155,-,2.3919,0.5966,"586,166.93",2.9885,100
"Atlanta, GA",Liquid,3000 kg/day,Medium,0.25,0.03,0.0255,0.0155,-,2.386,0.5961,"610,590.55",2.9821,100
"Atlanta, GA",Liquid,3000 kg/day,Medium,0.26,0.03,0.0255,0.0155,-,2.379,0.5957,"635,014.17",2.9747,100
"Atlanta, GA",Liquid,3000 kg/day,Medium,0.27,0.03,0.0255,0.0155,-,2.3737,0.5953,"659,437.79",2.969,100
"Atlanta, GA",Liquid,3000 kg/day,Medium,0.28,0.03,0.0255,0.0155,-,2.3686,0.5949,"683,861.42",2.9635,100
"Atlanta, GA",Liquid,3000 kg/day,Medium,0.29,0.03,0.0255,0.0155,-,2.3623,0.5965,"708,285.04",2.9588,100
"Atlanta, GA",Liquid,3000 kg/day,Medium,0.3,0.03,0.0255,0.0155,-,2.3576,0.5961,"732,708.66",2.9537,100
"Atlanta, GA",Liquid,3000 kg/day,Medium,0.31,0.03,0.0255,0.0155,-,2.3532,0.5958,"757,132.28",2.949,100
"Atlanta, GA",Liquid,3000 kg/day,Medium,0.32,0.03,0.0255,0.0155,-,2.3477,0.5954,"781,555.90",2.9431,100
"Atlanta, GA",Liquid,3000 kg/day,Medium,0.33,0.03,0.0255,0.0155,-,2.3436,0.5951,"805,979.53",2.9387,100
"Atlanta, GA",Liquid,3000 kg/day,Medium,0.34,0.03,0.0255,0.0155,-,2.3396,0.5965,"830,403.15",2.9361,100
"Atlanta, GA",Liquid,3000 kg/day,Medium,0.35,0.03,0.0255,0.0155,-,2.3347,0.5961,"854,826.77",2.9308,100
"Atlanta, GA",Liquid,3000 kg/day,Medium,0.36,0.03,0.0255,0.0155,-,2.331,0.5958,"879,250.39",2.9268,100
"Atlanta, GA",Liquid,3000 kg/day,Medium,0.37,0.03,0.0255,0.0155,-,2.3274,0.5955,"903,674.01",2.9229,100
"Atlanta, GA",Liquid,3000 kg/day,Medium,0.38,0.03,0.0255,0.0155,-,2.3229,0.5952,"928,097.64",2.9181,100
"Atlanta, GA",Liquid,3000 kg/day,Medium,0.39,0.03,0.0255,0.0155,-,2.3196,0.595,"952,521.26",2.9146,100
"Atlanta, GA",Liquid,3000 kg/day,Medium,0.4,0.03,0.0255,0.0155,-,2.3163,0.5961,"976,944.88",2.9124,100
"Atlanta, GA",Liquid,3000 kg/day,Medium,0.41,0.03,0.0255,0.0155,-,2.3122,0.5959,"1,001,368.50",2.908,100
"Atlanta, GA",Pipe,1000 kg/day,Medium,0.01,0.0255,0.0003,0.0041,10.37,1.9077,1.9154,"24,423.62",14.193,100
"Atlanta, GA",Pipe,1000 kg/day,Medium,0.02,0.0255,0.0003,0.0041,7.4784,1.0682,1.9154,"48,847.24",10.462,100
"Atlanta, GA",Pipe,1000 kg/day,Medium,0.03,0.0255,0.0003,0.0041,6.1872,0.7863,1.8968,"73,270.87",8.8702,100
"Atlanta, GA",Pipe,1000 kg/day,Medium,0.04,0.0255,0.0003,0.0041,5.4434,0.6451,1.9014,"97,694.49",7.99,100
"Atlanta, GA",Pipe,1000 kg/day,Medium,0.05,0.0255,0.0003,0.0041,4.9334,0.5562,1.893,"122,118.11",7.3826,100
"Atlanta, GA",Pipe,1000 kg/day,Medium,0.06,0.0255,0.0003,0.0041,4.5613,0.4993,1.8968,"146,541.73",6.9574,100
"Atlanta, GA",Pipe,1000 kg/day,Medium,0.07,0.0255,0.0003,0.0041,4.2721,0.4562,1.8914,"170,965.35",6.6198,100
"Atlanta, GA",Pipe,1000 kg/day,Medium,0.08,0.0255,0.0003,0.0041,4.043,0.4257,1.8944,"195,388.98",6.3632,100
"Atlanta, GA",Pipe,1000 kg/day,Medium,0.09,0.0255,0.0003,0.0041,3.8502,0.3999,1.8906,"219,812.60",6.1406,100
"Atlanta, GA",Pipe,1000 kg/day,Medium,0.1,0.0255,0.0003,0.0041,3.6955,0.3796,1.893,"244,236.22",5.9682,100
"Atlanta, GA",Pipe,1000 kg/day,Medium,0.11,0.0255,0.0003,0.0041,3.5595,0.3638,1.89,"268,659.84",5.8133,100
"Atlanta, GA",Pipe,1000 kg/day,Medium,0.12,0.0255,0.0003,0.0041,3.4375,0.3494,1.8921,"293,083.46",5.679,100
"Atlanta, GA",Pipe,1000 kg/day,Medium,0.13,0.0255,0.0003,0.0041,3.3318,0.3375,1.8896,"317,507.09",5.5589,100
"Atlanta, GA",Pipe,1000 kg/day,Medium,0.14,0.0255,0.0003,0.0041,3.2425,0.3276,1.8914,"341,930.71",5.4615,100
"Atlanta, GA",Pipe,1000 kg/day,Medium,0.15,0.0255,0.0003,0.0041,3.16,0.3186,1.8893,"366,354.33",5.3679,100
"Atlanta, GA",Pipe,1000 kg/day,Medium,0.16,0.0255,0.0003,0.0041,3.0828,0.3106,1.8909,"390,777.95",5.2843,100
"Atlanta, GA",Pipe,1000 kg/day,Medium,0.17,0.0255,0.0003,0.0041,3.0163,0.3038,1.8924,"415,201.57",5.2124,100
"Atlanta, GA",Pipe,1000 kg/day,Medium,0.18,0.0255,0.0003,0.0041,2.9538,0.2979,1.8906,"439,625.20",5.1422,100
"Atlanta, GA",Pipe,1000 kg/day,Medium,0.19,0.0255,0.0003,0.0041,2.8992,0.292,1.8919,"464,048.82",5.0831,100
"Atlanta, GA",Pipe,1000 kg/day,Medium,0.2,0.0255,0.0003,0.0041,2.8473,0.2868,1.8902,"488,472.44",5.0243,100
"Atlanta, GA",Pipe,1000 kg/day,Medium,0.21,0.0255,0.0003,0.0041,2.8016,0.2823,1.8914,"512,896.06",4.9754,100
"Atlanta, GA",Pipe,1000 kg/day,Medium,0.22,0.0255,0.0003,0.0041,2.7509,0.2783,1.89,"537,319.68",4.9192,100
"Atlanta, GA",Pipe,1000 kg/day,Medium,0.23,0.0255,0.0003,0.0041,2.7101,0.2748,1.8911,"561,743.31",4.876,100
"Atlanta, GA",Pipe,1000 kg/day,Medium,0.24,0.0255,0.0003,0.0041,2.6708,0.2706,1.8898,"586,166.93",4.8312,100
"Atlanta, GA",Pipe,1000 kg/day,Medium,0.25,0.0255,0.0003,0.0041,2.6358,0.2673,1.8908,"610,590.55",4.7939,100
"Atlanta, GA",Pipe,1000 kg/day,Medium,0.26,0.0255,0.0003,0.0041,2.6016,0.2643,1.8896,"635,014.17",4.7556,100
"Atlanta, GA",Pipe,1000 kg/day,Medium,0.27,0.0255,0.0003,0.0041,2.5712,0.2617,1.8906,"659,437.79",4.7235,100
"Atlanta, GA",Pipe,1000 kg/day,Medium,0.28,0.0255,0.0003,0.0041,2.5414,0.2593,1.8894,"683,861.42",4.6901,100
"Atlanta, GA",Pipe,1000 kg/day,Medium,0.29,0.0255,0.0003,0.0041,2.5083,0.2563,1.8903,"708,285.04",4.6549,100
"Atlanta, GA",Pipe,1000 kg/day,Medium,0.3,0.0255,0.0003,0.0041,2.4805,0.2539,1.8893,"732,708.66",4.6237,100
"Atlanta, GA",Pipe,1000 kg/day,Medium,0.31,0.0255,0.0003,0.0041,2.4556,0.2517,1.8902,"757,132.28",4.5974,100
"Atlanta, GA",Pipe,1000 kg/day,Medium,0.32,0.0255,0.0003,0.0041,2.431,0.2499,1.8892,"781,555.90",4.57,100
"Atlanta, GA",Pipe,1000 kg/day,Medium,0.33,0.0255,0.0003,0.0041,2.4087,0.248,1.89,"805,979.53",4.5467,100
"Atlanta, GA",Pipe,1000 kg/day,Medium,0.34,0.0255,0.0003,0.0041,2.3877,0.2464,1.8907,"830,403.15",4.5248,100
"Atlanta, GA",Pipe,1000 kg/day,Medium,0.35,0.0255,0.0003,0.0041,2.3668,0.2441,1.8898,"854,826.77",4.5007,100
"Atlanta, GA",Pipe,1000 kg/day,Medium,0.36,0.0255,0.0003,0.0041,2.3478,0.2424,1.8906,"879,250.39",4.4808,100
"Atlanta, GA",Pipe,1000 kg/day,Medium,0.37,0.0255,0.0003,0.0041,2.329,0.2409,1.8897,"903,674.01",4.4597,100
"Atlanta, GA",Pipe,1000 kg/day,Medium,0.38,0.0255,0.0003,0.0041,2.3119,0.2395,1.8904,"928,097.64",4.4418,100
"Atlanta, GA",Pipe,1000 kg/day,Medium,0.39,0.0255,0.0003,0.0041,2.2949,0.2382,1.8896,"952,521.26",4.4227,100
"Atlanta, GA",Pipe,1000 kg/day,Medium,0.4,0.0255,0.0003,0.0041,2.2794,0.2371,1.8902,"976,944.88",4.4067,100
"Atlanta, GA",Pipe,1000 kg/day,Medium,0.41,0.0255,0.0003,0.0041,2.2639,0.2359,1.8895,"1,001,368.50",4.3892,100
"Atlanta, GA",Pipe,2000 kg/day,Medium,0.01,0.0255,0.0003,0.0041,7.5331,1.9077,1.9476,"24,423.62",11.3884,100
"Atlanta, GA",Pipe,2000 kg/day,Medium,0.02,0.0255,0.0003,0.0041,5.3681,1.0682,1.8925,"48,847.24",8.3287,100
"Atlanta, GA",Pipe,2000 kg/day,Medium,0.03,0.0255,0.0003,0.0041,4.4467,0.7863,1.8741,"73,270.87",7.107,100
"Atlanta, GA",Pipe,2000 kg/day,Medium,0.04,0.0255,0.0003,0.0041,3.9457,0.6451,1.8925,"97,694.49",6.4833,100
"Atlanta, GA",Pipe,2000 kg/day,Medium,0.05,0.0255,0.0003,0.0041,3.5705,0.5562,1.8814,"122,118.11",6.0081,100
"Atlanta, GA",Pipe,2000 kg/day,Medium,0.06,0.0255,0.0003,0.0041,3.306,0.4993,1.8741,"146,541.73",5.6794,100
"Atlanta, GA",Pipe,2000 kg/day,Medium,0.07,0.0255,0.0003,0.0041,3.0944,0.4562,1.8688,"170,965.35",5.4195,100
"Atlanta, GA",Pipe,2000 kg/day,Medium,0.08,0.0255,0.0003,0.0041,2.9428,0.4257,1.8787,"195,388.98",5.2471,100
"Atlanta, GA",Pipe,2000 kg/day,Medium,0.09,0.0255,0.0003,0.0041,2.8034,0.3999,1.8741,"219,812.60",5.0773,100
"Atlanta, GA",Pipe,2000 kg/day,Medium,0.1,0.0255,0.0003,0.0041,2.6886,0.3796,1.8704,"244,236.22",4.9386,100
"Atlanta, GA",Pipe,2000 kg/day,Medium,0.11,0.0255,0.0003,0.0041,2.5919,0.3638,1.8674,"268,659.84",4.8231,100
"Atlanta, GA",Pipe,2000 kg/day,Medium,0.12,0.0255,0.0003,0.0041,2.5154,0.3494,1.8741,"293,083.46",4.7388,100
"Atlanta, GA",Pipe,2000 kg/day,Medium,0.13,0.0255,0.0003,0.0041,2.4362,0.3375,1.8712,"317,507.09",4.645,100
"Atlanta, GA",Pipe,2000 kg/day,Medium,0.14,0.0255,0.0003,0.0041,2.3702,0.3276,1.8688,"341,930.71",4.5666,100
"Atlanta, GA",Pipe,2000 kg/day,Medium,0.15,0.0255,0.0003,0.0041,2.3119,0.3186,1.8667,"366,354.33",4.4972,100
"Atlanta, GA",Pipe,2000 kg/day,Medium,0.16,0.0255,0.0003,0.0041,2.2643,0.3106,1.8718,"390,777.95",4.4467,100
"Atlanta, GA",Pipe,2000 kg/day,Medium,0.17,0.0255,0.0003,0.0041,2.2123,0.3038,1.8698,"415,201.57",4.3859,100
"Atlanta, GA",Pipe,2000 kg/day,Medium,0.18,0.0255,0.0003,0.0041,2.1682,0.2979,1.8679,"439,625.20",4.3341,100
"Atlanta, GA",Pipe,2000 kg/day,Medium,0.19,0.0255,0.0003,0.0041,2.1314,0.292,1.8721,"464,048.82",4.2955,100
"Atlanta, GA",Pipe,2000 kg/day,Medium,0.2,0.0255,0.0003,0.0041,2.0948,0.2868,1.8704,"488,472.44",4.252,100
"Atlanta, GA",Pipe,2000 kg/day,Medium,0.21,0.0255,0.0003,0.0041,2.0614,0.2823,1.8688,"512,896.06",4.2126,100
"Atlanta, GA",Pipe,2000 kg/day,Medium,0.22,0.0255,0.0003,0.0041,2.0307,0.2783,1.8674,"537,319.68",4.1764,100
"Atlanta, GA",Pipe,2000 kg/day,Medium,0.23,0.0255,0.0003,0.0041,1.9992,0.2748,1.8709,"561,743.31",4.1448,100
"Atlanta, GA",Pipe,2000 kg/day,Medium,0.24,0.0255,0.0003,0.0041,1.9716,0.2706,1.8695,"586,166.93",4.1117,100
"Atlanta, GA",Pipe,2000 kg/day,Medium,0.25,0.0255,0.0003,0.0041,1.9459,0.2673,1.8682,"610,590.55",4.0814,100
"Atlanta, GA",Pipe,2000 kg/day,Medium,0.26,0.0255,0.0003,0.0041,1.9222,0.2643,1.867,"635,014.17",4.0535,100
"Atlanta, GA",Pipe,2000 kg/day,Medium,0.27,0.0255,0.0003,0.0041,1.902,0.2617,1.87,"659,437.79",4.0337,100
"Atlanta, GA",Pipe,2000 kg/day,Medium,0.28,0.0255,0.0003,0.0041,1.8812,0.2593,1.8688,"683,861.42",4.0093,100
"Atlanta, GA",Pipe,2000 kg/day,Medium,0.29,0.0255,0.0003,0.0041,1.8618,0.2563,1.8677,"708,285.04",3.9858,100
"Atlanta, GA",Pipe,2000 kg/day,Medium,0.3,0.0255,0.0003,0.0041,1.8437,0.2539,1.8667,"732,708.66",3.9643,100
"Atlanta, GA",Pipe,2000 kg/day,Medium,0.31,0.0255,0.0003,0.0041,1.8283,0.2517,1.8693,"757,132.28",3.9493,100
"Atlanta, GA",Pipe,2000 kg/day,Medium,0.32,0.0255,0.0003,0.0041,1.8121,0.2499,1.8683,"781,555.90",3.9303,100
"Atlanta, GA",Pipe,2000 kg/day,Medium,0.33,0.0255,0.0003,0.0041,1.797,0.248,1.8674,"805,979.53",3.9124,100
"Atlanta, GA",Pipe,2000 kg/day,Medium,0.34,0.0255,0.0003,0.0041,1.7841,0.2464,1.8698,"830,403.15",3.9002,100
"Atlanta, GA",Pipe,2000 kg/day,Medium,0.35,0.0255,0.0003,0.0041,1.7706,0.2441,1.8688,"854,826.77",3.8835,100
"Atlanta, GA",Pipe,2000 kg/day,Medium,0.36,0.0255,0.0003,0.0041,1.7578,0.2424,1.8679,"879,250.39",3.8682,100
"Atlanta, GA",Pipe,2000 kg/day,Medium,0.37,0.0255,0.0003,0.0041,1.7457,0.2409,1.8671,"903,674.01",3.8537,100
"Atlanta, GA",Pipe,2000 kg/day,Medium,0.38,0.0255,0.0003,0.0041,1.7355,0.2395,1.8692,"928,097.64",3.8443,100
"Atlanta, GA",Pipe,2000 kg/day,Medium,0.39,0.0255,0.0003,0.0041,1.7246,0.2382,1.8684,"952,521.26",3.8313,100
"Atlanta, GA",Pipe,2000 kg/day,Medium,0.4,0.0255,0.0003,0.0041,1.7142,0.2371,1.8676,"976,944.88",3.8189,100
"Atlanta, GA",Pipe,2000 kg/day,Medium,0.41,0.0255,0.0003,0.0041,1.7044,0.2359,1.8669,"1,001,368.50",3.8072,100
"Atlanta, GA",Pipe,3000 kg/day,Medium,0.01,0.0255,0.0003,0.0041,6.288,1.9077,1.9548,"24,423.62",10.1505,100
"Atlanta, GA",Pipe,3000 kg/day,Medium,0.02,0.0255,0.0003,0.0041,4.4587,1.0682,1.8743,"48,847.24",7.4011,100
"Atlanta, GA",Pipe,3000 kg/day,Medium,0.03,0.0255,0.0003,0.0041,3.689,0.7863,1.8474,"73,270.87",6.3227,100
"Atlanta, GA",Pipe,3000 kg/day,Medium,0.04,0.0255,0.0003,0.0041,3.2421,0.6451,1.834,"97,694.49",5.7212,100
"Atlanta, GA",Pipe,3000 kg/day,Medium,0.05,0.0255,0.0003,0.0041,2.9468,0.5562,1.8259,"122,118.11",5.3289,100
"Atlanta, GA",Pipe,3000 kg/day,Medium,0.06,0.0255,0.0003,0.0041,2.7468,0.4993,1.8474,"146,541.73",5.0935,100
"Atlanta, GA",Pipe,3000 kg/day,Medium,0.07,0.0255,0.0003,0.0041,2.5776,0.4562,1.8397,"170,965.35",4.8736,100
"Atlanta, GA",Pipe,3000 kg/day,Medium,0.08,0.0255,0.0003,0.0041,2.4392,0.4257,1.834,"195,388.98",4.6989,100
"Atlanta, GA",Pipe,3000 kg/day,Medium,0.09,0.0255,0.0003,0.0041,2.328,0.3999,1.8295,"219,812.60",4.5574,100
"Atlanta, GA",Pipe,3000 kg/day,Medium,0.1,0.0255,0.0003,0.0041,2.2362,0.3796,1.8259,"244,236.22",4.4417,100
"Atlanta, GA",Pipe,3000 kg/day,Medium,0.11,0.0255,0.0003,0.0041,2.1538,0.3638,1.823,"268,659.84",4.3406,100
"Atlanta, GA",Pipe,3000 kg/day,Medium,0.12,0.0255,0.0003,0.0041,2.0927,0.3494,1.834,"293,083.46",4.2761,100
"Atlanta, GA",Pipe,3000 kg/day,Medium,0.13,0.0255,0.0003,0.0041,2.0323,0.3375,1.8309,"317,507.09",4.2007,100
"Atlanta, GA",Pipe,3000 kg/day,Medium,0.14,0.0255,0.0003,0.0041,1.9798,0.3276,1.8282,"341,930.71",4.1356,100
"Atlanta, GA",Pipe,3000 kg/day,Medium,0.15,0.0255,0.0003,0.0041,1.9282,0.3186,1.8259,"366,354.33",4.0727,100
"Atlanta, GA",Pipe,3000 kg/day,Medium,0.16,0.0255,0.0003,0.0041,1.885,0.3106,1.8239,"390,777.95",4.0195,100
"Atlanta, GA",Pipe,3000 kg/day,Medium,0.17,0.0255,0.0003,0.0041,1.8511,0.3038,1.8316,"415,201.57",3.9865,100
"Atlanta, GA",Pipe,3000 kg/day,Medium,0.18,0.0255,0.0003,0.0041,1.816,0.2979,1.8295,"439,625.20",3.9434,100
"Atlanta, GA",Pipe,3000 kg/day,Medium,0.19,0.0255,0.0003,0.0041,1.7843,0.292,1.8276,"464,048.82",3.9039,100
"Atlanta, GA",Pipe,3000 kg/day,Medium,0.2,0.0255,0.0003,0.0041,1.7503,0.2868,1.8259,"488,472.44",3.863,100
"Atlanta, GA",Pipe,3000 kg/day,Medium,0.21,0.0255,0.0003,0.0041,1.7225,0.2823,1.8244,"512,896.06",3.8292,100
"Atlanta, GA",Pipe,3000 kg/day,Medium,0.22,0.0255,0.0003,0.0041,1.6972,0.2783,1.823,"537,319.68",3.7985,100
"Atlanta, GA",Pipe,3000 kg/day,Medium,0.23,0.0255,0.0003,0.0041,1.677,0.2748,1.8287,"561,743.31",3.7804,100
"Atlanta, GA",Pipe,3000 kg/day,Medium,0.24,0.0255,0.0003,0.0041,1.6553,0.2706,1.8272,"586,166.93",3.7531,100
"Atlanta, GA",Pipe,3000 kg/day,Medium,0.25,0.0255,0.0003,0.0041,1.6352,0.2673,1.8259,"610,590.55",3.7284,100
"Atlanta, GA",Pipe,3000 kg/day,Medium,0.26,0.0255,0.0003,0.0041,1.6166,0.2643,1.8247,"635,014.17",3.7056,100
"Atlanta, GA",Pipe,3000 kg/day,Medium,0.27,0.0255,0.0003,0.0041,1.5994,0.2617,1.8235,"659,437.79",3.6846,100
"Atlanta, GA",Pipe,3000 kg/day,Medium,0.28,0.0255,0.0003,0.0041,1.5833,0.2593,1.8225,"683,861.42",3.665,100
"Atlanta, GA",Pipe,3000 kg/day,Medium,0.29,0.0255,0.0003,0.0041,1.5706,0.2563,1.827,"708,285.04",3.6538,100
"Atlanta, GA",Pipe,3000 kg/day,Medium,0.3,0.0255,0.0003,0.0041,1.5565,0.2539,1.8259,"732,708.66",3.6363,100
"Atlanta, GA",Pipe,3000 kg/day,Medium,0.31,0.0255,0.0003,0.0041,1.5433,0.2517,1.8249,"757,132.28",3.6199,100
"Atlanta, GA",Pipe,3000 kg/day,Medium,0.32,0.0255,0.0003,0.0041,1.5309,0.2499,1.8239,"781,555.90",3.6047,100
"Atlanta, GA",Pipe,3000 kg/day,Medium,0.33,0.0255,0.0003,0.0041,1.5193,0.248,1.823,"805,979.53",3.5903,100
"Atlanta, GA",Pipe,3000 kg/day,Medium,0.34,0.0255,0.0003,0.0041,1.5102,0.2464,1.8269,"830,403.15",3.5834,100
"Atlanta, GA",Pipe,3000 kg/day,Medium,0.35,0.0255,0.0003,0.0041,1.4999,0.2441,1.8259,"854,826.77",3.5699,100
"Atlanta, GA",Pipe,3000 kg/day,Medium,0.36,0.0255,0.0003,0.0041,1.4901,0.2424,1.825,"879,250.39",3.5575,100
"Atlanta, GA",Pipe,3000 kg/day,Medium,0.37,0.0255,0.0003,0.0041,1.4809,0.2409,1.8242,"903,674.01",3.546,100
"Atlanta, GA",Pipe,3000 kg/day,Medium,0.38,0.0255,0.0003,0.0041,1.4722,0.2395,1.8234,"928,097.64",3.5351,100
"Atlanta, GA",Pipe,3000 kg/day,Medium,0.39,0.0255,0.0003,0.0041,1.4641,0.2382,1.8226,"952,521.26",3.5249,100
"Atlanta, GA",Pipe,3000 kg/day,Medium,0.4,0.0255,0.0003,0.0041,1.4578,0.2371,1.8259,"976,944.88",3.5208,100
"Atlanta, GA",Pipe,3000 kg/day,Medium,0.41,0.0255,0.0003,0.0041,1.4503,0.2359,1.8251,"1,001,368.50",3.5113,100
"Miami, FL",Gas,1000 kg/day,Medium,0.01,0.0018,0.0106,0.0041,-,2.0695,1.531,"23,165.62",3.6005,100
"Miami, FL",Gas,1000 kg/day,Medium,0.02,0.0018,0.0106,0.0041,-,2.0307,1.531,"46,331.23",3.5617,100
"Miami, FL",Gas,1000 kg/day,Medium,0.03,0.0018,0.0106,0.0041,-,2.0158,1.531,"69,496.85",3.5468,100
"Miami, FL",Gas,1000 kg/day,Medium,0.04,0.0018,0.0106,0.0041,-,2.0055,1.531,"92,662.46",3.5365,100
"Miami, FL",Gas,1000 kg/day,Medium,0.05,0.0018,0.0106,0.0041,-,2.0006,1.531,"115,828.08",3.5316,100
"Miami, FL",Gas,1000 kg/day,Medium,0.06,0.0018,0.0106,0.0041,-,1.9971,1.531,"138,993.69",3.5281,100
"Miami, FL",Gas,1000 kg/day,Medium,0.07,0.0018,0.0106,0.0041,-,1.9945,1.531,"162,159.31",3.5255,100
"Miami, FL",Gas,1000 kg/day,Medium,0.08,0.0018,0.0106,0.0041,-,1.9914,1.531,"185,324.92",3.5224,100
"Miami, FL",Gas,1000 kg/day,Medium,0.09,0.0018,0.0106,0.0041,-,1.9898,1.531,"208,490.54",3.5208,100
"Miami, FL",Gas,1000 kg/day,Medium,0.1,0.0018,0.0106,0.0041,-,1.9885,1.531,"231,656.15",3.5195,100
"Miami, FL",Gas,1000 kg/day,Medium,0.11,0.0018,0.0106,0.0041,-,1.9874,1.531,"254,821.77",3.5184,100
"Miami, FL",Gas,1000 kg/day,Medium,0.12,0.0018,0.0106,0.0041,-,1.9858,1.531,"277,987.38",3.5168,100
"Miami, FL",Gas,1000 kg/day,Medium,0.13,0.0018,0.0106,0.0041,-,1.9879,1.531,"301,153.00",3.5189,100
"Miami, FL",Gas,1000 kg/day,Medium,0.14,0.0018,0.0106,0.0041,-,1.987,1.531,"324,318.61",3.518,100
"Miami, FL",Gas,1000 kg/day,Medium,0.15,0.0018,0.0106,0.0041,-,1.9857,1.531,"347,484.23",3.5167,100
"Miami, FL",Gas,1000 kg/day,Medium,0.16,0.0018,0.0106,0.0041,-,1.985,1.531,"370,649.84",3.516,100
"Miami, FL",Gas,1000 kg/day,Medium,0.17,0.0018,0.0106,0.0041,-,1.9844,1.531,"393,815.46",3.5154,100
"Miami, FL",Gas,1000 kg/day,Medium,0.18,0.0018,0.0106,0.0041,-,1.9838,1.531,"416,981.07",3.5148,100
"Miami, FL",Gas,1000 kg/day,Medium,0.19,0.0018,0.0106,0.0041,-,1.9829,1.531,"440,146.69",3.5139,100
"Miami, FL",Gas,1000 kg/day,Medium,0.2,0.0018,0.0106,0.0041,-,1.9824,1.531,"463,312.30",3.5134,100
"Miami, FL",Gas,1000 kg/day,Medium,0.21,0.0018,0.0106,0.0041,-,1.982,1.531,"486,477.92",3.513,100
"Miami, FL",Gas,1000 kg/day,Medium,0.22,0.0018,0.0106,0.0041,-,1.9817,1.531,"509,643.53",3.5127,100
"Miami, FL",Gas,1000 kg/day,Medium,0.23,0.0018,0.0106,0.0041,-,1.9809,1.531,"532,809.15",3.5119,100
"Miami, FL",Gas,1000 kg/day,Medium,0.24,0.0018,0.0106,0.0041,-,1.9806,1.5289,"555,974.76",3.5094,100
"Miami, FL",Gas,1000 kg/day,Medium,0.25,0.0018,0.0106,0.0041,-,1.9819,1.529,"579,140.38",3.5108,100
"Miami, FL",Gas,1000 kg/day,Medium,0.26,0.0018,0.0106,0.0041,-,1.9815,1.529,"602,305.99",3.5105,100
"Miami, FL",Gas,1000 kg/day,Medium,0.27,0.0018,0.0106,0.0041,-,1.9809,1.5291,"625,471.61",3.51,100
"Miami, FL",Gas,1000 kg/day,Medium,0.28,0.0018,0.0106,0.0041,-,1.9806,1.5292,"648,637.22",3.5097,100
"Miami, FL",Gas,1000 kg/day,Medium,0.29,0.0018,0.0106,0.0041,-,1.9804,1.5292,"671,802.84",3.5096,100
"Miami, FL",Gas,1000 kg/day,Medium,0.3,0.0018,0.0106,0.0041,-,1.9798,1.5293,"694,968.46",3.5091,100
"Miami, FL",Gas,1000 kg/day,Medium,0.31,0.0018,0.0106,0.0041,-,1.9796,1.5294,"718,134.07",3.5089,100
"Miami, FL",Gas,1000 kg/day,Medium,0.32,0.0018,0.0106,0.0041,-,1.9794,1.5294,"741,299.69",3.5088,100
"Miami, FL",Gas,1000 kg/day,Medium,0.33,0.0018,0.0106,0.0041,-,1.9792,1.5295,"764,465.30",3.5086,100
"Miami, FL",Gas,1000 kg/day,Medium,0.34,0.0018,0.0106,0.0041,-,1.9788,1.5295,"787,630.92",3.5083,100
"Miami, FL",Gas,1000 kg/day,Medium,0.35,0.0018,0.0106,0.0041,-,1.9786,1.5295,"810,796.53",3.5081,100
"Miami, FL",Gas,1000 kg/day,Medium,0.36,0.0018,0.0106,0.0041,-,1.9784,1.5296,"833,962.15",3.5079,100
"Miami, FL",Gas,1000 kg/day,Medium,0.37,0.0018,0.0106,0.0041,-,1.9793,1.5296,"857,127.76",3.5089,100
"Miami, FL",Gas,1000 kg/day,Medium,0.38,0.0018,0.0106,0.0041,-,1.9789,1.5297,"880,293.38",3.5085,100
"Miami, FL",Gas,1000 kg/day,Medium,0.39,0.0018,0.0106,0.0041,-,1.9787,1.5297,"903,458.99",3.5084,100
"Miami, FL",Gas,1000 kg/day,Medium,0.4,0.0018,0.0106,0.0041,-,1.9786,1.5297,"926,624.61",3.5083,100
"Miami, FL",Gas,1000 kg/day,Medium,0.41,0.0018,0.0106,0.0041,-,1.9784,1.5297,"949,790.22",3.5081,100
"Miami, FL",Gas,2000 kg/day,Medium,0.01,0.0018,0.0106,0.0041,-,2.0695,1.5402,"23,165.62",3.6097,100
"Miami, FL",Gas,2000 kg/day,Medium,0.02,0.0018,0.0106,0.0041,-,2.0307,1.4909,"46,331.23",3.5215,100
"Miami, FL",Gas,2000 kg/day,Medium,0.03,0.0018,0.0106,0.0041,-,2.0158,1.5073,"69,496.85",3.5231,100
"Miami, FL",Gas,2000 kg/day,Medium,0.04,0.0018,0.0106,0.0041,-,2.0055,1.4909,"92,662.46",3.4963,100
"Miami, FL",Gas,2000 kg/day,Medium,0.05,0.0018,0.0106,0.0041,-,2.0006,1.5007,"115,828.08",3.5013,100
"Miami, FL",Gas,2000 kg/day,Medium,0.06,0.0018,0.0106,0.0041,-,1.9971,1.4909,"138,993.69",3.4879,100
"Miami, FL",Gas,2000 kg/day,Medium,0.07,0.0018,0.0106,0.0041,-,1.9945,1.4979,"162,159.31",3.4924,100
"Miami, FL",Gas,2000 kg/day,Medium,0.08,0.0018,0.0106,0.0041,-,1.9914,1.4909,"185,324.92",3.4822,100
"Miami, FL",Gas,2000 kg/day,Medium,0.09,0.0018,0.0106,0.0041,-,1.9898,1.4964,"208,490.54",3.4861,100
"Miami, FL",Gas,2000 kg/day,Medium,0.1,0.0018,0.0106,0.0041,-,1.9885,1.4909,"231,656.15",3.4793,100
"Miami, FL",Gas,2000 kg/day,Medium,0.11,0.0018,0.0106,0.0041,-,1.9874,1.4954,"254,821.77",3.4827,100
"Miami, FL",Gas,2000 kg/day,Medium,0.12,0.0018,0.0106,0.0041,-,1.9858,1.4909,"277,987.38",3.4766,100
"Miami, FL",Gas,2000 kg/day,Medium,0.13,0.0018,0.0106,0.0041,-,1.9879,1.4947,"301,153.00",3.4825,100
"Miami, FL",Gas,2000 kg/day,Medium,0.14,0.0018,0.0106,0.0041,-,1.987,1.4909,"324,318.61",3.4778,100
"Miami, FL",Gas,2000 kg/day,Medium,0.15,0.0018,0.0106,0.0041,-,1.9857,1.4942,"347,484.23",3.4798,100
"Miami, FL",Gas,2000 kg/day,Medium,0.16,0.0018,0.0106,0.0041,-,1.985,1.4909,"370,649.84",3.4758,100
"Miami, FL",Gas,2000 kg/day,Medium,0.17,0.0018,0.0106,0.0041,-,1.9844,1.4938,"393,815.46",3.4781,100
"Miami, FL",Gas,2000 kg/day,Medium,0.18,0.0018,0.0106,0.0041,-,1.9838,1.4909,"416,981.07",3.4746,100
"Miami, FL",Gas,2000 kg/day,Medium,0.19,0.0018,0.0106,0.0041,-,1.9829,1.4935,"440,146.69",3.4763,100
"Miami, FL",Gas,2000 kg/day,Medium,0.2,0.0018,0.0106,0.0041,-,1.9824,1.4909,"463,312.30",3.4732,100
"Miami, FL",Gas,2000 kg/day,Medium,0.21,0.0018,0.0106,0.0041,-,1.982,1.4932,"486,477.92",3.4752,100
"Miami, FL",Gas,2000 kg/day,Medium,0.22,0.0018,0.0106,0.0041,-,1.9817,1.4909,"509,643.53",3.4725,100
"Miami, FL",Gas,2000 kg/day,Medium,0.23,0.0018,0.0106,0.0041,-,1.9809,1.493,"532,809.15",3.4739,100
"Miami, FL",Gas,2000 kg/day,Medium,0.24,0.0018,0.0106,0.0041,-,1.9806,1.4909,"555,974.76",3.4714,100
"Miami, FL",Gas,2000 kg/day,Medium,0.25,0.0018,0.0106,0.0041,-,1.9819,1.4889,"579,140.38",3.4708,100
"Miami, FL",Gas,2000 kg/day,Medium,0.26,0.0018,0.0106,0.0041,-,1.9815,1.4909,"602,305.99",3.4723,100
"Miami, FL",Gas,2000 kg/day,Medium,0.27,0.0018,0.0106,0.0041,-,1.9809,1.489,"625,471.61",3.4699,100
"Miami, FL",Gas,2000 kg/day,Medium,0.28,0.0018,0.0106,0.0041,-,1.9806,1.4909,"648,637.22",3.4714,100
"Miami, FL",Gas,2000 kg/day,Medium,0.29,0.0018,0.0106,0.0041,-,1.9804,1.4892,"671,802.84",3.4695,100
"Miami, FL",Gas,2000 kg/day,Medium,0.3,0.0018,0.0106,0.0041,-,1.9798,1.4909,"694,968.46",3.4706,100
"Miami, FL",Gas,2000 kg/day,Medium,0.31,0.0018,0.0106,0.0041,-,1.9796,1.4893,"718,134.07",3.4688,100
"Miami, FL",Gas,2000 kg/day,Medium,0.32,0.0018,0.0106,0.0041,-,1.9794,1.4909,"741,299.69",3.4702,100
"Miami, FL",Gas,2000 kg/day,Medium,0.33,0.0018,0.0106,0.0041,-,1.9792,1.4894,"764,465.30",3.4685,100
"Miami, FL",Gas,2000 kg/day,Medium,0.34,0.0018,0.0106,0.0041,-,1.9788,1.4909,"787,630.92",3.4696,100
"Miami, FL",Gas,2000 kg/day,Medium,0.35,0.0018,0.0106,0.0041,-,1.9786,1.4895,"810,796.53",3.468,100
"Miami, FL",Gas,2000 kg/day,Medium,0.36,0.0018,0.0106,0.0041,-,1.9784,1.4909,"833,962.15",3.4692,100
"Miami, FL",Gas,2000 kg/day,Medium,0.37,0.0018,0.0106,0.0041,-,1.9793,1.4895,"857,127.76",3.4688,100
"Miami, FL",Gas,2000 kg/day,Medium,0.38,0.0018,0.0106,0.0041,-,1.9789,1.4909,"880,293.38",3.4697,100
"Miami, FL",Gas,2000 kg/day,Medium,0.39,0.0018,0.0106,0.0041,-,1.9787,1.4896,"903,458.99",3.4683,100
"Miami, FL",Gas,2000 kg/day,Medium,0.4,0.0018,0.0106,0.0041,-,1.9786,1.4909,"926,624.61",3.4694,100
"Miami, FL",Gas,2000 kg/day,Medium,0.41,0.0018,0.0106,0.0041,-,1.9784,1.4897,"949,790.22",3.468,100
"Miami, FL",Gas,3000 kg/day,Medium,0.01,0.0018,0.0106,0.0041,-,2.0695,1.4685,"23,165.62",3.538,100
"Miami, FL",Gas,3000 kg/day,Medium,0.02,0.0018,0.0106,0.0041,-,2.0307,1.4685,"46,331.23",3.4992,100
"Miami, FL",Gas,3000 kg/day,Medium,0.03,0.0018,0.0106,0.0041,-,2.0158,1.4213,"69,496.85",3.4371,100
"Miami, FL",Gas,3000 kg/day,Medium,0.04,0.0018,0.0106,0.0041,-,2.0055,1.4331,"92,662.46",3.4386,100
"Miami, FL",Gas,3000 kg/day,Medium,0.05,0.0018,0.0106,0.0041,-,2.0006,1.4402,"115,828.08",3.4407,100
"Miami, FL",Gas,3000 kg/day,Medium,0.06,0.0018,0.0106,0.0041,-,1.9971,1.4213,"138,993.69",3.4184,100
"Miami, FL",Gas,3000 kg/day,Medium,0.07,0.0018,0.0106,0.0041,-,1.9945,1.428,"162,159.31",3.4225,100
"Miami, FL",Gas,3000 kg/day,Medium,0.08,0.0018,0.0106,0.0041,-,1.9914,1.4331,"185,324.92",3.4245,100
"Miami, FL",Gas,3000 kg/day,Medium,0.09,0.0018,0.0106,0.0041,-,1.9898,1.4213,"208,490.54",3.4111,100
"Miami, FL",Gas,3000 kg/day,Medium,0.1,0.0018,0.0106,0.0041,-,1.9885,1.426,"231,656.15",3.4145,100
"Miami, FL",Gas,3000 kg/day,Medium,0.11,0.0018,0.0106,0.0041,-,1.9874,1.4299,"254,821.77",3.4172,100
"Miami, FL",Gas,3000 kg/day,Medium,0.12,0.0018,0.0106,0.0041,-,1.9858,1.4213,"277,987.38",3.4071,100
"Miami, FL",Gas,3000 kg/day,Medium,0.13,0.0018,0.0106,0.0041,-,1.9879,1.4249,"301,153.00",3.4128,100
"Miami, FL",Gas,3000 kg/day,Medium,0.14,0.0018,0.0106,0.0041,-,1.987,1.428,"324,318.61",3.415,100
"Miami, FL",Gas,3000 kg/day,Medium,0.15,0.0018,0.0106,0.0041,-,1.9857,1.4213,"347,484.23",3.407,100
"Miami, FL",Gas,3000 kg/day,Medium,0.16,0.0018,0.0106,0.0041,-,1.985,1.4242,"370,649.84",3.4092,100
"Miami, FL",Gas,3000 kg/day,Medium,0.17,0.0018,0.0106,0.0041,-,1.9844,1.4268,"393,815.46",3.4112,100
"Miami, FL",Gas,3000 kg/day,Medium,0.18,0.0018,0.0106,0.0041,-,1.9838,1.4213,"416,981.07",3.4051,100
"Miami, FL",Gas,3000 kg/day,Medium,0.19,0.0018,0.0106,0.0041,-,1.9829,1.4238,"440,146.69",3.4066,100
"Miami, FL",Gas,3000 kg/day,Medium,0.2,0.0018,0.0106,0.0041,-,1.9824,1.426,"463,312.30",3.4084,100
"Miami, FL",Gas,3000 kg/day,Medium,0.21,0.0018,0.0106,0.0041,-,1.982,1.4213,"486,477.92",3.4033,100
"Miami, FL",Gas,3000 kg/day,Medium,0.22,0.0018,0.0106,0.0041,-,1.9817,1.4234,"509,643.53",3.4051,100
"Miami, FL",Gas,3000 kg/day,Medium,0.23,0.0018,0.0106,0.0041,-,1.9809,1.4254,"532,809.15",3.4063,100
"Miami, FL",Gas,3000 kg/day,Medium,0.24,0.0018,0.0106,0.0041,-,1.9806,1.4213,"555,974.76",3.4019,100
"Miami, FL",Gas,3000 kg/day,Medium,0.25,0.0018,0.0106,0.0041,-,1.9819,1.4232,"579,140.38",3.405,100
"Miami, FL",Gas,3000 kg/day,Medium,0.26,0.0018,0.0106,0.0041,-,1.9815,1.4195,"602,305.99",3.4009,100
"Miami, FL",Gas,3000 kg/day,Medium,0.27,0.0018,0.0106,0.0041,-,1.9809,1.4213,"625,471.61",3.4022,100
"Miami, FL",Gas,3000 kg/day,Medium,0.28,0.0018,0.0106,0.0041,-,1.9806,1.423,"648,637.22",3.4035,100
"Miami, FL",Gas,3000 kg/day,Medium,0.29,0.0018,0.0106,0.0041,-,1.9804,1.4197,"671,802.84",3.4,100
"Miami, FL",Gas,3000 kg/day,Medium,0.3,0.0018,0.0106,0.0041,-,1.9798,1.4213,"694,968.46",3.4011,100
"Miami, FL",Gas,3000 kg/day,Medium,0.31,0.0018,0.0106,0.0041,-,1.9796,1.4228,"718,134.07",3.4024,100
"Miami, FL",Gas,3000 kg/day,Medium,0.32,0.0018,0.0106,0.0041,-,1.9794,1.4198,"741,299.69",3.3992,100
"Miami, FL",Gas,3000 kg/day,Medium,0.33,0.0018,0.0106,0.0041,-,1.9792,1.4213,"764,465.30",3.4005,100
"Miami, FL",Gas,3000 kg/day,Medium,0.34,0.0018,0.0106,0.0041,-,1.9788,1.4227,"787,630.92",3.4014,100
"Miami, FL",Gas,3000 kg/day,Medium,0.35,0.0018,0.0106,0.0041,-,1.9786,1.4199,"810,796.53",3.3985,100
"Miami, FL",Gas,3000 kg/day,Medium,0.36,0.0018,0.0106,0.0041,-,1.9784,1.4213,"833,962.15",3.3997,100
"Miami, FL",Gas,3000 kg/day,Medium,0.37,0.0018,0.0106,0.0041,-,1.9793,1.4226,"857,127.76",3.4018,100
"Miami, FL",Gas,3000 kg/day,Medium,0.38,0.0018,0.0106,0.0041,-,1.9789,1.42,"880,293.38",3.3989,100
"Miami, FL",Gas,3000 kg/day,Medium,0.39,0.0018,0.0106,0.0041,-,1.9787,1.4213,"903,458.99",3.4,100
"Miami, FL",Gas,3000 kg/day,Medium,0.4,0.0018,0.0106,0.0041,-,1.9786,1.4225,"926,624.61",3.401,100
"Miami, FL",Gas,3000 kg/day,Medium,0.41,0.0018,0.0106,0.0041,-,1.9784,1.4201,"949,790.22",3.3985,100
"Miami, FL",Liquid,1000 kg/day,Medium,0.01,0.03,0.0255,0.0155,-,3.1034,0.93,"23,165.62",4.0334,100
"Miami, FL",Liquid,1000 kg/day,Medium,0.02,0.03,0.0255,0.0155,-,2.8915,0.93,"46,331.23",3.8215,100
"Miami, FL",Liquid,1000 kg/day,Medium,0.03,0.03,0.0255,0.0155,-,2.7843,0.93,"69,496.85",3.7143,100
"Miami, FL",Liquid,1000 kg/day,Medium,0.04,0.03,0.0255,0.0155,-,2.7145,0.93,"92,662.46",3.6445,100
"Miami, FL",Liquid,1000 kg/day,Medium,0.05,0.03,0.0255,0.0155,-,2.6636,0.93,"115,828.08",3.5936,100
"Miami, FL",Liquid,1000 kg/day,Medium,0.06,0.03,0.0255,0.0155,-,2.6238,0.93,"138,993.69",3.5538,100
"Miami, FL",Liquid,1000 kg/day,Medium,0.07,0.03,0.0255,0.0155,-,2.5921,0.93,"162,159.31",3.5221,100
"Miami, FL",Liquid,1000 kg/day,Medium,0.08,0.03,0.0255,0.0155,-,2.5648,0.93,"185,324.92",3.4948,100
"Miami, FL",Liquid,1000 kg/day,Medium,0.09,0.03,0.0255,0.0155,-,2.5456,0.93,"208,490.54",3.4756,100
"Miami, FL",Liquid,1000 kg/day,Medium,0.1,0.03,0.0255,0.0155,-,2.5248,0.93,"231,656.15",3.4548,100
"Miami, FL",Liquid,1000 kg/day,Medium,0.11,0.03,0.0255,0.0155,-,2.5064,0.93,"254,821.77",3.4364,100
"Miami, FL",Liquid,1000 kg/day,Medium,0.12,0.03,0.0255,0.0155,-,2.49,0.93,"277,987.38",3.42,100
"Miami, FL",Liquid,1000 kg/day,Medium,0.13,0.03,0.0255,0.0155,-,2.4755,0.93,"301,153.00",3.4055,100
"Miami, FL",Liquid,1000 kg/day,Medium,0.14,0.03,0.0255,0.0155,-,2.462,0.93,"324,318.61",3.392,100
"Miami, FL",Liquid,1000 kg/day,Medium,0.15,0.03,0.0255,0.0155,-,2.4497,0.93,"347,484.23",3.3797,100
"Miami, FL",Liquid,1000 kg/day,Medium,0.16,0.03,0.0255,0.0155,-,2.4383,0.93,"370,649.84",3.3683,100
"Miami, FL",Liquid,1000 kg/day,Medium,0.17,0.03,0.0255,0.0155,-,2.4277,0.93,"393,815.46",3.3577,100
"Miami, FL",Liquid,1000 kg/day,Medium,0.18,0.03,0.0255,0.0155,-,2.42,0.93,"416,981.07",3.35,100
"Miami, FL",Liquid,1000 kg/day,Medium,0.19,0.03,0.0255,0.0155,-,2.4109,0.93,"440,146.69",3.3409,100
"Miami, FL",Liquid,1000 kg/day,Medium,0.2,0.03,0.0255,0.0155,-,2.4022,0.93,"463,312.30",3.3322,100
"Miami, FL",Liquid,1000 kg/day,Medium,0.21,0.03,0.0255,0.0155,-,2.394,0.93,"486,477.92",3.324,100
"Miami, FL",Liquid,1000 kg/day,Medium,0.22,0.03,0.0255,0.0155,-,2.3863,0.93,"509,643.53",3.3163,100
"Miami, FL",Liquid,1000 kg/day,Medium,0.23,0.03,0.0255,0.0155,-,2.379,0.93,"532,809.15",3.309,100
"Miami, FL",Liquid,1000 kg/day,Medium,0.24,0.03,0.0255,0.0155,-,2.372,0.9287,"555,974.76",3.3007,100
"Miami, FL",Liquid,1000 kg/day,Medium,0.25,0.03,0.0255,0.0155,-,2.3656,0.9288,"579,140.38",3.2943,100
"Miami, FL",Liquid,1000 kg/day,Medium,0.26,0.03,0.0255,0.0155,-,2.3608,0.9288,"602,305.99",3.2896,100
"Miami, FL",Liquid,1000 kg/day,Medium,0.27,0.03,0.0255,0.0155,-,2.3547,0.9289,"625,471.61",3.2835,100
"Miami, FL",Liquid,1000 kg/day,Medium,0.28,0.03,0.0255,0.0155,-,2.349,0.9289,"648,637.22",3.2779,100
"Miami, FL",Liquid,1000 kg/day,Medium,0.29,0.03,0.0255,0.0155,-,2.3434,0.9289,"671,802.84",3.2723,100
"Miami, FL",Liquid,1000 kg/day,Medium,0.3,0.03,0.0255,0.0155,-,2.3382,0.929,"694,968.46",3.2671,100
"Miami, FL",Liquid,1000 kg/day,Medium,0.31,0.03,0.0255,0.0155,-,2.3332,0.929,"718,134.07",3.2622,100
"Miami, FL",Liquid,1000 kg/day,Medium,0.32,0.03,0.0255,0.0155,-,2.3283,0.929,"741,299.69",3.2573,100
"Miami, FL",Liquid,1000 kg/day,Medium,0.33,0.03,0.0255,0.0155,-,2.3236,0.9291,"764,465.30",3.2526,100
"Miami, FL",Liquid,1000 kg/day,Medium,0.34,0.03,0.0255,0.0155,-,2.3191,0.9291,"787,630.92",3.2482,100
"Miami, FL",Liquid,1000 kg/day,Medium,0.35,0.03,0.0255,0.0155,-,2.3158,0.9291,"810,796.53",3.2449,100
"Miami, FL",Liquid,1000 kg/day,Medium,0.36,0.03,0.0255,0.0155,-,2.3115,0.9291,"833,962.15",3.2406,100
"Miami, FL",Liquid,1000 kg/day,Medium,0.37,0.03,0.0255,0.0155,-,2.3074,0.9292,"857,127.76",3.2365,100
"Miami, FL",Liquid,1000 kg/day,Medium,0.38,0.03,0.0255,0.0155,-,2.3036,0.9292,"880,293.38",3.2328,100
"Miami, FL",Liquid,1000 kg/day,Medium,0.39,0.03,0.0255,0.0155,-,2.2997,0.9292,"903,458.99",3.2289,100
"Miami, FL",Liquid,1000 kg/day,Medium,0.4,0.03,0.0255,0.0155,-,2.296,0.9292,"926,624.61",3.2252,100
"Miami, FL",Liquid,1000 kg/day,Medium,0.41,0.03,0.0255,0.0155,-,2.2924,0.9292,"949,790.22",3.2216,100
"Miami, FL",Liquid,2000 kg/day,Medium,0.01,0.03,0.0255,0.0155,-,3.1034,0.6493,"23,165.62",3.7527,100
"Miami, FL",Liquid,2000 kg/day,Medium,0.02,0.03,0.0255,0.0155,-,2.8915,0.6283,"46,331.23",3.5198,100
"Miami, FL",Liquid,2000 kg/day,Medium,0.03,0.03,0.0255,0.0155,-,2.7843,0.6353,"69,496.85",3.4196,100
"Miami, FL",Liquid,2000 kg/day,Medium,0.04,0.03,0.0255,0.0155,-,2.7145,0.6283,"92,662.46",3.3428,100
"Miami, FL",Liquid,2000 kg/day,Medium,0.05,0.03,0.0255,0.0155,-,2.6636,0.6325,"115,828.08",3.2961,100
"Miami, FL",Liquid,2000 kg/day,Medium,0.06,0.03,0.0255,0.0155,-,2.6238,0.6283,"138,993.69",3.2521,100
"Miami, FL",Liquid,2000 kg/day,Medium,0.07,0.03,0.0255,0.0155,-,2.5921,0.6313,"162,159.31",3.2234,100
"Miami, FL",Liquid,2000 kg/day,Medium,0.08,0.03,0.0255,0.0155,-,2.5648,0.6283,"185,324.92",3.1931,100
"Miami, FL",Liquid,2000 kg/day,Medium,0.09,0.03,0.0255,0.0155,-,2.5456,0.6307,"208,490.54",3.1762,100
"Miami, FL",Liquid,2000 kg/day,Medium,0.1,0.03,0.0255,0.0155,-,2.5248,0.6283,"231,656.15",3.1531,100
"Miami, FL",Liquid,2000 kg/day,Medium,0.11,0.03,0.0255,0.0155,-,2.5064,0.6303,"254,821.77",3.1366,100
"Miami, FL",Liquid,2000 kg/day,Medium,0.12,0.03,0.0255,0.0155,-,2.49,0.6283,"277,987.38",3.1183,100
"Miami, FL",Liquid,2000 kg/day,Medium,0.13,0.03,0.0255,0.0155,-,2.4755,0.63,"301,153.00",3.1054,100
"Miami, FL",Liquid,2000 kg/day,Medium,0.14,0.03,0.0255,0.0155,-,2.462,0.6283,"324,318.61",3.0903,100
"Miami, FL",Liquid,2000 kg/day,Medium,0.15,0.03,0.0255,0.0155,-,2.4497,0.6297,"347,484.23",3.0794,100
"Miami, FL",Liquid,2000 kg/day,Medium,0.16,0.03,0.0255,0.0155,-,2.4383,0.6283,"370,649.84",3.0666,100
"Miami, FL",Liquid,2000 kg/day,Medium,0.17,0.03,0.0255,0.0155,-,2.4277,0.6296,"393,815.46",3.0572,100
"Miami, FL",Liquid,2000 kg/day,Medium,0.18,0.03,0.0255,0.0155,-,2.42,0.6283,"416,981.07",3.0483,100
"Miami, FL",Liquid,2000 kg/day,Medium,0.19,0.03,0.0255,0.0155,-,2.4109,0.6295,"440,146.69",3.0403,100
"Miami, FL",Liquid,2000 kg/day,Medium,0.2,0.03,0.0255,0.0155,-,2.4022,0.6283,"463,312.30",3.0305,100
"Miami, FL",Liquid,2000 kg/day,Medium,0.21,0.03,0.0255,0.0155,-,2.394,0.6293,"486,477.92",3.0233,100
"Miami, FL",Liquid,2000 kg/day,Medium,0.22,0.03,0.0255,0.0155,-,2.3863,0.6283,"509,643.53",3.0146,100
"Miami, FL",Liquid,2000 kg/day,Medium,0.23,0.03,0.0255,0.0155,-,2.379,0.6293,"532,809.15",3.0082,100
"Miami, FL",Liquid,2000 kg/day,Medium,0.24,0.03,0.0255,0.0155,-,2.372,0.6283,"555,974.76",3.0003,100
"Miami, FL",Liquid,2000 kg/day,Medium,0.25,0.03,0.0255,0.0155,-,2.3656,0.6275,"579,140.38",2.9931,100
"Miami, FL",Liquid,2000 kg/day,Medium,0.26,0.03,0.0255,0.0155,-,2.3608,0.6283,"602,305.99",2.9891,100
"Miami, FL",Liquid,2000 kg/day,Medium,0.27,0.03,0.0255,0.0155,-,2.3547,0.6276,"625,471.61",2.9822,100
"Miami, FL",Liquid,2000 kg/day,Medium,0.28,0.03,0.0255,0.0155,-,2.349,0.6283,"648,637.22",2.9773,100
"Miami, FL",Liquid,2000 kg/day,Medium,0.29,0.03,0.0255,0.0155,-,2.3434,0.6276,"671,802.84",2.971,100
"Miami, FL",Liquid,2000 kg/day,Medium,0.3,0.03,0.0255,0.0155,-,2.3382,0.6283,"694,968.46",2.9665,100
"Miami, FL",Liquid,2000 kg/day,Medium,0.31,0.03,0.0255,0.0155,-,2.3332,0.6277,"718,134.07",2.9608,100
"Miami, FL",Liquid,2000 kg/day,Medium,0.32,0.03,0.0255,0.0155,-,2.3283,0.6283,"741,299.69",2.9566,100
"Miami, FL",Liquid,2000 kg/day,Medium,0.33,0.03,0.0255,0.0155,-,2.3236,0.6277,"764,465.30",2.9513,100
"Miami, FL",Liquid,2000 kg/day,Medium,0.34,0.03,0.0255,0.0155,-,2.3191,0.6283,"787,630.92",2.9474,100
"Miami, FL",Liquid,2000 kg/day,Medium,0.35,0.03,0.0255,0.0155,-,2.3158,0.6277,"810,796.53",2.9435,100
"Miami, FL",Liquid,2000 kg/day,Medium,0.36,0.03,0.0255,0.0155,-,2.3115,0.6283,"833,962.15",2.9398,100
"Miami, FL",Liquid,2000 kg/day,Medium,0.37,0.03,0.0255,0.0155,-,2.3074,0.6278,"857,127.76",2.9351,100
"Miami, FL",Liquid,2000 kg/day,Medium,0.38,0.03,0.0255,0.0155,-,2.3036,0.6283,"880,293.38",2.9319,100
"Miami, FL",Liquid,2000 kg/day,Medium,0.39,0.03,0.0255,0.0155,-,2.2997,0.6278,"903,458.99",2.9275,100
"Miami, FL",Liquid,2000 kg/day,Medium,0.4,0.03,0.0255,0.0155,-,2.296,0.6283,"926,624.61",2.9243,100
"Miami, FL",Liquid,2000 kg/day,Medium,0.41,0.03,0.0255,0.0155,-,2.2924,0.6278,"949,790.22",2.9202,100
"Miami, FL",Liquid,3000 kg/day,Medium,0.01,0.03,0.0255,0.0155,-,3.1034,0.6155,"23,165.62",3.7189,100
"Miami, FL",Liquid,3000 kg/day,Medium,0.02,0.03,0.0255,0.0155,-,2.8915,0.6155,"46,331.23",3.507,100
"Miami, FL",Liquid,3000 kg/day,Medium,0.03,0.03,0.0255,0.0155,-,2.7843,0.5957,"69,496.85",3.3799,100
"Miami, FL",Liquid,3000 kg/day,Medium,0.04,0.03,0.0255,0.0155,-,2.7145,0.6006,"92,662.46",3.3151,100
"Miami, FL",Liquid,3000 kg/day,Medium,0.05,0.03,0.0255,0.0155,-,2.6636,0.6036,"115,828.08",3.2672,100
"Miami, FL",Liquid,3000 kg/day,Medium,0.06,0.03,0.0255,0.0155,-,2.6238,0.5957,"138,993.69",3.2194,100
"Miami, FL",Liquid,3000 kg/day,Medium,0.07,0.03,0.0255,0.0155,-,2.5921,0.5985,"162,159.31",3.1906,100
"Miami, FL",Liquid,3000 kg/day,Medium,0.08,0.03,0.0255,0.0155,-,2.5648,0.6006,"185,324.92",3.1654,100
"Miami, FL",Liquid,3000 kg/day,Medium,0.09,0.03,0.0255,0.0155,-,2.5456,0.5957,"208,490.54",3.1412,100
"Miami, FL",Liquid,3000 kg/day,Medium,0.1,0.03,0.0255,0.0155,-,2.5248,0.5977,"231,656.15",3.1224,100
"Miami, FL",Liquid,3000 kg/day,Medium,0.11,0.03,0.0255,0.0155,-,2.5064,0.5993,"254,821.77",3.1056,100
"Miami, FL",Liquid,3000 kg/day,Medium,0.12,0.03,0.0255,0.0155,-,2.49,0.5957,"277,987.38",3.0856,100
"Miami, FL",Liquid,3000 kg/day,Medium,0.13,0.03,0.0255,0.0155,-,2.4755,0.5972,"301,153.00",3.0727,100
"Miami, FL",Liquid,3000 kg/day,Medium,0.14,0.03,0.0255,0.0155,-,2.462,0.5985,"324,318.61",3.0605,100
"Miami, FL",Liquid,3000 kg/day,Medium,0.15,0.03,0.0255,0.0155,-,2.4497,0.5957,"347,484.23",3.0453,100
"Miami, FL",Liquid,3000 kg/day,Medium,0.16,0.03,0.0255,0.0155,-,2.4383,0.5969,"370,649.84",3.0352,100
"Miami, FL",Liquid,3000 kg/day,Medium,0.17,0.03,0.0255,0.0155,-,2.4277,0.598,"393,815.46",3.0257,100
"Miami, FL",Liquid,3000 kg/day,Medium,0.18,0.03,0.0255,0.0155,-,2.42,0.5957,"416,981.07",3.0156,100
"Miami, FL",Liquid,3000 kg/day,Medium,0.19,0.03,0.0255,0.0155,-,2.4109,0.5967,"440,146.69",3.0076,100
"Miami, FL",Liquid,3000 kg/day,Medium,0.2,0.03,0.0255,0.0155,-,2.4022,0.5977,"463,312.30",2.9998,100
"Miami, FL",Liquid,3000 kg/day,Medium,0.21,0.03,0.0255,0.0155,-,2.394,0.5957,"486,477.92",2.9896,100
"Miami, FL",Liquid,3000 kg/day,Medium,0.22,0.03,0.0255,0.0155,-,2.3863,0.5966,"509,643.53",2.9828,100
"Miami, FL",Liquid,3000 kg/day,Medium,0.23,0.03,0.0255,0.0155,-,2.379,0.5974,"532,809.15",2.9764,100
"Miami, FL",Liquid,3000 kg/day,Medium,0.24,0.03,0.0255,0.0155,-,2.372,0.5957,"555,974.76",2.9676,100
"Miami, FL",Liquid,3000 kg/day,Medium,0.25,0.03,0.0255,0.0155,-,2.3656,0.5965,"579,140.38",2.962,100
"Miami, FL",Liquid,3000 kg/day,Medium,0.26,0.03,0.0255,0.0155,-,2.3608,0.5949,"602,305.99",2.9557,100
"Miami, FL",Liquid,3000 kg/day,Medium,0.27,0.03,0.0255,0.0155,-,2.3547,0.5957,"625,471.61",2.9503,100
"Miami, FL",Liquid,3000 kg/day,Medium,0.28,0.03,0.0255,0.0155,-,2.349,0.5964,"648,637.22",2.9453,100
"Miami, FL",Liquid,3000 kg/day,Medium,0.29,0.03,0.0255,0.0155,-,2.3434,0.595,"671,802.84",2.9383,100
"Miami, FL",Liquid,3000 kg/day,Medium,0.3,0.03,0.0255,0.0155,-,2.3382,0.5957,"694,968.46",2.9338,100
"Miami, FL",Liquid,3000 kg/day,Medium,0.31,0.03,0.0255,0.0155,-,2.3332,0.5963,"718,134.07",2.9295,100
"Miami, FL",Liquid,3000 kg/day,Medium,0.32,0.03,0.0255,0.0155,-,2.3283,0.595,"741,299.69",2.9233,100
"Miami, FL",Liquid,3000 kg/day,Medium,0.33,0.03,0.0255,0.0155,-,2.3236,0.5957,"764,465.30",2.9192,100
"Miami, FL",Liquid,3000 kg/day,Medium,0.34,0.03,0.0255,0.0155,-,2.3191,0.5963,"787,630.92",2.9153,100
"Miami, FL",Liquid,3000 kg/day,Medium,0.35,0.03,0.0255,0.0155,-,2.3158,0.5951,"810,796.53",2.9109,100
"Miami, FL",Liquid,3000 kg/day,Medium,0.36,0.03,0.0255,0.0155,-,2.3115,0.5957,"833,962.15",2.9071,100
"Miami, FL",Liquid,3000 kg/day,Medium,0.37,0.03,0.0255,0.0155,-,2.3074,0.5962,"857,127.76",2.9036,100
"Miami, FL",Liquid,3000 kg/day,Medium,0.38,0.03,0.0255,0.0155,-,2.3036,0.5951,"880,293.38",2.8987,100
"Miami, FL",Liquid,3000 kg/day,Medium,0.39,0.03,0.0255,0.0155,-,2.2997,0.5957,"903,458.99",2.8953,100
"Miami, FL",Liquid,3000 kg/day,Medium,0.4,0.03,0.0255,0.0155,-,2.296,0.5962,"926,624.61",2.8921,100
"Miami, FL",Liquid,3000 kg/day,Medium,0.41,0.03,0.0255,0.0155,-,2.2924,0.5952,"949,790.22",2.8875,100
"Miami, FL",Pipe,1000 kg/day,Medium,0.01,0.0255,0.0003,0.0041,7.3464,1.9995,1.8916,"23,165.62",11.2375,100
"Miami, FL",Pipe,1000 kg/day,Medium,0.02,0.0255,0.0003,0.0041,5.292,1.1146,1.8916,"46,331.23",8.2981,100
"Miami, FL",Pipe,1000 kg/day,Medium,0.03,0.0255,0.0003,0.0041,4.3876,0.818,1.8916,"69,496.85",7.0972,100
"Miami, FL",Pipe,1000 kg/day,Medium,0.04,0.0255,0.0003,0.0041,3.8541,0.6695,1.8916,"92,662.46",6.4152,100
"Miami, FL",Pipe,1000 kg/day,Medium,0.05,0.0255,0.0003,0.0041,3.4968,0.5753,1.8916,"115,828.08",5.9637,100
"Miami, FL",Pipe,1000 kg/day,Medium,0.06,0.0255,0.0003,0.0041,3.2303,0.5159,1.8916,"138,993.69",5.6379,100
"Miami, FL",Pipe,1000 kg/day,Medium,0.07,0.0255,0.0003,0.0041,3.0272,0.4701,1.8916,"162,159.31",5.3889,100
"Miami, FL",Pipe,1000 kg/day,Medium,0.08,0.0255,0.0003,0.0041,2.8663,0.4366,1.8916,"185,324.92",5.1946,100
"Miami, FL",Pipe,1000 kg/day,Medium,0.09,0.0255,0.0003,0.0041,2.7282,0.411,1.8916,"208,490.54",5.0309,100
"Miami, FL",Pipe,1000 kg/day,Medium,0.1,0.0255,0.0003,0.0041,2.6152,0.3895,1.8916,"231,656.15",4.8963,100
"Miami, FL",Pipe,1000 kg/day,Medium,0.11,0.0255,0.0003,0.0041,2.5195,0.3722,1.8916,"254,821.77",4.7833,100
"Miami, FL",Pipe,1000 kg/day,Medium,0.12,0.0255,0.0003,0.0041,2.4373,0.3579,1.8916,"277,987.38",4.6868,100
"Miami, FL",Pipe,1000 kg/day,Medium,0.13,0.0255,0.0003,0.0041,2.3591,0.3452,1.8916,"301,153.00",4.5959,100
"Miami, FL",Pipe,1000 kg/day,Medium,0.14,0.0255,0.0003,0.0041,2.2937,0.3346,1.8916,"324,318.61",4.52,100
"Miami, FL",Pipe,1000 kg/day,Medium,0.15,0.0255,0.0003,0.0041,2.2358,0.3256,1.8916,"347,484.23",4.453,100
"Miami, FL",Pipe,1000 kg/day,Medium,0.16,0.0255,0.0003,0.0041,2.184,0.3171,1.8916,"370,649.84",4.3928,100
"Miami, FL",Pipe,1000 kg/day,Medium,0.17,0.0255,0.0003,0.0041,2.1375,0.3098,1.8916,"393,815.46",4.3389,100
"Miami, FL",Pipe,1000 kg/day,Medium,0.18,0.0255,0.0003,0.0041,2.0895,0.3033,1.8916,"416,981.07",4.2844,100
"Miami, FL",Pipe,1000 kg/day,Medium,0.19,0.0255,0.0003,0.0041,2.0495,0.2978,1.8916,"440,146.69",4.2389,100
"Miami, FL",Pipe,1000 kg/day,Medium,0.2,0.0255,0.0003,0.0041,2.013,0.2921,1.8916,"463,312.30",4.1967,100
"Miami, FL",Pipe,1000 kg/day,Medium,0.21,0.0255,0.0003,0.0041,1.9795,0.2872,1.8916,"486,477.92",4.1583,100
"Miami, FL",Pipe,1000 kg/day,Medium,0.22,0.0255,0.0003,0.0041,1.9488,0.2829,1.8916,"509,643.53",4.1233,100
"Miami, FL",Pipe,1000 kg/day,Medium,0.23,0.0255,0.0003,0.0041,1.9204,0.279,1.8916,"532,809.15",4.091,100
"Miami, FL",Pipe,1000 kg/day,Medium,0.24,0.0255,0.0003,0.0041,1.8929,0.2755,1.8892,"555,974.76",4.0576,100
"Miami, FL",Pipe,1000 kg/day,Medium,0.25,0.0255,0.0003,0.0041,1.862,0.2715,1.8893,"579,140.38",4.0228,100
"Miami, FL",Pipe,1000 kg/day,Medium,0.26,0.0255,0.0003,0.0041,1.8381,0.2684,1.8894,"602,305.99",3.9959,100
"Miami, FL",Pipe,1000 kg/day,Medium,0.27,0.0255,0.0003,0.0041,1.8158,0.2655,1.8894,"625,471.61",3.9707,100
"Miami, FL",Pipe,1000 kg/day,Medium,0.28,0.0255,0.0003,0.0041,1.7949,0.2628,1.8895,"648,637.22",3.9473,100
"Miami, FL",Pipe,1000 kg/day,Medium,0.29,0.0255,0.0003,0.0041,1.7754,0.2604,1.8896,"671,802.84",3.9254,100
"Miami, FL",Pipe,1000 kg/day,Medium,0.3,0.0255,0.0003,0.0041,1.757,0.2583,1.8897,"694,968.46",3.9049,100
"Miami, FL",Pipe,1000 kg/day,Medium,0.31,0.0255,0.0003,0.0041,1.7397,0.2552,1.8897,"718,134.07",3.8846,100
"Miami, FL",Pipe,1000 kg/day,Medium,0.32,0.0255,0.0003,0.0041,1.7234,0.2531,1.8898,"741,299.69",3.8663,100
"Miami, FL",Pipe,1000 kg/day,Medium,0.33,0.0255,0.0003,0.0041,1.7017,0.2512,1.8898,"764,465.30",3.8428,100
"Miami, FL",Pipe,1000 kg/day,Medium,0.34,0.0255,0.0003,0.0041,1.6863,0.2494,1.8899,"787,630.92",3.8256,100
"Miami, FL",Pipe,1000 kg/day,Medium,0.35,0.0255,0.0003,0.0041,1.6717,0.2478,1.8899,"810,796.53",3.8094,100
"Miami, FL",Pipe,1000 kg/day,Medium,0.36,0.0255,0.0003,0.0041,1.6578,0.2462,1.89,"833,962.15",3.794,100
"Miami, FL",Pipe,1000 kg/day,Medium,0.37,0.0255,0.0003,0.0041,1.6447,0.2439,1.89,"857,127.76",3.7786,100
"Miami, FL",Pipe,1000 kg/day,Medium,0.38,0.0255,0.0003,0.0041,1.6321,0.2424,1.8901,"880,293.38",3.7645,100
"Miami, FL",Pipe,1000 kg/day,Medium,0.39,0.0255,0.0003,0.0041,1.6202,0.2409,1.8901,"903,458.99",3.7512,100
"Miami, FL",Pipe,1000 kg/day,Medium,0.4,0.0255,0.0003,0.0041,1.6089,0.2396,1.8902,"926,624.61",3.7386,100
"Miami, FL",Pipe,1000 kg/day,Medium,0.41,0.0255,0.0003,0.0041,1.598,0.2383,1.8902,"949,790.22",3.7266,100
"Miami, FL",Pipe,2000 kg/day,Medium,0.01,0.0255,0.0003,0.0041,5.3328,1.9995,1.9272,"23,165.62",9.2594,100
"Miami, FL",Pipe,2000 kg/day,Medium,0.02,0.0255,0.0003,0.0041,3.7879,1.1146,1.869,"46,331.23",6.7715,100
"Miami, FL",Pipe,2000 kg/day,Medium,0.03,0.0255,0.0003,0.0041,3.1679,0.818,1.8884,"69,496.85",5.8743,100
"Miami, FL",Pipe,2000 kg/day,Medium,0.04,0.0255,0.0003,0.0041,2.777,0.6695,1.869,"92,662.46",5.3156,100
"Miami, FL",Pipe,2000 kg/day,Medium,0.05,0.0255,0.0003,0.0041,2.5284,0.5753,1.8806,"115,828.08",4.9843,100
"Miami, FL",Pipe,2000 kg/day,Medium,0.06,0.0255,0.0003,0.0041,2.3357,0.5159,1.869,"138,993.69",4.7207,100
"Miami, FL",Pipe,2000 kg/day,Medium,0.07,0.0255,0.0003,0.0041,2.195,0.4701,1.8773,"162,159.31",4.5424,100
"Miami, FL",Pipe,2000 kg/day,Medium,0.08,0.0255,0.0003,0.0041,2.0753,0.4366,1.869,"185,324.92",4.3809,100
"Miami, FL",Pipe,2000 kg/day,Medium,0.09,0.0255,0.0003,0.0041,1.9858,0.411,1.8755,"208,490.54",4.2723,100
"Miami, FL",Pipe,2000 kg/day,Medium,0.1,0.0255,0.0003,0.0041,1.9051,0.3895,1.869,"231,656.15",4.1636,100
"Miami, FL",Pipe,2000 kg/day,Medium,0.11,0.0255,0.0003,0.0041,1.8347,0.3722,1.8743,"254,821.77",4.0812,100
"Miami, FL",Pipe,2000 kg/day,Medium,0.12,0.0255,0.0003,0.0041,1.7739,0.3579,1.869,"277,987.38",4.0008,100
"Miami, FL",Pipe,2000 kg/day,Medium,0.13,0.0255,0.0003,0.0041,1.7255,0.3452,1.8735,"301,153.00",3.9442,100
"Miami, FL",Pipe,2000 kg/day,Medium,0.14,0.0255,0.0003,0.0041,1.6742,0.3346,1.869,"324,318.61",3.8779,100
"Miami, FL",Pipe,2000 kg/day,Medium,0.15,0.0255,0.0003,0.0041,1.635,0.3256,1.8729,"347,484.23",3.8335,100
"Miami, FL",Pipe,2000 kg/day,Medium,0.16,0.0255,0.0003,0.0041,1.5969,0.3171,1.869,"370,649.84",3.783,100
"Miami, FL",Pipe,2000 kg/day,Medium,0.17,0.0255,0.0003,0.0041,1.5658,0.3098,1.8724,"393,815.46",3.748,100
"Miami, FL",Pipe,2000 kg/day,Medium,0.18,0.0255,0.0003,0.0041,1.5349,0.3033,1.869,"416,981.07",3.7073,100
"Miami, FL",Pipe,2000 kg/day,Medium,0.19,0.0255,0.0003,0.0041,1.5047,0.2978,1.8721,"440,146.69",3.6745,100
"Miami, FL",Pipe,2000 kg/day,Medium,0.2,0.0255,0.0003,0.0041,1.4778,0.2921,1.869,"463,312.30",3.6389,100
"Miami, FL",Pipe,2000 kg/day,Medium,0.21,0.0255,0.0003,0.0041,1.4556,0.2872,1.8718,"486,477.92",3.6145,100
"Miami, FL",Pipe,2000 kg/day,Medium,0.22,0.0255,0.0003,0.0041,1.4331,0.2829,1.869,"509,643.53",3.585,100
"Miami, FL",Pipe,2000 kg/day,Medium,0.23,0.0255,0.0003,0.0041,1.4142,0.279,1.8715,"532,809.15",3.5648,100
"Miami, FL",Pipe,2000 kg/day,Medium,0.24,0.0255,0.0003,0.0041,1.3951,0.2755,1.869,"555,974.76",3.5396,100
"Miami, FL",Pipe,2000 kg/day,Medium,0.25,0.0255,0.0003,0.0041,1.3727,0.2715,1.8667,"579,140.38",3.511,100
"Miami, FL",Pipe,2000 kg/day,Medium,0.26,0.0255,0.0003,0.0041,1.357,0.2684,1.869,"602,305.99",3.4944,100
"Miami, FL",Pipe,2000 kg/day,Medium,0.27,0.0255,0.0003,0.0041,1.3407,0.2655,1.8669,"625,471.61",3.473,100
"Miami, FL",Pipe,2000 kg/day,Medium,0.28,0.0255,0.0003,0.0041,1.327,0.2628,1.869,"648,637.22",3.4588,100
"Miami, FL",Pipe,2000 kg/day,Medium,0.29,0.0255,0.0003,0.0041,1.3128,0.2604,1.867,"671,802.84",3.4402,100
"Miami, FL",Pipe,2000 kg/day,Medium,0.3,0.0255,0.0003,0.0041,1.3008,0.2583,1.869,"694,968.46",3.4281,100
"Miami, FL",Pipe,2000 kg/day,Medium,0.31,0.0255,0.0003,0.0041,1.2883,0.2552,1.8671,"718,134.07",3.4106,100
"Miami, FL",Pipe,2000 kg/day,Medium,0.32,0.0255,0.0003,0.0041,1.2778,0.2531,1.869,"741,299.69",3.3999,100
"Miami, FL",Pipe,2000 kg/day,Medium,0.33,0.0255,0.0003,0.0041,1.2667,0.2512,1.8672,"764,465.30",3.3851,100
"Miami, FL",Pipe,2000 kg/day,Medium,0.34,0.0255,0.0003,0.0041,1.2573,0.2494,1.869,"787,630.92",3.3758,100
"Miami, FL",Pipe,2000 kg/day,Medium,0.35,0.0255,0.0003,0.0041,1.2474,0.2478,1.8674,"810,796.53",3.3625,100
"Miami, FL",Pipe,2000 kg/day,Medium,0.36,0.0255,0.0003,0.0041,1.2391,0.2462,1.869,"833,962.15",3.3543,100
"Miami, FL",Pipe,2000 kg/day,Medium,0.37,0.0255,0.0003,0.0041,1.2303,0.2439,1.8674,"857,127.76",3.3416,100
"Miami, FL",Pipe,2000 kg/day,Medium,0.38,0.0255,0.0003,0.0041,1.2229,0.2424,1.869,"880,293.38",3.3343,100
"Miami, FL",Pipe,2000 kg/day,Medium,0.39,0.0255,0.0003,0.0041,1.2149,0.2409,1.8675,"903,458.99",3.3233,100
"Miami, FL",Pipe,2000 kg/day,Medium,0.4,0.0255,0.0003,0.0041,1.2082,0.2396,1.869,"926,624.61",3.3169,100
"Miami, FL",Pipe,2000 kg/day,Medium,0.41,0.0255,0.0003,0.0041,1.2011,0.2383,1.8676,"949,790.22",3.307,100
"Miami, FL",Pipe,3000 kg/day,Medium,0.01,0.0255,0.0003,0.0041,4.3821,1.9995,1.8812,"23,165.62",8.2627,100
"Miami, FL",Pipe,3000 kg/day,Medium,0.02,0.0255,0.0003,0.0041,3.1697,1.1146,1.8812,"46,331.23",6.1654,100
"Miami, FL",Pipe,3000 kg/day,Medium,0.03,0.0255,0.0003,0.0041,2.597,0.818,1.8246,"69,496.85",5.2395,100
"Miami, FL",Pipe,3000 kg/day,Medium,0.04,0.0255,0.0003,0.0041,2.304,0.6695,1.8387,"92,662.46",4.8123,100
"Miami, FL",Pipe,3000 kg/day,Medium,0.05,0.0255,0.0003,0.0041,2.0963,0.5753,1.8472,"115,828.08",4.5188,100
"Miami, FL",Pipe,3000 kg/day,Medium,0.06,0.0255,0.0003,0.0041,1.9347,0.5159,1.8246,"138,993.69",4.2752,100
"Miami, FL",Pipe,3000 kg/day,Medium,0.07,0.0255,0.0003,0.0041,1.8173,0.4701,1.8326,"162,159.31",4.12,100
"Miami, FL",Pipe,3000 kg/day,Medium,0.08,0.0255,0.0003,0.0041,1.7282,0.4366,1.8387,"185,324.92",4.0035,100
"Miami, FL",Pipe,3000 kg/day,Medium,0.09,0.0255,0.0003,0.0041,1.6415,0.411,1.8246,"208,490.54",3.8771,100
"Miami, FL",Pipe,3000 kg/day,Medium,0.1,0.0255,0.0003,0.0041,1.5798,0.3895,1.8302,"231,656.15",3.7995,100
"Miami, FL",Pipe,3000 kg/day,Medium,0.11,0.0255,0.0003,0.0041,1.5276,0.3722,1.8349,"254,821.77",3.7347,100
"Miami, FL",Pipe,3000 kg/day,Medium,0.12,0.0255,0.0003,0.0041,1.4772,0.3579,1.8246,"277,987.38",3.6596,100
"Miami, FL",Pipe,3000 kg/day,Medium,0.13,0.0255,0.0003,0.0041,1.4326,0.3452,1.8289,"301,153.00",3.6067,100
"Miami, FL",Pipe,3000 kg/day,Medium,0.14,0.0255,0.0003,0.0041,1.3974,0.3346,1.8326,"324,318.61",3.5647,100
"Miami, FL",Pipe,3000 kg/day,Medium,0.15,0.0255,0.0003,0.0041,1.3621,0.3256,1.8246,"347,484.23",3.5122,100
"Miami, FL",Pipe,3000 kg/day,Medium,0.16,0.0255,0.0003,0.0041,1.3346,0.3171,1.8281,"370,649.84",3.4799,100
"Miami, FL",Pipe,3000 kg/day,Medium,0.17,0.0255,0.0003,0.0041,1.3049,0.3098,1.8312,"393,815.46",3.4459,100
"Miami, FL",Pipe,3000 kg/day,Medium,0.18,0.0255,0.0003,0.0041,1.2782,0.3033,1.8246,"416,981.07",3.4061,100
"Miami, FL",Pipe,3000 kg/day,Medium,0.19,0.0255,0.0003,0.0041,1.2572,0.2978,1.8275,"440,146.69",3.3825,100
"Miami, FL",Pipe,3000 kg/day,Medium,0.2,0.0255,0.0003,0.0041,1.2381,0.2921,1.8302,"463,312.30",3.3604,100
"Miami, FL",Pipe,3000 kg/day,Medium,0.21,0.0255,0.0003,0.0041,1.218,0.2872,1.8246,"486,477.92",3.3297,100
"Miami, FL",Pipe,3000 kg/day,Medium,0.22,0.0255,0.0003,0.0041,1.1975,0.2829,1.8271,"509,643.53",3.3075,100
"Miami, FL",Pipe,3000 kg/day,Medium,0.23,0.0255,0.0003,0.0041,1.182,0.279,1.8295,"532,809.15",3.2904,100
"Miami, FL",Pipe,3000 kg/day,Medium,0.24,0.0255,0.0003,0.0041,1.1654,0.2755,1.8246,"555,974.76",3.2654,100
"Miami, FL",Pipe,3000 kg/day,Medium,0.25,0.0255,0.0003,0.0041,1.1522,0.2715,1.8268,"579,140.38",3.2505,100
"Miami, FL",Pipe,3000 kg/day,Medium,0.26,0.0255,0.0003,0.0041,1.138,0.2684,1.8224,"602,305.99",3.2288,100
"Miami, FL",Pipe,3000 kg/day,Medium,0.27,0.0255,0.0003,0.0041,1.1267,0.2655,1.8246,"625,471.61",3.2167,100
"Miami, FL",Pipe,3000 kg/day,Medium,0.28,0.0255,0.0003,0.0041,1.1162,0.2628,1.8266,"648,637.22",3.2056,100
"Miami, FL",Pipe,3000 kg/day,Medium,0.29,0.0255,0.0003,0.0041,1.1047,0.2604,1.8226,"671,802.84",3.1876,100
"Miami, FL",Pipe,3000 kg/day,Medium,0.3,0.0255,0.0003,0.0041,1.0955,0.2583,1.8246,"694,968.46",3.1783,100
"Miami, FL",Pipe,3000 kg/day,Medium,0.31,0.0255,0.0003,0.0041,1.0869,0.2552,1.8264,"718,134.07",3.1685,100
"Miami, FL",Pipe,3000 kg/day,Medium,0.32,0.0255,0.0003,0.0041,1.0774,0.2531,1.8228,"741,299.69",3.1533,100
"Miami, FL",Pipe,3000 kg/day,Medium,0.33,0.0255,0.0003,0.0041,1.0699,0.2512,1.8246,"764,465.30",3.1457,100
"Miami, FL",Pipe,3000 kg/day,Medium,0.34,0.0255,0.0003,0.0041,1.0629,0.2494,1.8262,"787,630.92",3.1386,100
"Miami, FL",Pipe,3000 kg/day,Medium,0.35,0.0255,0.0003,0.0041,1.055,0.2478,1.8229,"810,796.53",3.1257,100
"Miami, FL",Pipe,3000 kg/day,Medium,0.36,0.0255,0.0003,0.0041,1.0488,0.2462,1.8246,"833,962.15",3.1195,100
"Miami, FL",Pipe,3000 kg/day,Medium,0.37,0.0255,0.0003,0.0041,1.0429,0.2439,1.8261,"857,127.76",3.1129,100
"Miami, FL",Pipe,3000 kg/day,Medium,0.38,0.0255,0.0003,0.0041,1.0362,0.2424,1.8231,"880,293.38",3.1017,100
"Miami, FL",Pipe,3000 kg/day,Medium,0.39,0.0255,0.0003,0.0041,1.031,0.2409,1.8246,"903,458.99",3.0965,100
"Miami, FL",Pipe,3000 kg/day,Medium,0.4,0.0255,0.0003,0.0041,1.0262,0.2396,1.826,"926,624.61",3.0918,100
"Miami, FL",Pipe,3000 kg/day,Medium,0.41,0.0255,0.0003,0.0041,1.0204,0.2383,1.8232,"949,790.22",3.0819,100